ID,Date, Day Time,Time Stamp,PosX,PosY,PosZ,Roll(X),Pitch(Y),Yaw(Z),Movement State,Flying State,Velocity,Stamina,Number of Objects Detected,ObjectXPosX,ObjectXPosY,ObjectXPosZ,ObjectXType,Zone,Note
Movement,19/5/2024,11:24:13,0.0,-38811.157264,12121.167879,9170.568181,0.0,0.0,0.0,Walking,Ascending,0,0,0,0.0,0.0,-0.005912,,,
Movement,19/5/2024,11:24:14,0.807649,-38811.157264,12121.167879,9170.568181,0.0,0.0,0.0,Walking,Ascending,0,0,0,0.0,0.0,-0.005912,,,
Movement,19/5/2024,11:24:15,1.084221,-38811.157264,12121.167879,9129.766682,0.0,0.0,0.0,Walking,Ascending,455,0,0,0.0,0.0,-0.005912,,,
Movement,19/5/2024,11:24:15,1.528594,-38811.157264,12121.167879,9059.416934,0.0,0.0,0.0,Walking,Ascending,0,0,0,0.0,0.0,-0.005912,,,
Movement,19/5/2024,11:24:16,2.019787,-38811.157264,12121.167879,9059.416934,0.0,0.0,0.0,Walking,Ascending,0,0,0,0.0,0.0,-0.005912,,,
Movement,19/5/2024,11:24:16,2.543339,-38811.157264,12121.167879,9059.416934,0.0,0.0,0.0,Walking,Ascending,0,0,0,0.0,0.0,-0.005912,,,
Movement,19/5/2024,11:24:17,3.027353,-38811.157264,12121.167879,9059.416934,0.0,0.0,0.0,Walking,Ascending,0,0,0,0.0,0.0,-0.005912,,,
Movement,19/5/2024,11:24:17,3.509607,-38811.157264,12121.167879,9059.416934,0.0,0.0,0.0,Walking,Ascending,0,0,0,0.0,0.0,-0.005912,,,
Movement,19/5/2024,11:24:18,4.030988,-38811.157264,12121.167879,9059.416934,0.0,0.0,0.0,Walking,Ascending,0,0,0,0.0,0.0,-0.005912,,,
Movement,19/5/2024,11:24:18,4.513326,-38811.157264,12121.167879,9059.416934,0.0,0.0,0.0,Walking,Ascending,0,0,0,0.0,0.0,-0.005912,,,
Movement,19/5/2024,11:24:19,5.020794,-38811.157264,12121.167879,9059.416934,0.0,0.0,0.0,Walking,Ascending,0,0,0,0.0,0.0,-0.005912,,,
Movement,19/5/2024,11:24:19,5.518744,-38811.157264,12121.167879,9059.416934,0.0,0.0,0.0,Walking,Ascending,0,0,0,0.0,0.0,-0.005912,,,
Movement,19/5/2024,11:24:20,6.060936,-38718.84795,12130.680702,9168.000643,0.0,0.0,0.0,Walking,Ascending,487,0,0,0.0,0.0,5.587174,,,
Movement,19/5/2024,11:24:20,6.514823,-38610.851403,12141.245448,9099.382356,0.0,0.0,0.0,Walking,Ascending,766,0,0,0.0,0.0,5.587174,,,
Movement,19/5/2024,11:24:21,7.015236,-38493.283508,12138.104038,8923.710223,0.0,0.0,0.0,Walking,Ascending,240,0,0,0.0,0.0,-11.890564,,,
Movement,19/5/2024,11:24:21,7.523955,-38372.47558,12124.896555,8955.908083,0.0,0.0,0.0,Walking,Ascending,239,0,0,0.0,0.0,-4.675515,,,
Movement,19/5/2024,11:24:22,8.009372,-38253.764152,12123.478452,8987.482741,0.0,0.0,0.0,Walking,Ascending,239,0,0,0.0,0.0,1.737403,,,
Movement,19/5/2024,11:24:22,8.509026,-38135.994584,12127.405724,9099.031471,0.0,0.0,0.0,Walking,Ascending,386,0,0,0.0,0.0,1.910426,,,
Movement,19/5/2024,11:24:23,9.02741,-38011.978779,12131.542345,9023.710222,0.0,0.0,0.0,Walking,Ascending,240,0,0,0.0,0.0,1.910426,,,
Movement,19/5/2024,11:24:23,9.529929,-37898.317075,12170.844184,9023.710222,0.0,0.0,0.0,Walking,Ascending,239,0,0,0.0,0.0,18.629892,,,
Movement,19/5/2024,11:24:24,10.030241,-37795.523339,12192.645562,9023.710222,0.0,0.0,0.0,Walking,Ascending,32,0,0,0.0,0.0,9.341505,,,
Movement,19/5/2024,11:24:24,10.531446,-37795.523339,12192.645562,9023.710222,0.0,0.0,0.0,Walking,Ascending,0,0,0,0.0,0.0,9.341505,,,
Movement,19/5/2024,11:24:25,11.020541,-37795.523339,12192.645562,9023.710222,0.0,0.0,0.0,Walking,Ascending,0,0,0,0.0,0.0,9.341505,,,
Movement,19/5/2024,11:24:25,11.510477,-37795.523339,12192.645562,9023.710222,0.0,0.0,0.0,Walking,Ascending,0,0,0,0.0,0.0,9.341505,,,

Movement,19/5/2024,11:24:26,12.030821,-37795.523339,12192.645562,9023.710222,0.0,0.0,0.0,Walking,Ascending,0,0,0,0.0,0.0,9.341505,,,
Movement,19/5/2024,11:24:26,12.516496,-37795.523339,12192.645562,9023.710222,0.0,0.0,0.0,Walking,Ascending,0,0,0,0.0,0.0,9.341505,,,
Movement,19/5/2024,11:24:27,13.048115,-37832.493848,12113.988913,9023.710222,0.0,0.0,0.0,Walking,Ascending,239,0,0,0.0,0.0,-66.672424,,,
Movement,19/5/2024,11:24:27,13.521033,-37731.277205,12090.161844,9023.710222,0.0,0.0,0.0,Walking,Ascending,239,0,0,0.0,0.0,25.090986,,,
Movement,19/5/2024,11:24:28,14.017809,-37756.491075,12134.475758,9023.710222,0.0,0.0,0.0,Walking,Ascending,240,0,0,0.0,0.0,-105.862244,,,
Movement,19/5/2024,11:24:28,14.521441,-37659.445105,12099.033701,9023.710222,0.0,0.0,0.0,Walking,Ascending,239,0,0,0.0,0.0,2.528643,,,
Movement,19/5/2024,11:24:29,15.018743,-37540.358453,12104.29278,9119.793956,0.0,0.0,0.0,Walking,Ascending,456,0,0,0.0,0.0,2.528643,,,
Movement,19/5/2024,11:24:29,15.51225,-37421.50439,12109.79339,9148.086051,0.0,0.0,0.0,Walking,Ascending,284,0,0,0.0,0.0,2.70119,,,
Movement,19/5/2024,11:24:30,16.018696,-37320.237953,12105.789247,9025.178322,0.0,0.0,0.0,Walking,Ascending,0,0,0,0.0,0.0,-9.407349,,,
Movement,19/5/2024,11:24:30,16.511647,-37253.534689,12033.785606,9109.035671,0.0,0.0,0.0,Walking,Ascending,519,0,0,0.0,0.0,-21.538696,,,
Movement,19/5/2024,11:24:31,17.028033,-37148.812641,12084.537013,9215.696822,0.0,0.0,0.0,Walking,Ascending,297,0,0,0.0,0.0,42.041042,,,
Movement,19/5/2024,11:24:31,17.522497,-37038.234432,12097.945458,9108.629376,0.0,0.0,0.0,Walking,Ascending,531,0,0,0.0,0.0,30.327883,,,
Movement,19/5/2024,11:24:32,18.023809,-36969.638935,12193.607054,9112.574613,0.0,0.0,0.0,Walking,Ascending,772,0,0,0.0,0.0,35.998592,,,
Movement,19/5/2024,11:24:32,18.51656,-36856.777512,12177.628583,9163.521034,0.0,0.0,0.0,Walking,Ascending,580,0,0,0.0,0.0,-21.779449,,,
Movement,19/5/2024,11:24:33,19.008361,-36741.823066,12166.467089,9151.92536,0.0,0.0,0.0,Walking,Ascending,247,0,0,0.0,0.0,4.099957,,,
Movement,19/5/2024,11:24:33,19.516739,-36620.531871,12162.151857,9027.094538,0.0,0.0,0.0,Walking,Ascending,239,0,0,0.0,0.0,-11.435669,,,
Movement,19/5/2024,11:24:34,20.02984,-36500.276027,12137.659787,9116.431078,0.0,0.0,0.0,Walking,Ascending,492,0,0,0.0,0.0,-11.528442,,,
Movement,19/5/2024,11:24:34,20.523305,-36383.647758,12114.081112,9143.419434,0.0,0.0,0.0,Walking,Ascending,295,0,0,0.0,0.0,-11.36142,,,
Movement,19/5/2024,11:24:35,21.011398,-36269.504674,12091.14583,9023.710141,0.0,0.0,0.0,Walking,Ascending,240,0,0,0.0,0.0,-11.36142,,,
Movement,19/5/2024,11:24:35,21.520601,-36149.174645,12070.718403,9121.960733,0.0,0.0,0.0,Walking,Ascending,443,0,0,0.0,0.0,-1.136597,,,

ID,Date, Day Time,Time Stamp,PosX,PosY,PosZ,Roll(X),Pitch(Y),Yaw(Z),Movement State,Flying State,Velocity,Stamina,Number of Objects Detected,ObjectXPosX,ObjectXPosY,ObjectXPosZ,ObjectXType,Zone,Note
Movement,19/5/2024,11:28:14,0.0,-38811.157264,12121.167879,9170.568181,0.0,0.0,0.0,Walking,Ascending,0,0,0,0.0,0.0,-0.005912,,,
Movement,19/5/2024,11:28:15,0.629209,-38811.157264,12121.167879,9170.568181,0.0,0.0,0.0,Walking,Ascending,0,0,0,0.0,0.0,-0.005912,,,
Movement,19/5/2024,11:28:15,1.031646,-38811.157264,12121.167879,9168.709887,0.0,0.0,0.0,Walking,Ascending,97,0,0,0.0,0.0,-0.005912,,,
Movement,19/5/2024,11:28:15,1.52341,-38811.157264,12121.167879,9059.41694,0.0,0.0,0.0,Walking,Ascending,0,0,0,0.0,0.0,-0.005912,,,
Movement,19/5/2024,11:28:17,2.013753,-38811.157264,12121.167879,9059.41694,0.0,0.0,0.0,Walking,Ascending,0,0,0,0.0,0.0,-0.005912,,,
Movement,19/5/2024,11:28:17,2.516355,-38811.157264,12121.167879,9059.41694,0.0,0.0,0.0,Walking,Ascending,0,0,0,0.0,0.0,-0.005912,,,
Movement,19/5/2024,11:28:17,3.02311,-38737.153048,12164.789432,9178.73367,0.0,0.0,0.0,Walking,Ascending,296,0,0,0.0,0.0,-0.190277,,,
Movement,19/5/2024,11:28:18,3.527483,-38619.743881,12155.864681,8957.006564,0.0,0.0,0.0,Walking,Ascending,1103,0,0,0.0,0.0,-5.38855,,,
Movement,19/5/2024,11:28:18,4.028837,-38499.096798,12155.547174,9049.298739,0.0,0.0,0.0,Walking,Ascending,240,0,0,0.0,0.0,2.587732,,,
Movement,19/5/2024,11:28:19,4.524477,-38380.685007,12160.898816,9016.374878,0.0,0.0,0.0,Walking,Ascending,594,0,0,0.0,0.0,2.587732,,,
Movement,19/5/2024,11:28:19,5.010264,-38264.165652,12166.164929,8985.190636,0.0,0.0,0.0,Walking,Ascending,240,0,0,0.0,0.0,2.587732,,,
Movement,19/5/2024,11:28:20,5.531008,-38139.569134,12171.796091,9082.540755,0.0,0.0,0.0,Walking,Ascending,464,0,0,0.0,0.0,2.587732,,,
Movement,19/5/2024,11:28:20,6.01471,-38023.364481,12177.047981,9023.710224,0.0,0.0,0.0,Walking,Ascending,239,0,0,0.0,0.0,2.587732,,,
Movement,19/5/2024,11:28:21,6.527755,-37901.052463,12186.283422,9023.710224,0.0,0.0,0.0,Walking,Ascending,240,0,0,0.0,0.0,8.751669,,,
Movement,19/5/2024,11:28:21,7.01295,-37820.291445,12201.274938,9023.710224,0.0,0.0,0.0,Walking,Ascending,0,0,0,0.0,0.0,26.562939,,,
Movement,19/5/2024,11:28:22,7.527538,-37820.291445,12201.274938,9023.710224,0.0,0.0,0.0,Walking,Ascending,0,0,0,0.0,0.0,26.562939,,,
Movement,19/5/2024,11:28:22,8.010924,-37820.291445,12201.274938,9023.710224,0.0,0.0,0.0,Walking,Ascending,0,0,0,0.0,0.0,26.562939,,,
Movement,19/5/2024,11:28:23,8.508461,-37820.291445,12201.274938,9076.593468,0.0,0.0,0.0,Walking,Ascending,608,0,0,0.0,0.0,26.562939,,,
Movement,19/5/2024,11:28:23,9.022507,-37820.291445,12201.274938,9054.492615,0.0,0.0,0.0,Walking,Ascending,695,0,0,0.0,0.0,26.562939,,,
Movement,19/5/2024,11:28:24,9.517685,-37739.049625,12168.253656,9023.710221,0.0,0.0,0.0,Walking,Ascending,240,0,0,0.0,0.0,-18.336884,,,
Movement,19/5/2024,11:28:24,10.027377,-37618.806506,12143.462714,9023.710221,0.0,0.0,0.0,Walking,Ascending,239,0,0,0.0,0.0,-10.841553,,,
Movement,19/5/2024,11:28:25,10.533322,-37499.64913,12140.36647,9150.891358,0.0,0.0,0.0,Walking,Ascending,258,0,0,0.0,0.0,-0.844238,,,
Movement,19/5/2024,11:28:25,11.016737,-37384.046967,12138.435481,9025.178322,0.0,0.0,0.0,Walking,Ascending,239,0,0,0.0,0.0,-0.961021,,,
Movement,19/5/2024,11:28:26,11.523463,-37291.202137,12075.252149,9102.206024,0.0,0.0,0.0,Walking,Ascending,552,0,0,0.0,0.0,-62.702911,,,

ID,Date, Day Time,Time Stamp,PosX,PosY,PosZ,Roll(X),Pitch(Y),Yaw(Z),Movement State,Flying State,Velocity,Stamina,Number of Objects Detected,ObjectXPosX,ObjectXPosY,ObjectXPosZ,ObjectXType,Zone,Note
Movement,19/5/2024,11:39:54,0.0,32609.986736,8630.722169,6232.359202,0.0,0.0,0.0,Walking,Ascending,0,0,0,0.0,0.0,-0.005912,,,
Movement,19/5/2024,11:39:55,0.71076,32609.986736,8630.722169,6232.359202,0.0,0.0,0.0,Walking,Ascending,0,0,0,0.0,0.0,-0.005912,,,
Movement,19/5/2024,11:39:55,1.040089,32609.986736,8630.722169,6229.019018,0.0,0.0,0.0,Walking,Ascending,130,0,0,0.0,0.0,-0.005912,,,
Movement,19/5/2024,11:39:56,1.547724,32609.986736,8630.722169,5880.425031,0.0,0.0,0.0,Walking,Ascending,0,0,0,0.0,0.0,-0.005912,,,
Movement,19/5/2024,11:39:56,2.04487,32609.986736,8630.722169,5880.425031,0.0,0.0,0.0,Walking,Ascending,0,0,0,0.0,0.0,-0.005912,,,
Movement,19/5/2024,11:39:57,2.533955,32609.986736,8630.722169,5880.425031,0.0,0.0,0.0,Walking,Ascending,0,0,0,0.0,0.0,-0.005912,,,
Movement,19/5/2024,11:39:57,3.038837,32609.986736,8630.722169,5880.425031,0.0,0.0,0.0,Walking,Ascending,0,0,0,0.0,0.0,-0.005912,,,
Movement,19/5/2024,11:39:58,3.552231,32609.986736,8630.722169,5880.425031,0.0,0.0,0.0,Walking,Ascending,0,0,0,0.0,0.0,-0.005912,,,
Movement,19/5/2024,11:39:58,4.036522,32641.649506,8677.792145,5880.425031,0.0,0.0,0.0,Walking,Ascending,240,0,0,0.0,0.0,29.051409,,,
Movement,19/5/2024,11:39:59,4.539555,32765.372422,8693.819764,6015.611787,0.0,0.0,0.0,TakeOff,Hovering,599,0,0,0.0,0.0,10.905457,,,
Dash,19/5/2024,11:39:59,4.940051,32954.851923,8730.938326,6049.107628,0.0,0.0,0.0,,Gliding,600,0,0,0.0,0.0,13.004598,,,
Movement,19/5/2024,11:39:59,5.095211,33119.747096,8766.612726,6107.678348,0.0,0.0,0.0,Flying,Gliding,608,0,0,0.0,0.0,13.720321,,,
Dash,19/5/2024,11:40:0,5.532158,33365.193476,8804.801523,6215.619292,0.0,0.0,0.0,,Gliding,1248,0,0,0.0,0.0,5.278441,,,
Movement,19/5/2024,11:40:0,5.532158,33405.847807,8811.812327,6227.913872,0.0,0.0,0.0,Flying,Gliding,1251,0,0,0.0,0.0,5.278441,,,
Movement,19/5/2024,11:40:0,6.031316,34018.389443,8888.471366,6197.596861,0.0,0.0,0.0,Flying,Descending,1285,0,0,0.0,0.0,5.278441,,,
Dash,19/5/2024,11:40:1,6.447339,34690.948278,8953.251572,6064.522877,0.0,0.0,0.0,,Gliding,1883,0,0,0.0,0.0,5.278441,,,
Movement,19/5/2024,11:40:1,6.577012,35055.266349,8987.372051,6000.377361,0.0,0.0,0.0,Flying,Descending,1876,0,0,0.0,0.0,5.663644,,,
Movement,19/5/2024,11:40:1,7.034326,35902.303067,9096.80521,5984.368711,0.0,0.0,0.0,Flying,Ascending,2382,0,0,0.0,0.0,9.360601,,,
Dash,19/5/2024,11:40:1,7.137127,36076.797554,9122.978813,6018.424705,0.0,0.0,0.0,,Gliding,2361,0,0,0.0,0.0,9.360601,,,
Movement,19/5/2024,11:40:2,7.543994,37020.7107,9273.632792,6285.666105,0.0,0.0,0.0,Flying,Ascending,2248,0,0,0.0,0.0,9.360601,,,
Movement,19/5/2024,11:40:2,8.036388,38151.05467,9459.43276,6653.238424,0.0,0.0,0.0,Flying,Gliding,2395,0,0,0.0,0.0,9.485927,,,
Dash,19/5/2024,11:40:2,8.094066,38215.156174,9470.059631,6673.629154,0.0,0.0,0.0,,Gliding,2387,0,0,0.0,0.0,9.546329,,,
Movement,19/5/2024,11:40:3,8.554312,39330.046026,9657.903172,6944.533762,0.0,0.0,0.0,Flying,Gliding,2854,0,0,0.0,0.0,9.694636,,,
Movement,19/5/2024,11:40:3,9.04598,40353.209235,9944.552231,7066.77344,0.0,0.0,0.0,Flying,Descending,2082,0,0,0.0,0.0,30.058363,,,
Movement,19/5/2024,11:40:4,9.53271,41238.952671,10381.80895,6893.422579,0.0,0.0,0.0,Flying,Descending,2056,0,0,0.0,0.0,21.722744,,,
Movement,19/5/2024,11:40:4,10.03384,42173.605858,10619.772105,6667.718015,0.0,0.0,0.0,Flying,Gliding,1960,0,0,0.0,0.0,-21.805542,,,
Movement,19/5/2024,11:40:5,10.538026,43107.229064,10448.938716,6472.584775,0.0,0.0,0.0,Flying,Descending,1862,0,0,0.0,0.0,0.980865,,,
Dash,19/5/2024,11:40:5,10.625299,43213.171366,10434.454678,6448.8109,0.0,0.0,0.0,,Gliding,1860,0,0,0.0,0.0,2.870799,,,
Movement,19/5/2024,11:40:5,11.066178,44026.695501,10396.62102,6133.755097,0.0,0.0,0.0,Flying,Descending,1855,0,0,0.0,0.0,-1.710388,,,
Movement,19/5/2024,11:40:6,11.544698,44782.591759,10379.461538,5489.438552,0.0,0.0,0.0,Flying,Descending,2080,0,0,0.0,0.0,-2.426483,,,

ID,Date, Day Time,Time Stamp,PosX,PosY,PosZ,Roll(X),Pitch(Y),Yaw(Z),Movement State,Flying State,Velocity,Stamina,Number of Objects Detected,ObjectXPosX,ObjectXPosY,ObjectXPosZ,ObjectXType,Zone,Note
Movement,19/5/2024,11:40:41,0.0,32609.986736,8630.722169,6232.359202,0.0,0.0,0.0,Walking,Ascending,0,0,0,0.0,0.0,-0.005912,,,
Movement,19/5/2024,11:40:41,0.667878,32609.986736,8630.722169,6232.359202,0.0,0.0,0.0,Walking,Ascending,0,0,0,0.0,0.0,-0.005912,,,
Movement,19/5/2024,11:40:42,1.04434,32609.986736,8630.722169,6228.503796,0.0,0.0,0.0,Walking,Ascending,140,0,0,0.0,0.0,-0.005912,,,
Movement,19/5/2024,11:40:42,1.55042,32613.907866,8643.254285,5880.425254,0.0,0.0,0.0,Walking,Ascending,239,0,0,0.0,0.0,66.751465,,,
Movement,19/5/2024,11:40:43,2.041018,32709.533794,8714.32418,5995.438393,0.0,0.0,0.0,TakeOff,Hovering,599,0,0,0.0,0.0,14.336104,,,
Dash,19/5/2024,11:40:43,2.211591,32732.824497,8720.549299,6070.031858,0.0,0.0,0.0,,Gliding,599,0,0,0.0,0.0,14.398399,,,
Dash,19/5/2024,11:40:43,2.470494,32883.232584,8758.089328,6072.633338,0.0,0.0,0.0,,Gliding,599,0,0,0.0,0.0,15.011776,,,
Movement,19/5/2024,11:40:43,2.546857,32939.869937,8772.835213,6086.208083,0.0,0.0,0.0,Flying,Ascending,599,0,0,0.0,0.0,15.362107,,,
Dash,19/5/2024,11:40:44,2.91172,33262.312216,8842.553455,6189.534368,0.0,0.0,0.0,,Gliding,1206,0,0,0.0,0.0,2.97558,,,
Movement,19/5/2024,11:40:44,3.038866,33446.189735,8868.796582,6203.2222,0.0,0.0,0.0,Flying,Descending,1219,0,0,0.0,0.0,2.696806,,,
Movement,19/5/2024,11:40:44,3.562332,34190.112303,8927.551758,6060.060964,0.0,0.0,0.0,Flying,Gliding,1826,0,0,0.0,0.0,6.564471,,,
Dash,19/5/2024,11:40:44,3.619407,34237.23987,8931.794857,6049.447323,0.0,0.0,0.0,,Gliding,1822,0,0,0.0,0.0,6.594211,,,
Movement,19/5/2024,11:40:45,4.041179,35030.912837,9007.33133,6019.696882,0.0,0.0,0.0,Flying,Gliding,1747,0,0,0.0,0.0,6.595513,,,
Dash,19/5/2024,11:40:45,4.223565,35313.139313,9038.645306,6043.756503,0.0,0.0,0.0,,Gliding,2317,0,0,0.0,0.0,6.595513,,,
Movement,19/5/2024,11:40:45,4.537398,36076.193376,9126.956731,6124.759672,0.0,0.0,0.0,Flying,Gliding,2230,0,0,0.0,0.0,9.558408,,,
Dash,19/5/2024,11:40:45,4.850254,36689.648444,9228.424848,6211.610532,0.0,0.0,0.0,,Gliding,2160,0,0,0.0,0.0,12.833212,,,
Movement,19/5/2024,11:40:46,5.05299,37205.414985,9333.184862,6315.343539,0.0,0.0,0.0,Flying,Ascending,2471,0,0,0.0,0.0,12.833212,,,
Movement,19/5/2024,11:40:46,5.551042,38347.55028,9587.20206,6570.466186,0.0,0.0,0.0,Flying,Ascending,2333,0,0,0.0,0.0,12.833212,,,
Movement,19/5/2024,11:40:47,6.033625,39446.306802,9837.249239,6813.950484,0.0,0.0,0.0,Flying,Descending,2096,0,0,0.0,0.0,12.958936,,,
Movement,19/5/2024,11:40:47,6.545332,40487.365304,10076.261416,6775.938486,0.0,0.0,0.0,Flying,Gliding,2051,0,0,0.0,0.0,12.948841,,,
Movement,19/5/2024,11:40:48,7.055694,41467.148961,10300.377586,6762.099129,0.0,0.0,0.0,Flying,Gliding,1943,0,0,0.0,0.0,12.820539,,,
Movement,19/5/2024,11:40:48,7.540797,42413.002446,10417.172881,6737.140639,0.0,0.0,0.0,Flying,Descending,2211,0,0,0.0,0.0,7.877247,,,
Movement,19/5/2024,11:40:49,8.040623,43630.188895,10459.431478,6529.174601,0.0,0.0,0.0,Flying,Descending,2533,0,0,0.0,0.0,7.877247,,,
Movement,19/5/2024,11:40:49,8.540417,44888.802881,10475.513185,6318.552059,0.0,0.0,0.0,Flying,Gliding,2532,0,0,0.0,0.0,3.620744,,,
Movement,19/5/2024,11:40:50,9.037828,46122.230536,10355.663835,6165.264587,0.0,0.0,0.0,Flying,Gliding,2528,0,0,0.0,0.0,-3.078217,,,
Movement,19/5/2024,11:40:50,9.547243,47367.3859,10073.343877,6041.449559,0.0,0.0,0.0,Flying,Descending,2530,0,0,0.0,0.0,-6.394897,,,
Movement,19/5/2024,11:40:51,10.053667,48534.582829,9786.763676,5580.32022,0.0,0.0,0.0,Flying,Descending,2535,0,0,0.0,0.0,-7.108795,,,
Movement,19/5/2024,11:40:51,10.553085,49532.195372,9513.726111,4850.000117,0.0,0.0,0.0,Flying,Descending,2535,0,0,0.0,0.0,-7.084259,,,
Movement,19/5/2024,11:40:52,11.050681,50485.227073,9260.20553,4060.613483,0.0,0.0,0.0,Flying,Descending,2536,0,0,0.0,0.0,-7.084259,,,
Movement,19/5/2024,11:40:52,11.546798,51410.322196,9021.509554,3246.456879,0.0,0.0,0.0,Flying,Descending,2535,0,0,0.0,0.0,-7.539978,,,

Movement,19/5/2024,11:40:53,12.035023,52317.947699,8782.625452,2422.803312,0.0,0.0,0.0,Flying,Descending,2540,0,0,0.0,0.0,-13.285583,,,
Movement,19/5/2024,11:40:53,12.557285,53217.960343,8514.194976,1520.867693,0.0,0.0,0.0,Flying,Descending,2481,0,0,0.0,0.0,-25.984283,,,
Movement,19/5/2024,11:40:54,13.033333,53917.032827,8215.006584,626.779741,0.0,0.0,0.0,Flying,Descending,2533,0,0,0.0,0.0,-25.979828,,,
Dash,19/5/2024,11:40:54,13.112371,54005.646649,8179.945187,531.543901,0.0,0.0,0.0,,Gliding,2500,0,0,0.0,0.0,-25.143127,,,
Movement,19/5/2024,11:40:54,13.54629,54693.48167,7795.668251,-336.791251,0.0,0.0,0.0,Flying,Gliding,2531,0,0,0.0,0.0,-18.84491,,,
Movement,19/5/2024,11:40:55,14.059936,55407.865489,7377.150558,-1354.139703,0.0,0.0,0.0,Flying,Gliding,2529,0,0,0.0,0.0,-5.853973,,,
Movement,19/5/2024,11:40:55,14.55937,56209.367927,7111.079059,-2297.39094,0.0,0.0,0.0,Flying,Gliding,2527,0,0,0.0,0.0,11.900296,,,
Movement,19/5/2024,11:40:56,15.033967,57010.533329,6927.333775,-3187.379078,0.0,0.0,0.0,Flying,Gliding,2533,0,0,0.0,0.0,12.075436,,,
Movement,19/5/2024,11:40:56,15.539263,57906.897556,6912.151443,-4075.025435,0.0,0.0,0.0,Flying,Ascending,2525,0,0,0.0,0.0,30.117956,,,
Movement,19/5/2024,11:40:57,16.039288,58843.107897,7133.621238,-4890.034344,0.0,0.0,0.0,Flying,Ascending,2521,0,0,0.0,0.0,37.863178,,,
Movement,19/5/2024,11:40:57,16.551776,59804.917987,7509.063768,-5673.970617,0.0,0.0,0.0,Flying,Gliding,2523,0,0,0.0,0.0,37.865955,,,
Movement,19/5/2024,11:40:58,17.05199,60774.788281,7957.278692,-6404.282108,0.0,0.0,0.0,Flying,Gliding,2535,0,0,0.0,0.0,37.865955,,,
Movement,19/5/2024,11:40:58,17.555394,61728.49684,8439.32791,-7023.191538,0.0,0.0,0.0,Flying,Gliding,2524,0,0,0.0,0.0,37.868465,,,
Movement,19/5/2024,11:40:59,18.039746,62644.055814,9082.975126,-7530.122725,0.0,0.0,0.0,Flying,Ascending,2527,0,0,0.0,0.0,38.066448,,,
Movement,19/5/2024,11:40:59,18.537421,63486.904998,9928.04364,-7634.462803,0.0,0.0,0.0,Flying,Ascending,2474,0,0,0.0,0.0,37.284836,,,
Movement,19/5/2024,11:41:0,19.055348,64378.316991,10423.56604,-6927.718866,0.0,0.0,0.0,Flying,Gliding,2368,0,0,0.0,0.0,-0.271484,,,
Dash,19/5/2024,11:41:0,19.293593,64759.942562,10473.318172,-6611.543184,0.0,0.0,0.0,,Gliding,2358,0,0,0.0,0.0,-16.838135,,,
Movement,19/5/2024,11:41:0,19.560405,65352.890434,10423.673128,-6261.920313,0.0,0.0,0.0,Flying,Descending,2327,0,0,0.0,0.0,-1.134003,,,
Dash,19/5/2024,11:41:1,19.860741,65957.796099,10386.473733,-6006.543134,0.0,0.0,0.0,,Gliding,2476,0,0,0.0,0.0,3.556435,,,
Movement,19/5/2024,11:41:1,20.045615,66441.614394,10389.725369,-5821.849546,0.0,0.0,0.0,Flying,Gliding,2416,0,0,0.0,0.0,2.834297,,,
Dash,19/5/2024,11:41:1,20.203549,66730.380817,10397.901807,-5700.86897,0.0,0.0,0.0,,Gliding,2380,0,0,0.0,0.0,2.042797,,,
Dash,19/5/2024,11:41:1,20.421032,67174.486806,10409.806397,-5449.884825,0.0,0.0,0.0,,Gliding,2322,0,0,0.0,0.0,-6.243042,,,
Movement,19/5/2024,11:41:1,20.548935,67488.108587,10393.05938,-5232.874525,0.0,0.0,0.0,Flying,Ascending,2484,0,0,0.0,0.0,-10.638702,,,
Dash,19/5/2024,11:41:1,20.661004,67653.452007,10380.367098,-5104.006251,0.0,0.0,0.0,,Gliding,2460,0,0,0.0,0.0,-10.638702,,,
Dash,19/5/2024,11:41:2,20.947289,68174.396042,10310.839831,-4654.291512,0.0,0.0,0.0,,Gliding,2380,0,0,0.0,0.0,-10.530121,,,
Movement,19/5/2024,11:41:2,21.048796,68401.104141,10272.945878,-4451.172475,0.0,0.0,0.0,Flying,Gliding,2345,0,0,0.0,0.0,-10.281433,,,
Dash,19/5/2024,11:41:2,21.407327,69048.849181,10158.445464,-4001.549558,0.0,0.0,0.0,,Gliding,2469,0,0,0.0,0.0,-10.209167,,,
Movement,19/5/2024,11:41:2,21.557033,69426.515519,10092.543292,-3803.57673,0.0,0.0,0.0,Flying,Ascending,2419,0,0,0.0,0.0,-8.397919,,,
Dash,19/5/2024,11:41:3,21.929601,70093.494293,9991.666711,-3344.107781,0.0,0.0,0.0,,Gliding,2325,0,0,0.0,0.0,-6.985596,,,

Movement,19/5/2024,11:41:3,22.056305,70370.847472,9954.706643,-3094.052461,0.0,0.0,0.0,Flying,Ascending,2492,0,0,0.0,0.0,-6.401367,,,
Movement,19/5/2024,11:41:3,22.557507,71337.203206,9962.456414,-2361.913619,0.0,0.0,0.0,Flying,Descending,2402,0,0,0.0,0.0,4.3046,,,
Dash,19/5/2024,11:41:3,22.80085,71828.303387,9998.761373,-2217.177373,0.0,0.0,0.0,,Gliding,2370,0,0,0.0,0.0,1.370786,,,
Movement,19/5/2024,11:41:4,23.039655,72474.56391,10033.070506,-2052.434824,0.0,0.0,0.0,Flying,Ascending,2433,0,0,0.0,0.0,1.612185,,,
Dash,19/5/2024,11:41:4,23.398762,73161.629204,10056.538825,-1661.142282,0.0,0.0,0.0,,Gliding,2342,0,0,0.0,0.0,1.612185,,,
Movement,19/5/2024,11:41:4,23.550379,73503.326382,10066.70334,-1405.950012,0.0,0.0,0.0,Flying,Ascending,2293,0,0,0.0,0.0,1.612185,,,
Movement,19/5/2024,11:41:5,24.036745,74426.680212,10107.384718,-678.064339,0.0,0.0,0.0,Flying,Descending,2381,0,0,0.0,0.0,11.652887,,,
Movement,19/5/2024,11:41:5,24.558025,75593.930783,10410.804377,-315.219732,0.0,0.0,0.0,Flying,Descending,2474,0,0,0.0,0.0,23.616751,,,
Movement,19/5/2024,11:41:6,25.033995,76659.029947,10778.19416,-168.984437,0.0,0.0,0.0,Flying,Gliding,2346,0,0,0.0,0.0,-2.262573,,,
Movement,19/5/2024,11:41:6,25.555894,77762.747349,10721.790878,242.332695,0.0,0.0,0.0,Flying,Descending,2224,0,0,0.0,0.0,-6.87677,,,
Movement,19/5/2024,11:41:7,26.058489,78794.590613,10427.550386,308.626613,0.0,0.0,0.0,Flying,Gliding,2172,0,0,0.0,0.0,-49.708801,,,
Dash,19/5/2024,11:41:7,26.325459,79204.443173,10113.243703,246.819642,0.0,0.0,0.0,,Gliding,2115,0,0,0.0,0.0,-45.307983,,,
Movement,19/5/2024,11:41:7,26.554133,79613.659094,9774.469812,279.92658,0.0,0.0,0.0,Flying,Gliding,2056,0,0,0.0,0.0,-30.258514,,,
Dash,19/5/2024,11:41:8,26.884365,80153.195911,9390.676272,326.041295,0.0,0.0,0.0,,Gliding,2488,0,0,0.0,0.0,-32.130005,,,
Movement,19/5/2024,11:41:8,27.040207,80529.875966,9147.054845,291.156064,0.0,0.0,0.0,Flying,Gliding,2436,0,0,0.0,0.0,-31.453217,,,
Movement,19/5/2024,11:41:8,27.540768,81542.10483,8517.614847,298.392371,0.0,0.0,0.0,Flying,Gliding,2898,0,0,0.0,0.0,-31.453217,,,
Movement,19/5/2024,11:41:9,28.053194,82599.781011,7873.07057,369.247773,0.0,0.0,0.0,Flying,Gliding,2356,0,0,0.0,0.0,-26.21225,,,
Movement,19/5/2024,11:41:9,28.549033,83657.787015,7479.23404,391.683406,0.0,0.0,0.0,Flying,Gliding,2228,0,0,0.0,0.0,-9.298889,,,
Movement,19/5/2024,11:41:10,29.055427,84729.366783,7268.566643,347.352121,0.0,0.0,0.0,Flying,Gliding,2107,0,0,0.0,0.0,-12.970001,,,
Movement,19/5/2024,11:41:10,29.55073,85719.850329,7055.0644,281.232437,0.0,0.0,0.0,Flying,Gliding,1996,0,0,0.0,0.0,-8.471558,,,
Movement,19/5/2024,11:41:11,30.055308,86682.299272,7083.276076,211.243848,0.0,0.0,0.0,Flying,Gliding,1892,0,0,0.0,0.0,43.345646,,,
Movement,19/5/2024,11:41:11,30.55533,87277.622008,7740.836847,162.985054,0.0,0.0,0.0,Flying,Descending,1803,0,0,0.0,0.0,99.121437,,,
Movement,19/5/2024,11:41:12,31.058784,87105.549994,8569.076194,-69.757817,0.0,0.0,0.0,Flying,Descending,1802,0,0,0.0,0.0,152.735886,,,
Dash,19/5/2024,11:41:12,31.327895,86834.793423,8812.989826,-305.303815,0.0,0.0,0.0,,Gliding,1786,0,0,0.0,0.0,153.713654,,,
Movement,19/5/2024,11:41:12,31.543485,86522.411404,9008.65142,-514.111026,0.0,0.0,0.0,Flying,Gliding,1742,0,0,0.0,0.0,151.694626,,,

Movement,19/5/2024,11:41:13,32.053844,85673.492251,9472.859612,-911.079383,0.0,0.0,0.0,Flying,Gliding,2228,0,0,0.0,0.0,151.694626,,,
Movement,19/5/2024,11:41:13,32.537348,84813.167211,9937.069859,-1282.632707,0.0,0.0,0.0,Flying,Gliding,2112,0,0,0.0,0.0,151.413773,,,
Movement,19/5/2024,11:41:14,33.043563,83927.70573,10427.499645,-1573.805178,0.0,0.0,0.0,Flying,Ascending,1997,0,0,0.0,0.0,149.962189,,,
Movement,19/5/2024,11:41:14,33.551544,83067.760305,10920.657155,-1705.090344,0.0,0.0,0.0,Flying,Gliding,1891,0,0,0.0,0.0,149.706604,,,
Movement,19/5/2024,11:41:15,34.06628,82265.662498,11388.835536,-1786.616759,0.0,0.0,0.0,Flying,Gliding,1793,0,0,0.0,0.0,149.550125,,,
Dash,19/5/2024,11:41:15,34.340277,81898.578745,11604.453853,-1818.089209,0.0,0.0,0.0,,Gliding,1751,0,0,0.0,0.0,149.309174,,,
Movement,19/5/2024,11:41:15,34.543834,81563.958024,11821.372758,-1822.422347,0.0,0.0,0.0,Flying,Ascending,1717,0,0,0.0,0.0,135.620178,,,
Movement,19/5/2024,11:41:16,35.051678,81037.296414,12479.337929,-1351.246969,0.0,0.0,0.0,Flying,Ascending,2211,0,0,0.0,0.0,86.354263,,,
Movement,19/5/2024,11:41:16,35.537592,81075.41842,13100.131505,-525.091168,0.0,0.0,0.0,Flying,Descending,2098,0,0,0.0,0.0,66.856201,,,
Movement,19/5/2024,11:41:17,36.047486,81209.244474,14036.716663,-118.841642,0.0,0.0,0.0,Flying,Descending,2076,0,0,0.0,0.0,120.468719,,,
Movement,19/5/2024,11:41:17,36.543152,80938.508541,15021.867051,-211.238056,0.0,0.0,0.0,Flying,Gliding,2042,0,0,0.0,0.0,79.428856,,,
Movement,19/5/2024,11:41:18,37.038812,81213.522385,15927.018459,-359.793438,0.0,0.0,0.0,Flying,Ascending,1935,0,0,0.0,0.0,22.887613,,,
Movement,19/5/2024,11:41:18,37.543297,82055.490193,16268.49027,-294.834819,0.0,0.0,0.0,Flying,Ascending,1835,0,0,0.0,0.0,-26.903381,,,
Movement,19/5/2024,11:41:19,38.059104,82856.499111,15919.340032,-4.608145,0.0,0.0,0.0,Flying,Descending,1788,0,0,0.0,0.0,-26.501099,,,
Dash,19/5/2024,11:41:19,38.486325,83508.848519,15686.802173,-102.061113,0.0,0.0,0.0,,Gliding,1776,0,0,0.0,0.0,19.091356,,,
Movement,19/5/2024,11:41:19,38.557726,83672.785285,15690.874995,-146.302289,0.0,0.0,0.0,Flying,Gliding,1758,0,0,0.0,0.0,30.051262,,,
Movement,19/5/2024,11:41:20,39.035447,84359.520215,16150.931889,-348.265862,0.0,0.0,0.0,Flying,Ascending,2265,0,0,0.0,0.0,77.360909,,,
Dash,19/5/2024,11:41:20,39.405342,84675.561409,16841.269342,-347.744297,0.0,0.0,0.0,,Gliding,2179,0,0,0.0,0.0,68.912804,,,
Movement,19/5/2024,11:41:20,39.538048,84799.576342,17146.0432,-289.300079,0.0,0.0,0.0,Flying,Descending,2145,0,0,0.0,0.0,54.850647,,,
Movement,19/5/2024,11:41:21,40.034342,85541.277252,17949.755943,-428.708785,0.0,0.0,0.0,Flying,Gliding,2466,0,0,0.0,0.0,9.362489,,,
Dash,19/5/2024,11:41:21,40.18593,85813.837303,18074.596833,-518.834672,0.0,0.0,0.0,,Gliding,2431,0,0,0.0,0.0,9.590856,,,
Movement,19/5/2024,11:41:21,40.534485,86653.245381,18326.198677,-519.94835,0.0,0.0,0.0,Flying,Ascending,2349,0,0,0.0,0.0,14.206391,,,
Movement,19/5/2024,11:41:22,41.053628,87889.239303,18539.003122,-291.582991,0.0,0.0,0.0,Flying,Gliding,2385,0,0,0.0,0.0,-20.327362,,,
Movement,19/5/2024,11:41:22,41.5387,88941.605386,18211.65528,-333.75737,0.0,0.0,0.0,Flying,Descending,2291,0,0,0.0,0.0,-38.003723,,,
Hit,19/5/2024,11:41:22,41.682699,89208.57977,18073.748074,-415.711364,0.0,0.0,0.0,Collision,Descending,0,0,0,0.0,0.0,-23.494812,,,

Movement,19/5/2024,11:41:23,42.07989,88967.098065,18315.231209,-445.589561,0.0,0.0,0.0,Collision,Descending,708,0,0,0.0,0.0,-23.494812,,,
Movement,19/5/2024,11:41:23,42.536119,88782.854749,18499.475616,-468.385744,0.0,0.0,0.0,Collision,Descending,587,0,0,0.0,0.0,-23.494812,,,
Movement,19/5/2024,11:41:24,43.047306,88598.221135,18684.110323,-491.230234,0.0,0.0,0.0,Collision,Descending,445,0,0,0.0,0.0,-23.494812,,,
Movement,19/5/2024,11:41:24,43.549066,88475.038249,18807.293939,-584.8313,0.0,0.0,0.0,Braking,Descending,490,0,0,0.0,0.0,-23.494812,,,
Movement,19/5/2024,11:41:25,44.043178,88433.010787,18849.32165,-739.703259,0.0,0.0,0.0,Walking,Descending,0,0,0,0.0,0.0,-23.494812,,,
Movement,19/5/2024,11:41:25,44.552991,88442.81219,18762.215036,-740.615495,0.0,0.0,0.0,Walking,Descending,240,0,0,0.0,0.0,-100.34436,,,
Movement,19/5/2024,11:41:26,45.033815,88372.567845,18674.187497,-742.641707,0.0,0.0,0.0,Walking,Descending,240,0,0,0.0,0.0,-146.60231,,,
Movement,19/5/2024,11:41:26,45.554152,88308.887734,18593.925552,-745.959175,0.0,0.0,0.0,Walking,Descending,239,0,0,0.0,0.0,-47.617035,,,
Movement,19/5/2024,11:41:27,46.03626,88276.606663,18599.215388,-692.209399,0.0,0.0,0.0,Walking,Descending,652,0,0,0.0,0.0,-138.006561,,,
Dash,19/5/2024,11:41:27,46.395975,88179.922898,18507.000778,-594.707027,0.0,0.0,0.0,,Gliding,599,0,0,0.0,0.0,-137.501022,,,
Movement,19/5/2024,11:41:27,46.534371,88112.164325,18437.231021,-590.345552,0.0,0.0,0.0,Flying,Ascending,599,0,0,0.0,0.0,-123.864807,,,
Movement,19/5/2024,11:41:28,47.041965,87836.274231,18093.747675,-527.098222,0.0,0.0,0.0,Flying,Descending,1236,0,0,0.0,0.0,-126.963623,,,
Dash,19/5/2024,11:41:28,47.06806,87836.274231,18093.747675,-527.098222,0.0,0.0,0.0,,Gliding,1236,0,0,0.0,0.0,-126.963623,,,
Movement,19/5/2024,11:41:28,47.533807,87601.964665,17604.440895,-785.531508,0.0,0.0,0.0,Flying,Gliding,1264,0,0,0.0,0.0,-78.919525,,,
Movement,19/5/2024,11:41:29,48.043941,87656.811982,16804.426553,-1119.883128,0.0,0.0,0.0,Flying,Gliding,1774,0,0,0.0,0.0,-84.37207,,,
Movement,19/5/2024,11:41:29,48.536658,87734.647878,15976.110275,-1294.918849,0.0,0.0,0.0,Flying,Gliding,1688,0,0,0.0,0.0,-86.387474,,,
Dash,19/5/2024,11:41:29,48.843233,87766.079283,15523.199225,-1424.485826,0.0,0.0,0.0,,Gliding,1641,0,0,0.0,0.0,-86.231995,,,
Movement,19/5/2024,11:41:30,49.053707,87789.15023,15148.669254,-1444.0057,0.0,0.0,0.0,Flying,Ascending,1604,0,0,0.0,0.0,-90.398224,,,
Movement,19/5/2024,11:41:30,49.550733,87611.74121,14232.786265,-1384.7918,0.0,0.0,0.0,Flying,Ascending,2104,0,0,0.0,0.0,-114.749054,,,
Dash,19/5/2024,11:41:30,49.597809,87595.361666,14187.278851,-1380.876482,0.0,0.0,0.0,,Gliding,2099,0,0,0.0,0.0,-112.023788,,,
Movement,19/5/2024,11:41:31,50.049378,87443.039861,13233.420141,-1262.899152,0.0,0.0,0.0,Flying,Ascending,2590,0,0,0.0,0.0,-58.207031,,,
Movement,19/5/2024,11:41:31,50.533882,88048.681001,12318.303985,-961.213916,0.0,0.0,0.0,Flying,Ascending,2364,0,0,0.0,0.0,-14.837799,,,
Dash,19/5/2024,11:41:32,50.934933,88640.084157,12040.597346,-397.570049,0.0,0.0,0.0,,Gliding,2264,0,0,0.0,0.0,-12.45929,,,
Movement,19/5/2024,11:41:32,51.034594,88811.858671,12006.908199,-178.634838,0.0,0.0,0.0,Flying,Ascending,2271,0,0,0.0,0.0,-11.334473,,,
Movement,19/5/2024,11:41:32,51.533424,89581.074596,11877.076413,659.984259,0.0,0.0,0.0,Flying,Gliding,2475,0,0,0.0,0.0,13.288298,,,
Dash,19/5/2024,11:41:32,51.840335,90172.073314,11969.167586,999.191657,0.0,0.0,0.0,,Gliding,2395,0,0,0.0,0.0,30.327765,,,

ID,Date, Day Time,Time Stamp,PosX,PosY,PosZ,Roll(X),Pitch(Y),Yaw(Z),Movement State,Flying State,Velocity,Stamina,Number of Objects Detected,ObjectXPosX,ObjectXPosY,ObjectXPosZ,ObjectXType,Zone,Note
Movement,19/5/2024,11:47:19,0.0,32609.986736,8630.722169,6232.359202,0.0,0.0,0.0,Walking,Ascending,0,0,0,0.0,0.0,-0.005912,,,
Movement,19/5/2024,11:47:19,0.528491,32609.986736,8630.722169,6232.359202,0.0,0.0,0.0,Walking,Ascending,0,0,0,0.0,0.0,-0.005912,,,
Movement,19/5/2024,11:47:19,1.044831,32609.986736,8630.722169,6227.848166,0.0,0.0,0.0,Walking,Ascending,151,0,0,0.0,0.0,-0.005912,,,
Movement,19/5/2024,11:47:20,1.542793,32609.986736,8630.722169,5880.424917,0.0,0.0,0.0,Walking,Ascending,0,0,0,0.0,0.0,-0.005912,,,
Movement,19/5/2024,11:47:20,2.029584,32609.986736,8630.722169,5880.424917,0.0,0.0,0.0,Walking,Ascending,0,0,0,0.0,0.0,-0.005912,,,
Movement,19/5/2024,11:47:21,2.529729,32609.986736,8630.722169,5880.424917,0.0,0.0,0.0,Walking,Ascending,0,0,0,0.0,0.0,-0.005912,,,
Movement,19/5/2024,11:47:21,3.028523,32718.015195,8639.761645,5945.327511,0.0,0.0,0.0,Walking,Ascending,605,0,0,0.0,0.0,-15.150177,,,
Dash,19/5/2024,11:47:22,3.299612,32775.202311,8625.482826,6046.196458,0.0,0.0,0.0,,Gliding,600,0,0,0.0,0.0,9.209076,,,
Movement,19/5/2024,11:47:22,3.537868,32930.196749,8646.121712,6045.358998,0.0,0.0,0.0,Flying,Ascending,599,0,0,0.0,0.0,6.068575,,,
Dash,19/5/2024,11:47:22,3.688346,33004.110678,8655.109618,6061.460026,0.0,0.0,0.0,,Gliding,600,0,0,0.0,0.0,6.063966,,,
Movement,19/5/2024,11:47:22,4.041918,33328.365005,8725.971139,6286.867582,0.0,0.0,0.0,Flying,Gliding,1174,0,0,0.0,0.0,22.370462,,,
Dash,19/5/2024,11:47:23,4.265342,33519.028939,8791.509763,6412.705883,0.0,0.0,0.0,,Gliding,1186,0,0,0.0,0.0,22.759079,,,
Movement,19/5/2024,11:47:23,4.548833,33890.402411,8933.817191,6478.530911,0.0,0.0,0.0,Flying,Descending,1812,0,0,0.0,0.0,18.04059,,,
Dash,19/5/2024,11:47:23,4.857118,34344.878935,9098.336318,6335.745394,0.0,0.0,0.0,,Gliding,1816,0,0,0.0,0.0,18.04059,,,
Movement,19/5/2024,11:47:23,5.046031,34673.382566,9209.872828,6153.169842,0.0,0.0,0.0,Flying,Descending,1818,0,0,0.0,0.0,18.04059,,,
Movement,19/5/2024,11:47:24,5.527694,35471.025331,9471.50861,5665.94519,0.0,0.0,0.0,Flying,Gliding,2057,0,0,0.0,0.0,17.716253,,,
Movement,19/5/2024,11:47:24,6.035727,36430.45171,9779.261688,5574.7443,0.0,0.0,0.0,Flying,Ascending,2545,0,0,0.0,0.0,19.959236,,,
Movement,19/5/2024,11:47:25,6.55728,37484.631461,10423.335065,5746.630709,0.0,0.0,0.0,Flying,Ascending,2354,0,0,0.0,0.0,47.308689,,,
Movement,19/5/2024,11:47:25,7.034275,38075.57422,11115.934473,6277.260772,0.0,0.0,0.0,Flying,Ascending,2232,0,0,0.0,0.0,63.094112,,,
Movement,19/5/2024,11:47:26,7.541059,38261.016094,11804.45143,7097.730937,0.0,0.0,0.0,Flying,Descending,2092,0,0,0.0,0.0,104.537613,,,
Movement,19/5/2024,11:47:26,8.03643,38026.597896,12745.192913,7349.530183,0.0,0.0,0.0,Flying,Descending,2078,0,0,0.0,0.0,119.414566,,,
Movement,19/5/2024,11:47:27,8.536345,37482.2828,13424.756548,6827.69772,0.0,0.0,0.0,Flying,Descending,2063,0,0,0.0,0.0,175.213501,,,
Movement,19/5/2024,11:47:27,9.030167,36784.517263,13452.005542,6135.60186,0.0,0.0,0.0,Flying,Gliding,2008,0,0,0.0,0.0,-129.617004,,,
Movement,19/5/2024,11:47:28,9.548332,36291.194739,12822.105322,5590.168882,0.0,0.0,0.0,Flying,Ascending,1900,0,0,0.0,0.0,-79.410522,,,
Movement,19/5/2024,11:47:28,10.032094,36495.747786,12004.229024,5374.52627,0.0,0.0,0.0,Flying,Gliding,1806,0,0,0.0,0.0,-24.443909,,,
Movement,19/5/2024,11:47:29,10.535622,37265.638237,11708.25084,5162.362859,0.0,0.0,0.0,Flying,Gliding,1715,0,0,0.0,0.0,32.698418,,,
Movement,19/5/2024,11:47:29,11.042974,37962.000573,12109.53484,4999.564485,0.0,0.0,0.0,Flying,Ascending,1631,0,0,0.0,0.0,73.872856,,,
Dash,19/5/2024,11:47:30,11.313345,38127.341217,12466.025654,5016.754515,0.0,0.0,0.0,,Gliding,1592,0,0,0.0,0.0,101.640831,,,
Movement,19/5/2024,11:47:30,11.544263,38118.911466,12862.062873,5020.358173,0.0,0.0,0.0,Flying,Descending,1590,0,0,0.0,0.0,120.346931,,,
Dash,19/5/2024,11:47:30,12.019755,37775.104599,13551.904202,4692.288554,0.0,0.0,0.0,,Gliding,2076,0,0,0.0,0.0,128.071243,,,

Movement,19/5/2024,11:47:30,12.043404,37727.799096,13620.22366,4644.988693,0.0,0.0,0.0,Flying,Gliding,2065,0,0,0.0,0.0,128.069427,,,
Movement,19/5/2024,11:47:31,12.537921,37174.656246,14424.452142,4457.255954,0.0,0.0,0.0,Flying,Ascending,2493,0,0,0.0,0.0,119.882698,,,
Dash,19/5/2024,11:47:31,12.726672,36964.245167,14768.337373,4549.386184,0.0,0.0,0.0,,Gliding,2445,0,0,0.0,0.0,119.882698,,,
Movement,19/5/2024,11:47:31,13.042356,36545.697153,15433.878442,4786.81031,0.0,0.0,0.0,Flying,Gliding,2351,0,0,0.0,0.0,128.356857,,,
Dash,19/5/2024,11:47:32,13.374586,36117.875232,16025.843584,4834.538396,0.0,0.0,0.0,,Gliding,2480,0,0,0.0,0.0,128.356857,,,
Movement,19/5/2024,11:47:32,13.54356,35835.044378,16392.425838,4812.684937,0.0,0.0,0.0,Flying,Gliding,2427,0,0,0.0,0.0,128.763885,,,
Movement,19/5/2024,11:47:32,14.029629,35105.886496,17285.33752,4932.643272,0.0,0.0,0.0,Flying,Gliding,2893,0,0,0.0,0.0,131.437881,,,
Dash,19/5/2024,11:47:33,14.112511,35008.352815,17397.370765,4964.182813,0.0,0.0,0.0,,Gliding,2482,0,0,0.0,0.0,134.768845,,,
Movement,19/5/2024,11:47:33,14.527039,34344.262969,18056.38301,5065.664509,0.0,0.0,0.0,Flying,Gliding,2051,0,0,0.0,0.0,139.721405,,,
Dash,19/5/2024,11:47:33,15.031632,33421.469764,18614.751615,5050.074049,0.0,0.0,0.0,,Gliding,2440,0,0,0.0,0.0,162.353043,,,
Movement,19/5/2024,11:47:33,15.031632,33376.870321,18633.1155,5049.02917,0.0,0.0,0.0,Flying,Gliding,2435,0,0,0.0,0.0,164.215439,,,
Movement,19/5/2024,11:47:34,15.540812,32199.499281,18855.564299,5066.742307,0.0,0.0,0.0,Flying,Gliding,2297,0,0,0.0,0.0,179.791077,,,
Movement,19/5/2024,11:47:34,16.043922,31070.554956,18907.559584,5020.637273,0.0,0.0,0.0,Flying,Descending,2085,0,0,0.0,0.0,171.931458,,,
Dash,19/5/2024,11:47:35,16.454773,30370.788968,18974.559567,4622.848038,0.0,0.0,0.0,,Gliding,2059,0,0,0.0,0.0,-175.072845,,,
Movement,19/5/2024,11:47:35,16.527032,30211.346935,18976.877076,4517.389329,0.0,0.0,0.0,Flying,Gliding,2038,0,0,0.0,0.0,-171.102539,,,
Movement,19/5/2024,11:47:35,17.03331,29251.383189,18882.879918,4033.926359,0.0,0.0,0.0,Flying,Ascending,2463,0,0,0.0,0.0,-168.585251,,,
Movement,19/5/2024,11:47:36,17.527217,28126.180692,18625.712063,3822.111368,0.0,0.0,0.0,Flying,Ascending,2328,0,0,0.0,0.0,-144.128571,,,
Movement,19/5/2024,11:47:36,18.043202,27315.796957,17832.413649,3765.411359,0.0,0.0,0.0,Flying,Ascending,2196,0,0,0.0,0.0,-85.59848,,,
Movement,19/5/2024,11:47:37,18.534755,27293.758516,16797.092302,3819.884261,0.0,0.0,0.0,Flying,Ascending,2079,0,0,0.0,0.0,-64.625359,,,
Movement,19/5/2024,11:47:37,19.032698,27541.632707,15834.783903,3970.793734,0.0,0.0,0.0,Flying,Gliding,1969,0,0,0.0,0.0,-111.181366,,,
Dash,19/5/2024,11:47:38,19.141961,27529.614728,15666.743629,4001.696289,0.0,0.0,0.0,,Gliding,1950,0,0,0.0,0.0,-121.276672,,,
Movement,19/5/2024,11:47:38,19.540658,27116.412345,15008.273507,4076.547202,0.0,0.0,0.0,Flying,Descending,1913,0,0,0.0,0.0,-168.428589,,,
Movement,19/5/2024,11:47:38,20.03243,26174.101011,14697.502318,3850.663706,0.0,0.0,0.0,Flying,Descending,2081,0,0,0.0,0.0,-174.306305,,,
Movement,19/5/2024,11:47:39,20.529843,25232.73122,14556.994863,3482.174522,0.0,0.0,0.0,Flying,Gliding,2008,0,0,0.0,0.0,-161.902374,,,
Dash,19/5/2024,11:47:39,20.908755,24598.290484,14371.444198,3230.58796,0.0,0.0,0.0,,Gliding,1933,0,0,0.0,0.0,-158.692963,,,
Movement,19/5/2024,11:47:39,21.032419,24352.497945,14289.076338,3133.813005,0.0,0.0,0.0,Flying,Gliding,1903,0,0,0.0,0.0,-167.042221,,,
Movement,19/5/2024,11:47:40,21.539742,23403.409938,14191.200064,2654.839058,0.0,0.0,0.0,Flying,Ascending,2436,0,0,0.0,0.0,165.170746,,,

Movement,19/5/2024,11:47:40,22.04631,22277.534997,14407.779944,2379.144915,0.0,0.0,0.0,Flying,Descending,2095,0,0,0.0,0.0,166.355591,,,
Dash,19/5/2024,11:47:41,22.250541,21928.94018,14488.919955,2246.145697,0.0,0.0,0.0,,Gliding,2085,0,0,0.0,0.0,168.304657,,,
Movement,19/5/2024,11:47:41,22.53858,21375.797567,14579.147146,1948.974432,0.0,0.0,0.0,Flying,Ascending,2016,0,0,0.0,0.0,-177.013718,,,
Movement,19/5/2024,11:47:42,23.055092,20168.68309,14561.998647,1782.550995,0.0,0.0,0.0,Flying,Ascending,2398,0,0,0.0,0.0,-175.652618,,,
Dash,19/5/2024,11:47:42,23.224026,19844.150107,14541.099639,1772.314862,0.0,0.0,0.0,,Gliding,2360,0,0,0.0,0.0,-175.652618,,,
Movement,19/5/2024,11:47:42,23.54645,19052.226901,14483.768259,1759.040436,0.0,0.0,0.0,Flying,Ascending,2270,0,0,0.0,0.0,-175.652618,,,
Movement,19/5/2024,11:47:42,24.031155,17880.602935,14394.330575,1740.543648,0.0,0.0,0.0,Flying,Gliding,2398,0,0,0.0,0.0,-175.131485,,,
Dash,19/5/2024,11:47:43,24.218729,17523.073523,14365.073019,1711.839065,0.0,0.0,0.0,,Gliding,2091,0,0,0.0,0.0,-174.909821,,,
Movement,19/5/2024,11:47:43,24.539057,16827.460898,14305.030993,1595.820576,0.0,0.0,0.0,Flying,Gliding,2051,0,0,0.0,0.0,-174.874161,,,
Movement,19/5/2024,11:47:43,25.037411,15667.132307,14197.587788,1430.467007,0.0,0.0,0.0,Flying,Gliding,2394,0,0,0.0,0.0,-174.373367,,,
Dash,19/5/2024,11:47:44,25.355799,14970.504127,14129.476105,1380.079456,0.0,0.0,0.0,,Gliding,2314,0,0,0.0,0.0,-174.062683,,,
Movement,19/5/2024,11:47:44,25.529898,14529.771571,14083.93048,1356.443728,0.0,0.0,0.0,Flying,Ascending,2264,0,0,0.0,0.0,-173.341888,,,
Movement,19/5/2024,11:47:44,26.03502,13345.249835,13937.604229,1366.677379,0.0,0.0,0.0,Flying,Ascending,2433,0,0,0.0,0.0,-170.771118,,,
Movement,19/5/2024,11:47:45,26.540528,12166.854246,13778.460284,1479.887243,0.0,0.0,0.0,Flying,Gliding,2296,0,0,0.0,0.0,170.679459,,,
Movement,19/5/2024,11:47:45,27.033606,11073.01527,13809.952289,1548.842487,0.0,0.0,0.0,Flying,Gliding,2173,0,0,0.0,0.0,-152.998764,,,
Movement,19/5/2024,11:47:46,27.531913,10121.758087,13427.788453,1564.340027,0.0,0.0,0.0,Flying,Gliding,2052,0,0,0.0,0.0,-96.325592,,,
Movement,19/5/2024,11:47:46,28.049304,9860.236069,12469.589377,1579.316562,0.0,0.0,0.0,Flying,Gliding,1932,0,0,0.0,0.0,-37.491608,,,
Dash,19/5/2024,11:47:47,28.405943,10202.4389,11958.69707,1599.93105,0.0,0.0,0.0,,Gliding,1861,0,0,0.0,0.0,-1.470245,,,
Movement,19/5/2024,11:47:47,28.544593,10514.98695,11861.891865,1620.086109,0.0,0.0,0.0,Flying,Gliding,1826,0,0,0.0,0.0,18.810947,,,
Movement,19/5/2024,11:47:47,29.040255,11536.713932,11941.387526,1669.702647,0.0,0.0,0.0,Flying,Descending,2543,0,0,0.0,0.0,5.590961,,,
Dash,19/5/2024,11:47:48,29.404889,12372.442237,11950.791518,1675.13948,0.0,0.0,0.0,,Gliding,2500,0,0,0.0,0.0,-14.451843,,,
Movement,19/5/2024,11:47:48,29.541355,12787.778427,11955.168808,1677.482388,0.0,0.0,0.0,Flying,Ascending,2531,0,0,0.0,0.0,2.001556,,,
Movement,19/5/2024,11:47:48,30.025317,14027.194594,11968.916077,1686.37276,0.0,0.0,0.0,Flying,Gliding,2530,0,0,0.0,0.0,13.699555,,,
Dash,19/5/2024,11:47:49,30.291683,14631.550332,11975.586769,1690.206078,0.0,0.0,0.0,,Gliding,2500,0,0,0.0,0.0,12.275414,,,
Movement,19/5/2024,11:47:49,30.537766,15331.432507,11983.597718,1695.272852,0.0,0.0,0.0,Flying,Gliding,2533,0,0,0.0,0.0,10.053812,,,
Dash,19/5/2024,11:47:49,30.982947,16401.779401,11999.104328,1706.513758,0.0,0.0,0.0,,Gliding,2500,0,0,0.0,0.0,10.053812,,,
Movement,19/5/2024,11:47:49,31.045092,16637.4049,12002.478345,1710.23489,0.0,0.0,0.0,Flying,Gliding,2534,0,0,0.0,0.0,10.053812,,,
Movement,19/5/2024,11:47:50,31.551116,17931.430144,12020.987359,1751.543833,0.0,0.0,0.0,Flying,Ascending,2532,0,0,0.0,0.0,17.22085,,,
Dash,19/5/2024,11:47:50,31.859406,18626.891362,12067.570462,1840.681838,0.0,0.0,0.0,,Gliding,2500,0,0,0.0,0.0,24.662601,,,

Movement,19/5/2024,11:47:51,32.051986,19152.908173,12229.051515,1934.528069,0.0,0.0,0.0,Flying,Ascending,2531,0,0,0.0,0.0,27.151979,,,
Movement,19/5/2024,11:47:51,32.528028,20199.06182,12790.699836,2192.303937,0.0,0.0,0.0,Flying,Gliding,2530,0,0,0.0,0.0,49.63488,,,
Dash,19/5/2024,11:47:51,32.868418,20840.372303,13221.633224,2372.100283,0.0,0.0,0.0,,Gliding,2500,0,0,0.0,0.0,49.63488,,,
Movement,19/5/2024,11:47:51,33.031848,21238.08177,13489.304385,2483.692946,0.0,0.0,0.0,Flying,Gliding,2533,0,0,0.0,0.0,46.657375,,,
Movement,19/5/2024,11:47:52,33.532438,22267.654168,14185.295955,2774.247491,0.0,0.0,0.0,Flying,Gliding,2529,0,0,0.0,0.0,44.204159,,,
Dash,19/5/2024,11:47:52,33.674506,22502.743025,14343.568298,2840.224975,0.0,0.0,0.0,,Gliding,2499,0,0,0.0,0.0,44.204159,,,
Movement,19/5/2024,11:47:52,34.037374,23299.651226,14879.918667,3063.839841,0.0,0.0,0.0,Flying,Gliding,2529,0,0,0.0,0.0,44.204159,,,
Dash,19/5/2024,11:47:53,34.53524,24253.335729,15553.957397,3352.338227,0.0,0.0,0.0,,Gliding,2477,0,0,0.0,0.0,44.204159,,,
Movement,19/5/2024,11:47:53,34.53524,24295.864812,15594.8339,3372.117238,0.0,0.0,0.0,Flying,Gliding,2470,0,0,0.0,0.0,44.204159,,,
Movement,19/5/2024,11:47:53,35.042614,25143.592467,16409.994368,3768.627228,0.0,0.0,0.0,Flying,Gliding,2485,0,0,0.0,0.0,38.559757,,,
Movement,19/5/2024,11:47:54,35.53865,26060.754083,17175.011648,3960.3555,0.0,0.0,0.0,Flying,Gliding,2420,0,0,0.0,0.0,37.552094,,,
Dash,19/5/2024,11:47:54,35.781683,26471.315842,17495.26348,3986.109007,0.0,0.0,0.0,,Gliding,2361,0,0,0.0,0.0,37.186852,,,
Movement,19/5/2024,11:47:54,36.029964,26988.66568,17858.437973,4012.610865,0.0,0.0,0.0,Flying,Gliding,2289,0,0,0.0,0.0,27.198561,,,
Movement,19/5/2024,11:47:55,36.544325,28091.896775,18387.804742,4131.334281,0.0,0.0,0.0,Flying,Ascending,2409,0,0,0.0,0.0,3.434464,,,
Dash,19/5/2024,11:47:55,36.567777,28091.896775,18387.804742,4131.334281,0.0,0.0,0.0,,Gliding,2409,0,0,0.0,0.0,3.434464,,,
Movement,19/5/2024,11:47:55,37.037023,29228.055693,18564.227553,4360.709463,0.0,0.0,0.0,Flying,Ascending,2492,0,0,0.0,0.0,3.410174,,,
Dash,19/5/2024,11:47:56,37.133285,29400.75454,18578.099471,4401.934874,0.0,0.0,0.0,,Gliding,2472,0,0,0.0,0.0,3.410174,,,
Movement,19/5/2024,11:47:56,37.531032,30382.112997,18646.729883,4660.688509,0.0,0.0,0.0,Flying,Ascending,2355,0,0,0.0,0.0,4.992078,,,
Dash,19/5/2024,11:47:56,37.606535,30496.119811,18655.079454,4696.452624,0.0,0.0,0.0,,Gliding,2341,0,0,0.0,0.0,4.992078,,,
Movement,19/5/2024,11:47:56,38.029232,31515.452394,18721.331517,5066.496317,0.0,0.0,0.0,Flying,Descending,2449,0,0,0.0,0.0,0.320684,,,
Dash,19/5/2024,11:47:57,38.132237,31702.90953,18728.899285,5099.825165,0.0,0.0,0.0,,Gliding,2439,0,0,0.0,0.0,0.320684,,,
Movement,19/5/2024,11:47:57,38.53595,32725.736956,18743.1893,5171.223203,0.0,0.0,0.0,Flying,Gliding,2335,0,0,0.0,0.0,-0.764465,,,
Dash,19/5/2024,11:47:57,38.696387,33067.662977,18741.696033,5225.175006,0.0,0.0,0.0,,Gliding,2469,0,0,0.0,0.0,-0.764465,,,
Movement,19/5/2024,11:47:57,39.036117,33943.651625,18746.619406,5403.499442,0.0,0.0,0.0,Flying,Ascending,2366,0,0,0.0,0.0,5.904764,,,
Dash,19/5/2024,11:47:58,39.378904,34664.796381,18788.291486,5591.461159,0.0,0.0,0.0,,Gliding,2492,0,0,0.0,0.0,5.920517,,,
Movement,19/5/2024,11:47:58,39.551919,35146.574529,18831.119351,5705.816314,0.0,0.0,0.0,Flying,Descending,2457,0,0,0.0,0.0,5.907421,,,
Dash,19/5/2024,11:47:58,39.882186,35869.800874,18902.068837,5771.618635,0.0,0.0,0.0,,Gliding,2381,0,0,0.0,0.0,4.135116,,,
Movement,19/5/2024,11:47:58,40.046235,36317.077807,18921.309882,5796.128304,0.0,0.0,0.0,Flying,Ascending,2330,0,0,0.0,0.0,-6.754211,,,
Dash,19/5/2024,11:47:59,40.405859,37112.207759,18829.247638,5989.518423,0.0,0.0,0.0,,Gliding,2421,0,0,0.0,0.0,-26.256561,,,
Movement,19/5/2024,11:47:59,40.540258,37452.746066,18726.273575,6137.041811,0.0,0.0,0.0,Flying,Gliding,2377,0,0,0.0,0.0,-26.180603,,,
Dash,19/5/2024,11:47:59,40.832276,37982.16576,18501.852949,6369.462835,0.0,0.0,0.0,,Gliding,2306,0,0,0.0,0.0,-27.78833,,,
Movement,19/5/2024,11:48:0,41.050596,38507.072478,18237.571214,6539.08275,0.0,0.0,0.0,Flying,Ascending,2445,0,0,0.0,0.0,-34.461365,,,
Dash,19/5/2024,11:48:0,41.300258,38931.185293,17966.424396,6723.233133,0.0,0.0,0.0,,Gliding,2383,0,0,0.0,0.0,-40.749939,,,
Movement,19/5/2024,11:48:0,41.530782,39351.997334,17636.704409,6997.11857,0.0,0.0,0.0,Flying,Gliding,2314,0,0,0.0,0.0,-45.353577,,,
Dash,19/5/2024,11:48:0,41.915213,39940.952272,17084.318587,7357.517925,0.0,0.0,0.0,,Gliding,2419,0,0,0.0,0.0,-49.210754,,,

Movement,19/5/2024,11:48:0,42.041125,40161.3792,16828.449959,7493.88962,0.0,0.0,0.0,Flying,Descending,2386,0,0,0.0,0.0,-62.158112,,,
Dash,19/5/2024,11:48:1,42.527584,40698.975035,15895.069004,7759.38298,0.0,0.0,0.0,,Gliding,2464,0,0,0.0,0.0,-79.153015,,,
Movement,19/5/2024,11:48:1,42.527584,40719.3877,15840.807864,7769.866254,0.0,0.0,0.0,Flying,Gliding,2458,0,0,0.0,0.0,-79.153015,,,
Movement,19/5/2024,11:48:1,43.027613,40941.808077,14690.366485,8025.154784,0.0,0.0,0.0,Flying,Gliding,2319,0,0,0.0,0.0,-101.690277,,,
Dash,19/5/2024,11:48:2,43.323234,40878.104301,14071.945345,8229.698896,0.0,0.0,0.0,,Gliding,2451,0,0,0.0,0.0,-106.864807,,,
Movement,19/5/2024,11:48:2,43.535467,40753.568844,13532.324896,8365.302235,0.0,0.0,0.0,Flying,Descending,2421,0,0,0.0,0.0,-108.152069,,,
Movement,19/5/2024,11:48:2,44.029971,40217.559806,12523.705032,8053.315509,0.0,0.0,0.0,Flying,Descending,2486,0,0,0.0,0.0,-159.901291,,,
Movement,19/5/2024,11:48:3,44.527875,39339.922677,12243.293294,7295.101654,0.0,0.0,0.0,Flying,Descending,2433,0,0,0.0,0.0,143.324936,,,
Dash,19/5/2024,11:48:3,44.8126,38924.596532,12437.070104,6873.206286,0.0,0.0,0.0,,Gliding,2365,0,0,0.0,0.0,121.812401,,,
Movement,19/5/2024,11:48:3,45.029298,38587.074548,12759.432795,6571.571973,0.0,0.0,0.0,Flying,Ascending,2301,0,0,0.0,0.0,137.307922,,,
Movement,19/5/2024,11:48:4,45.526252,37735.929416,13515.18195,6231.315792,0.0,0.0,0.0,Flying,Descending,2458,0,0,0.0,0.0,121.925545,,,
Dash,19/5/2024,11:48:4,45.862943,37381.234886,14056.435408,5837.182709,0.0,0.0,0.0,,Gliding,2396,0,0,0.0,0.0,86.166885,,,
Movement,19/5/2024,11:48:4,46.0301,37324.686123,14426.572661,5589.405283,0.0,0.0,0.0,Flying,Ascending,2344,0,0,0.0,0.0,64.512138,,,
Dash,19/5/2024,11:48:5,46.505409,37771.848963,15265.931927,5142.904282,0.0,0.0,0.0,,Gliding,2453,0,0,0.0,0.0,13.320533,,,
Movement,19/5/2024,11:48:5,46.528003,37862.602373,15331.06723,5113.86726,0.0,0.0,0.0,Flying,Ascending,2439,0,0,0.0,0.0,12.737319,,,
Movement,19/5/2024,11:48:5,47.050113,38980.264369,15737.765296,4842.799701,0.0,0.0,0.0,Flying,Gliding,2298,0,0,0.0,0.0,-10.717468,,,
Dash,19/5/2024,11:48:6,47.202128,39282.501894,15746.900899,4719.885403,0.0,0.0,0.0,,Gliding,2470,0,0,0.0,0.0,-14.863831,,,
Movement,19/5/2024,11:48:6,47.529436,40083.810358,15639.702895,4457.151997,0.0,0.0,0.0,Flying,Gliding,2372,0,0,0.0,0.0,-19.501801,,,
Dash,19/5/2024,11:48:6,47.660972,40311.8931,15570.148732,4379.791763,0.0,0.0,0.0,,Gliding,2343,0,0,0.0,0.0,-31.388245,,,
Movement,19/5/2024,11:48:6,48.029156,41015.012472,15083.213051,3983.347034,0.0,0.0,0.0,Flying,Gliding,2443,0,0,0.0,0.0,-76.434448,,,
Dash,19/5/2024,11:48:7,48.381972,41267.406429,14437.719489,3628.829204,0.0,0.0,0.0,,Gliding,2353,0,0,0.0,0.0,-95.162537,,,
Movement,19/5/2024,11:48:7,48.539841,41279.729216,14039.579686,3485.919978,0.0,0.0,0.0,Flying,Gliding,2304,0,0,0.0,0.0,-107.203217,,,
Dash,19/5/2024,11:48:7,48.919084,41126.862103,13213.611973,3252.927877,0.0,0.0,0.0,,Gliding,2419,0,0,0.0,0.0,-114.089691,,,
Movement,19/5/2024,11:48:7,49.033884,41024.713007,12903.512416,3221.315527,0.0,0.0,0.0,Flying,Ascending,2381,0,0,0.0,0.0,-114.048553,,,
Dash,19/5/2024,11:48:8,49.432744,40747.904078,12048.99813,3245.204009,0.0,0.0,0.0,,Gliding,2486,0,0,0.0,0.0,-85.341339,,,
Movement,19/5/2024,11:48:8,49.525087,40716.520155,11770.930088,3244.24341,0.0,0.0,0.0,Flying,Gliding,2454,0,0,0.0,0.0,-74.837799,,,
Dash,19/5/2024,11:48:8,49.962643,40677.978347,10776.473598,3273.813197,0.0,0.0,0.0,,Gliding,2346,0,0,0.0,0.0,-110.552124,,,
Movement,19/5/2024,11:48:8,50.026655,40647.745466,10580.532025,3272.476169,0.0,0.0,0.0,Flying,Descending,2333,0,0,0.0,0.0,-104.463089,,,
Movement,19/5/2024,11:48:9,50.536234,40475.561659,9344.440655,3125.180224,0.0,0.0,0.0,Flying,Gliding,2439,0,0,0.0,0.0,-95.547485,,,
Dash,19/5/2024,11:48:9,50.642087,40453.514572,9142.7004,3094.022294,0.0,0.0,0.0,,Gliding,2416,0,0,0.0,0.0,-96.785278,,,
Movement,19/5/2024,11:48:9,51.025168,40335.267933,8165.067291,3089.725656,0.0,0.0,0.0,Flying,Descending,2461,0,0,0.0,0.0,-105.827148,,,
Dash,19/5/2024,11:48:10,51.488113,40085.573037,7121.026523,3032.04135,0.0,0.0,0.0,,Gliding,2408,0,0,0.0,0.0,-107.248138,,,
Movement,19/5/2024,11:48:10,51.535911,40039.91103,6964.569445,3012.949279,0.0,0.0,0.0,Flying,Descending,2400,0,0,0.0,0.0,-107.248138,,,

ID,Date, Day Time,Time Stamp,PosX,PosY,PosZ,Roll(X),Pitch(Y),Yaw(Z),Movement State,Flying State,Velocity,Stamina,Number of Objects Detected,ObjectXPosX,ObjectXPosY,ObjectXPosZ,ObjectXType,Zone,Note
Movement,19/5/2024,11:49:33,0.0,2885.151535,12361.063591,2155.021374,0.0,0.0,0.0,Walking,Ascending,0,0,0,0.0,0.0,-0.005912,,,
Movement,19/5/2024,11:49:33,0.713974,2885.151535,12361.063591,2155.021374,0.0,0.0,0.0,Walking,Ascending,0,0,0,0.0,0.0,-0.005912,,,
Movement,19/5/2024,11:49:33,1.021665,2885.151535,12361.063591,2154.109072,0.0,0.0,0.0,Walking,Ascending,68,0,0,0.0,0.0,-0.005912,,,
Movement,19/5/2024,11:49:34,1.542421,2885.151535,12361.063591,1877.544571,0.0,0.0,0.0,Walking,Ascending,0,0,0,0.0,0.0,-0.005912,,,
Movement,19/5/2024,11:49:35,2.033695,2970.119302,12366.110361,2043.138046,0.0,0.0,0.0,Flying,Hovering,600,0,0,0.0,0.0,-0.00592,,,
Dash,19/5/2024,11:49:35,2.208448,3060.071008,12366.129682,2046.973239,0.0,0.0,0.0,,Gliding,599,0,0,0.0,0.0,0.020643,,,
Movement,19/5/2024,11:49:35,2.527121,3266.982049,12377.570718,2070.710664,0.0,0.0,0.0,Flying,Descending,626,0,0,0.0,0.0,8.45914,,,
Dash,19/5/2024,11:49:35,2.705645,3395.831997,12387.803569,2063.428247,0.0,0.0,0.0,,Gliding,1253,0,0,0.0,0.0,0.16788,,,
Dash,19/5/2024,11:49:35,2.973821,3718.459374,12398.494433,1967.458713,0.0,0.0,0.0,,Gliding,1250,0,0,0.0,0.0,-3.663513,,,
Movement,19/5/2024,11:49:35,3.025673,3810.980495,12397.79695,1937.920664,0.0,0.0,0.0,Flying,Gliding,1242,0,0,0.0,0.0,-3.663513,,,
Movement,19/5/2024,11:49:36,3.528395,4464.535048,12367.329486,1800.199119,0.0,0.0,0.0,Flying,Gliding,1784,0,0,0.0,0.0,-3.427063,,,
Dash,19/5/2024,11:49:36,3.679145,4679.316364,12355.089489,1765.595198,0.0,0.0,0.0,,Gliding,1762,0,0,0.0,0.0,-3.327148,,,
Movement,19/5/2024,11:49:37,4.04191,5348.91505,12315.846613,1756.36224,0.0,0.0,0.0,Flying,Gliding,1694,0,0,0.0,0.0,-3.317383,,,
Dash,19/5/2024,11:49:37,4.324193,5835.159941,12287.400377,1760.572546,0.0,0.0,0.0,,Gliding,2084,0,0,0.0,0.0,-3.381714,,,
Movement,19/5/2024,11:49:37,4.538,6323.525386,12258.788025,1697.81746,0.0,0.0,0.0,Flying,Gliding,2031,0,0,0.0,0.0,-3.275665,,,
Dash,19/5/2024,11:49:37,4.747496,6688.031363,12237.633404,1654.187154,0.0,0.0,0.0,,Gliding,1991,0,0,0.0,0.0,-3.266174,,,
Movement,19/5/2024,11:49:38,5.035396,7359.557459,12199.017212,1639.965798,0.0,0.0,0.0,Flying,Gliding,2477,0,0,0.0,0.0,-3.266174,,,
Dash,19/5/2024,11:49:38,5.268664,7865.046653,12170.105865,1646.577258,0.0,0.0,0.0,,Gliding,2418,0,0,0.0,0.0,-3.266174,,,
Movement,19/5/2024,11:49:38,5.538114,8570.384884,12129.82577,1662.537568,0.0,0.0,0.0,Flying,Gliding,2337,0,0,0.0,0.0,-3.266174,,,
Dash,19/5/2024,11:49:38,5.785618,9096.713156,12099.783703,1676.111293,0.0,0.0,0.0,,Gliding,2492,0,0,0.0,0.0,-3.266174,,,
Movement,19/5/2024,11:49:38,6.021536,9735.723417,12066.765389,1693.063792,0.0,0.0,0.0,Flying,Gliding,2418,0,0,0.0,0.0,-1.912109,,,
Movement,19/5/2024,11:49:39,6.540921,10987.152754,12039.006454,1726.004546,0.0,0.0,0.0,Flying,Gliding,2477,0,0,0.0,0.0,4.806156,,,
Movement,19/5/2024,11:49:39,7.020798,12193.915405,12053.663985,1737.518811,0.0,0.0,0.0,Flying,Gliding,2528,0,0,0.0,0.0,-0.717438,,,
Movement,19/5/2024,11:49:40,7.540116,13511.633923,12067.628881,1745.418882,0.0,0.0,0.0,Flying,Gliding,2530,0,0,0.0,0.0,-0.717438,,,
Dash,19/5/2024,11:49:40,7.699494,13847.089555,12071.153847,1747.36946,0.0,0.0,0.0,,Gliding,2500,0,0,0.0,0.0,-0.717438,,,
Movement,19/5/2024,11:49:41,8.031288,14752.374144,12080.795685,1753.026589,0.0,0.0,0.0,Flying,Gliding,2529,0,0,0.0,0.0,-0.717438,,,
Dash,19/5/2024,11:49:41,8.511079,15916.284917,12093.723596,1763.304262,0.0,0.0,0.0,,Gliding,2500,0,0,0.0,0.0,-0.717438,,,
Movement,19/5/2024,11:49:41,8.538259,16055.795733,12095.43207,1764.836897,0.0,0.0,0.0,Flying,Gliding,2531,0,0,0.0,0.0,-0.717438,,,
Movement,19/5/2024,11:49:41,9.0203,17295.80828,12113.395766,1790.093409,0.0,0.0,0.0,Flying,Gliding,2533,0,0,0.0,0.0,1.37901,,,
Dash,19/5/2024,11:49:42,9.306179,17944.569456,12118.722432,1816.158679,0.0,0.0,0.0,,Gliding,2500,0,0,0.0,0.0,13.192067,,,
Movement,19/5/2024,11:49:42,9.528562,18582.947205,12161.184971,1898.758482,0.0,0.0,0.0,Flying,Ascending,2537,0,0,0.0,0.0,24.999321,,,
Dash,19/5/2024,11:49:42,9.855937,19295.736815,12398.211241,2032.170609,0.0,0.0,0.0,,Gliding,2499,0,0,0.0,0.0,36.80574,,,
Movement,19/5/2024,11:49:43,10.037657,19769.205155,12632.831086,2143.65626,0.0,0.0,0.0,Flying,Ascending,2534,0,0,0.0,0.0,36.80574,,,
Movement,19/5/2024,11:49:43,10.531818,20803.92504,13323.265409,2432.855833,0.0,0.0,0.0,Flying,Gliding,3129,0,0,0.0,0.0,46.515392,,,
Dash,19/5/2024,11:49:43,10.594426,20864.415997,13364.318129,2449.944128,0.0,0.0,0.0,,Gliding,2500,0,0,0.0,0.0,46.515392,,,
Movement,19/5/2024,11:49:43,11.022,21795.157215,13990.911841,2710.838804,0.0,0.0,0.0,Flying,Gliding,2530,0,0,0.0,0.0,38.894695,,,
Dash,19/5/2024,11:49:44,11.108837,21917.657018,14073.360332,2745.159746,0.0,0.0,0.0,,Gliding,2499,0,0,0.0,0.0,38.010246,,,
Movement,19/5/2024,11:49:44,11.525929,22842.170846,14696.710853,3003.473432,0.0,0.0,0.0,Flying,Gliding,2531,0,0,0.0,0.0,38.010246,,,
Dash,19/5/2024,11:49:44,11.641625,23021.963744,14817.657534,3053.831917,0.0,0.0,0.0,,Gliding,2500,0,0,0.0,0.0,38.010246,,,

Movement,19/5/2024,11:49:45,12.020957,23872.40102,15389.322265,3291.938414,0.0,0.0,0.0,Flying,Gliding,2539,0,0,0.0,0.0,38.010246,,,
Dash,19/5/2024,11:49:45,12.306275,24378.795398,15760.461533,3411.904421,0.0,0.0,0.0,,Gliding,2453,0,0,0.0,0.0,38.010246,,,
Movement,19/5/2024,11:49:45,12.534462,24853.444826,16131.415661,3508.245049,0.0,0.0,0.0,Flying,Gliding,2383,0,0,0.0,0.0,38.010246,,,
Movement,19/5/2024,11:49:46,13.036428,25798.968772,16870.412247,3700.133067,0.0,0.0,0.0,Flying,Gliding,2444,0,0,0.0,0.0,38.010246,,,
Dash,19/5/2024,11:49:46,13.260044,26172.512419,17162.364113,3775.941352,0.0,0.0,0.0,,Gliding,2388,0,0,0.0,0.0,38.010246,,,
Movement,19/5/2024,11:49:46,13.519833,26702.540019,17574.208392,3883.273244,0.0,0.0,0.0,Flying,Gliding,2311,0,0,0.0,0.0,35.190479,,,
Movement,19/5/2024,11:49:47,14.037897,27782.199189,18066.890892,4169.009295,0.0,0.0,0.0,Flying,Ascending,2411,0,0,0.0,0.0,-3.717499,,,
Dash,19/5/2024,11:49:47,14.264574,28219.605643,18116.115836,4366.445887,0.0,0.0,0.0,,Gliding,2356,0,0,0.0,0.0,4.783215,,,
Movement,19/5/2024,11:49:47,14.544977,28875.714443,18192.726057,4632.624914,0.0,0.0,0.0,Flying,Gliding,2274,0,0,0.0,0.0,11.864194,,,
Dash,19/5/2024,11:49:47,14.982324,29822.219719,18363.046133,4844.699825,0.0,0.0,0.0,,Gliding,2431,0,0,0.0,0.0,11.864194,,,
Movement,19/5/2024,11:49:48,15.02973,29989.086756,18396.739568,4876.366654,0.0,0.0,0.0,Flying,Gliding,2411,0,0,0.0,0.0,11.864194,,,
Dash,19/5/2024,11:49:48,15.333068,30626.875625,18528.312979,4993.137854,0.0,0.0,0.0,,Gliding,2335,0,0,0.0,0.0,11.864194,,,
Movement,19/5/2024,11:49:48,15.537363,31160.480753,18639.836259,5088.636121,0.0,0.0,0.0,Flying,Gliding,2485,0,0,0.0,0.0,11.855056,,,
Dash,19/5/2024,11:49:48,15.80364,31732.06929,18748.974972,5189.600309,0.0,0.0,0.0,,Gliding,2417,0,0,0.0,0.0,3.977272,,,
Movement,19/5/2024,11:49:49,16.042347,32349.878673,18806.815834,5291.09192,0.0,0.0,0.0,Flying,Gliding,2345,0,0,0.0,0.0,-2.804962,,,
Dash,19/5/2024,11:49:49,16.227927,32715.977015,18814.697216,5347.955344,0.0,0.0,0.0,,Gliding,2303,0,0,0.0,0.0,-2.812897,,,
Movement,19/5/2024,11:49:49,16.524195,33512.635916,18796.622249,5462.483595,0.0,0.0,0.0,Flying,Gliding,2423,0,0,0.0,0.0,-2.812164,,,
Dash,19/5/2024,11:49:49,16.727003,33926.56708,18784.696985,5514.270128,0.0,0.0,0.0,,Gliding,2375,0,0,0.0,0.0,3.935291,,,
Movement,19/5/2024,11:49:50,17.034812,34716.805064,18825.899863,5607.851801,0.0,0.0,0.0,Flying,Gliding,2884,0,0,0.0,0.0,5.036187,,,
Dash,19/5/2024,11:49:50,17.25545,35190.007354,18840.528353,5661.180386,0.0,0.0,0.0,,Gliding,2444,0,0,0.0,0.0,-5.760529,,,
Movement,19/5/2024,11:49:50,17.532787,35915.817938,18823.263441,5729.554213,0.0,0.0,0.0,Flying,Gliding,2360,0,0,0.0,0.0,-5.142914,,,
Dash,19/5/2024,11:49:50,17.82724,36551.377813,18799.518277,5783.968675,0.0,0.0,0.0,,Gliding,2500,0,0,0.0,0.0,1.695782,,,
Movement,19/5/2024,11:49:51,18.040344,37136.842115,18793.291403,5834.429051,0.0,0.0,0.0,Flying,Gliding,2431,0,0,0.0,0.0,-2.942902,,,
Dash,19/5/2024,11:49:51,18.169796,37385.960697,18780.438304,5858.729003,0.0,0.0,0.0,,Gliding,2403,0,0,0.0,0.0,-11.992737,,,
Dash,19/5/2024,11:49:51,18.490281,38101.405402,18649.601784,6047.726568,0.0,0.0,0.0,,Gliding,2316,0,0,0.0,0.0,-29.492035,,,
Movement,19/5/2024,11:49:51,18.545748,38283.555899,18576.677102,6129.089779,0.0,0.0,0.0,Flying,Ascending,2891,0,0,0.0,0.0,-39.113068,,,
Dash,19/5/2024,11:49:51,18.894003,38888.343849,18222.275105,6470.051458,0.0,0.0,0.0,,Gliding,2409,0,0,0.0,0.0,-53.16922,,,
Movement,19/5/2024,11:49:52,19.028611,39132.950169,17985.467545,6649.376619,0.0,0.0,0.0,Flying,Gliding,2365,0,0,0.0,0.0,-58.608856,,,
Dash,19/5/2024,11:49:52,19.285527,39431.230912,17618.514779,6901.535205,0.0,0.0,0.0,,Gliding,2304,0,0,0.0,0.0,-58.608215,,,
Movement,19/5/2024,11:49:52,19.522832,39760.004049,17126.493219,7202.225714,0.0,0.0,0.0,Flying,Gliding,2438,0,0,0.0,0.0,-58.920227,,,
Dash,19/5/2024,11:49:52,19.733427,39973.586999,16784.925143,7370.106821,0.0,0.0,0.0,,Gliding,2388,0,0,0.0,0.0,-58.920227,,,
Movement,19/5/2024,11:49:53,20.02475,40338.097143,16185.320467,7630.98328,0.0,0.0,0.0,Flying,Gliding,2302,0,0,0.0,0.0,-61.878235,,,
Movement,19/5/2024,11:49:53,20.534886,40798.179008,15076.713589,7967.451173,0.0,0.0,0.0,Flying,Descending,2440,0,0,0.0,0.0,-85.40213,,,
Movement,19/5/2024,11:49:54,21.043248,40961.435337,13884.242784,7716.663894,0.0,0.0,0.0,Flying,Descending,2485,0,0,0.0,0.0,-87.053925,,,
Dash,19/5/2024,11:49:54,21.35153,40974.487865,13381.9108,7229.658865,0.0,0.0,0.0,,Gliding,2458,0,0,0.0,0.0,-106.461151,,,
Movement,19/5/2024,11:49:54,21.546566,40905.57222,13018.347788,6851.091487,0.0,0.0,0.0,Flying,Ascending,2396,0,0,0.0,0.0,-117.127838,,,

ID,Date, Day Time,Time Stamp,PosX,PosY,PosZ,Roll(X),Pitch(Y),Yaw(Z),Movement State,Flying State,Velocity,Stamina,Number of Objects Detected,ObjectXPosX,ObjectXPosY,ObjectXPosZ,ObjectXType,Zone,Note
Movement,19/5/2024,11:54:34,0.0,39889.554073,10501.277619,-1210.861576,0.0,0.0,0.0,Walking,Ascending,0,0,0,0.0,0.0,139.507324,,,
Movement,19/5/2024,11:54:35,0.564253,39889.554073,10501.277619,-1210.861576,0.0,0.0,0.0,Walking,Ascending,0,0,0,0.0,0.0,139.507324,,,
Movement,19/5/2024,11:54:35,1.040493,39889.554073,10501.277619,-1213.980067,0.0,0.0,0.0,Walking,Ascending,126,0,0,0.0,0.0,139.507324,,,
Movement,19/5/2024,11:54:36,1.531265,39889.554073,10501.277619,-1288.25157,0.0,0.0,0.0,Walking,Ascending,0,0,0,0.0,0.0,139.507324,,,
Movement,19/5/2024,11:54:36,2.031204,39889.554073,10501.277619,-1288.25157,0.0,0.0,0.0,Walking,Ascending,0,0,0,0.0,0.0,139.507324,,,
Movement,19/5/2024,11:54:37,2.528921,39889.554073,10501.277619,-1288.25157,0.0,0.0,0.0,Walking,Ascending,0,0,0,0.0,0.0,139.507324,,,
Movement,19/5/2024,11:54:37,3.048488,39889.554073,10501.277619,-1288.25157,0.0,0.0,0.0,Walking,Ascending,0,0,0,0.0,0.0,139.507324,,,
Movement,19/5/2024,11:54:38,3.534357,39889.554073,10501.277619,-1288.25157,0.0,0.0,0.0,Walking,Ascending,0,0,0,0.0,0.0,139.507324,,,
Movement,19/5/2024,11:54:38,4.044238,39889.554073,10501.277619,-1288.25157,0.0,0.0,0.0,Walking,Ascending,0,0,0,0.0,0.0,139.507324,,,
Movement,19/5/2024,11:54:39,4.537033,39889.554073,10501.277619,-1288.25157,0.0,0.0,0.0,Walking,Ascending,0,0,0,0.0,0.0,139.507324,,,
Movement,19/5/2024,11:54:39,5.037587,40001.693633,10518.039519,-1288.25157,0.0,0.0,0.0,Walking,Ascending,239,0,0,0.0,0.0,-1.987671,,,
Movement,19/5/2024,11:54:40,5.53581,40121.73042,10513.873595,-1288.25157,0.0,0.0,0.0,Walking,Ascending,239,0,0,0.0,0.0,-1.987671,,,
Movement,19/5/2024,11:54:40,6.047709,40243.895461,10509.754641,-1288.25157,0.0,0.0,0.0,Walking,Ascending,240,0,0,0.0,0.0,-1.357666,,,
Movement,19/5/2024,11:54:41,6.543806,40345.312068,10458.631043,-1288.25157,0.0,0.0,0.0,Walking,Ascending,240,0,0,0.0,0.0,-31.237671,,,
Movement,19/5/2024,11:54:41,7.036993,40455.884952,10418.397318,-1288.25157,0.0,0.0,0.0,Walking,Ascending,239,0,0,0.0,0.0,-10.867676,,,
Movement,19/5/2024,11:54:42,7.534766,40574.311636,10411.584904,-1288.25157,0.0,0.0,0.0,Walking,Ascending,240,0,0,0.0,0.0,4.462325,,,
Movement,19/5/2024,11:54:42,8.043643,40693.485836,10437.485637,-1288.25157,0.0,0.0,0.0,Walking,Ascending,240,0,0,0.0,0.0,18.952324,,,
Movement,19/5/2024,11:54:43,8.539874,40796.696168,10496.251029,-1288.25157,0.0,0.0,0.0,Walking,Ascending,239,0,0,0.0,0.0,40.477325,,,
Movement,19/5/2024,11:54:43,9.038631,40868.194489,10591.307593,-1288.25157,0.0,0.0,0.0,Walking,Ascending,240,0,0,0.0,0.0,63.262329,,,
Movement,19/5/2024,11:54:44,9.534913,40961.472594,10662.550743,-1288.25157,0.0,0.0,0.0,Walking,Ascending,240,0,0,0.0,0.0,48.397324,,,
Movement,19/5/2024,11:54:44,10.034749,41064.538243,10714.525,-1288.223322,0.0,0.0,0.0,Walking,Ascending,239,0,0,0.0,0.0,22.192322,,,
Movement,19/5/2024,11:54:45,10.544263,41172.057028,10758.385738,-1288.223322,0.0,0.0,0.0,Walking,Ascending,94,0,0,0.0,0.0,22.192322,,,
Movement,19/5/2024,11:54:45,11.028349,41173.01378,10758.776031,-1288.223322,0.0,0.0,0.0,Walking,Ascending,0,0,0,0.0,0.0,22.192322,,,
Movement,19/5/2024,11:54:46,11.533156,41202.067947,10770.833199,-1288.223322,0.0,0.0,0.0,Walking,Ascending,240,0,0,0.0,0.0,23.977325,,,

Movement,19/5/2024,11:54:46,12.033363,41312.249592,10754.383863,-1288.223322,0.0,0.0,0.0,Walking,Ascending,240,0,0,0.0,0.0,4.762329,,,
Movement,19/5/2024,11:54:47,12.535479,41412.765361,10802.720226,-1288.223322,0.0,0.0,0.0,Walking,Ascending,240,0,0,0.0,0.0,46.507324,,,
Movement,19/5/2024,11:54:47,13.035361,41497.237787,10891.758379,-1288.223322,0.0,0.0,0.0,Walking,Ascending,240,0,0,0.0,0.0,46.507324,,,
Movement,19/5/2024,11:54:48,13.552073,41587.105112,10966.978558,-1288.223322,0.0,0.0,0.0,Walking,Ascending,240,0,0,0.0,0.0,1.507324,,,
Movement,19/5/2024,11:54:48,14.045588,41604.102449,10967.425908,-1288.223322,0.0,0.0,0.0,Walking,Ascending,0,0,0,0.0,0.0,1.507324,,,
Movement,19/5/2024,11:54:49,14.53211,41582.366372,10991.898105,-1288.223322,0.0,0.0,0.0,Walking,Ascending,239,0,0,0.0,0.0,97.237015,,,
Movement,19/5/2024,11:54:49,15.039774,41508.921021,11079.279329,-1288.223322,0.0,0.0,0.0,Walking,Ascending,240,0,0,0.0,0.0,91.372322,,,
Movement,19/5/2024,11:54:50,15.54917,41502.336672,11166.403551,-1288.223322,0.0,0.0,0.0,Walking,Ascending,0,0,0,0.0,0.0,105.536613,,,
Movement,19/5/2024,11:54:50,16.035263,41502.336672,11166.403551,-1288.223322,0.0,0.0,0.0,Walking,Ascending,0,0,0,0.0,0.0,105.536613,,,
Movement,19/5/2024,11:54:51,16.530248,41502.336672,11166.403551,-1288.223322,0.0,0.0,0.0,Walking,Ascending,0,0,0,0.0,0.0,105.536613,,,
Movement,19/5/2024,11:54:51,17.046361,41502.336672,11166.403551,-1288.223322,0.0,0.0,0.0,Walking,Ascending,0,0,0,0.0,0.0,105.536613,,,
Movement,19/5/2024,11:54:52,17.540246,41506.847214,11169.480125,-1288.223322,0.0,0.0,0.0,Walking,Ascending,239,0,0,0.0,0.0,89.611961,,,
Movement,19/5/2024,11:54:52,18.045764,41614.102916,11219.030096,-1288.223322,0.0,0.0,0.0,Walking,Ascending,239,0,0,0.0,0.0,17.752323,,,
Movement,19/5/2024,11:54:53,18.545552,41711.807385,11285.727964,-1288.223322,0.0,0.0,0.0,Walking,Ascending,240,0,0,0.0,0.0,41.587326,,,
Movement,19/5/2024,11:54:53,19.040378,41797.459944,11367.666784,-1288.223322,0.0,0.0,0.0,Walking,Ascending,239,0,0,0.0,0.0,44.107323,,,
Movement,19/5/2024,11:54:54,19.540747,41881.927514,11453.743106,-1288.223322,0.0,0.0,0.0,Walking,Ascending,240,0,0,0.0,0.0,47.257324,,,
Movement,19/5/2024,11:54:54,20.041005,41958.14426,11545.707666,-1288.223322,0.0,0.0,0.0,Walking,Ascending,240,0,0,0.0,0.0,53.662323,,,
Movement,19/5/2024,11:54:55,20.540828,41997.050187,11643.015695,-1288.223322,0.0,0.0,0.0,Walking,Ascending,239,0,0,0.0,0.0,138.066986,,,
Movement,19/5/2024,11:54:55,21.049007,41915.607774,11732.987813,-1288.223322,0.0,0.0,0.0,Walking,Ascending,240,0,0,0.0,0.0,118.357323,,,
Movement,19/5/2024,11:54:56,21.540236,41881.485559,11845.165553,-1288.223322,0.0,0.0,0.0,Walking,Ascending,239,0,0,0.0,0.0,98.197319,,,

ID,Date, Day Time,Time Stamp,PosX,PosY,PosZ,Roll(X),Pitch(Y),Yaw(Z),Movement State,Flying State,Velocity,Stamina,Number of Objects Detected,ObjectXPosX,ObjectXPosY,ObjectXPosZ,ObjectXType,Zone,Note
Movement,19/5/2024,11:56:47,0.0,140182.478481,13074.866435,4517.131971,0.0,0.0,0.0,Walking,Ascending,0,0,0,0.0,0.0,8.950583,,,
Movement,19/5/2024,11:56:48,0.539667,140182.478481,13074.866435,4517.131971,0.0,0.0,0.0,Walking,Ascending,0,0,0,0.0,0.0,8.950583,,,
Movement,19/5/2024,11:56:48,1.03685,140182.478481,13074.866435,4513.826582,0.0,0.0,0.0,Walking,Ascending,129,0,0,0.0,0.0,8.950583,,,
Movement,19/5/2024,11:56:49,1.52849,140182.478481,13074.866435,4439.741933,0.0,0.0,0.0,Walking,Ascending,0,0,0,0.0,0.0,8.950583,,,
Movement,19/5/2024,11:56:49,2.048279,140182.478481,13074.866435,4439.741933,0.0,0.0,0.0,Walking,Ascending,0,0,0,0.0,0.0,8.950583,,,
Movement,19/5/2024,11:56:50,2.549168,140182.478481,13074.866435,4439.741933,0.0,0.0,0.0,Walking,Ascending,0,0,0,0.0,0.0,8.950583,,,
Movement,19/5/2024,11:56:50,3.031516,140137.920708,13025.96694,4439.741933,0.0,0.0,0.0,Walking,Ascending,239,0,0,0.0,0.0,-97.494019,,,
Movement,19/5/2024,11:56:51,3.544311,140172.121468,12910.25929,4439.741933,0.0,0.0,0.0,Walking,Ascending,195,0,0,0.0,0.0,-65.194427,,,
Movement,19/5/2024,11:56:51,4.033373,140175.035856,12903.953591,4439.741933,0.0,0.0,0.0,Walking,Ascending,0,0,0,0.0,0.0,-65.194427,,,
Movement,19/5/2024,11:56:52,4.535938,140175.035856,12903.953591,4439.741933,0.0,0.0,0.0,Walking,Ascending,0,0,0,0.0,0.0,-65.194427,,,
Movement,19/5/2024,11:56:52,5.038022,140175.035856,12903.953591,4439.741933,0.0,0.0,0.0,Walking,Ascending,0,0,0,0.0,0.0,-65.194427,,,
Movement,19/5/2024,11:56:53,5.538305,140175.035856,12903.953591,4439.741933,0.0,0.0,0.0,Walking,Ascending,0,0,0,0.0,0.0,-65.194427,,,
Movement,19/5/2024,11:56:53,6.040625,140175.035856,12903.953591,4439.741933,0.0,0.0,0.0,Walking,Ascending,0,0,0,0.0,0.0,-65.194427,,,
Movement,19/5/2024,11:56:54,6.533365,140175.035856,12903.953591,4439.741933,0.0,0.0,0.0,Walking,Ascending,0,0,0,0.0,0.0,-65.194427,,,
Movement,19/5/2024,11:56:54,7.043882,140137.312602,12991.878896,4439.741933,0.0,0.0,0.0,Walking,Ascending,239,0,0,0.0,0.0,99.734955,,,
Movement,19/5/2024,11:56:55,7.530288,140055.6771,13071.116957,4439.741933,0.0,0.0,0.0,Walking,Ascending,240,0,0,0.0,0.0,141.856583,,,
Movement,19/5/2024,11:56:55,8.046685,139965.36942,13155.297114,4439.741933,0.0,0.0,0.0,Walking,Ascending,240,0,0,0.0,0.0,129.529083,,,
Movement,19/5/2024,11:56:56,8.538768,139913.942431,13260.110321,4438.665234,0.0,0.0,0.0,Walking,Ascending,239,0,0,0.0,0.0,104.169708,,,
Movement,19/5/2024,11:56:56,9.045874,139909.891852,13380.704388,4438.92364,0.0,0.0,0.0,Walking,Ascending,239,0,0,0.0,0.0,80.138451,,,
Movement,19/5/2024,11:56:57,9.543277,139953.992272,13491.105855,4439.703235,0.0,0.0,0.0,Walking,Ascending,240,0,0,0.0,0.0,57.966335,,,
Movement,19/5/2024,11:56:57,10.028047,140050.248641,13529.07702,4439.703235,0.0,0.0,0.0,Walking,Ascending,191,0,0,0.0,0.0,-30.305908,,,
Movement,19/5/2024,11:56:58,10.542899,140056.518445,13526.741085,4439.703235,0.0,0.0,0.0,Walking,Ascending,0,0,0,0.0,0.0,-18.460693,,,
Movement,19/5/2024,11:56:58,11.030657,140056.518445,13526.741085,4439.703235,0.0,0.0,0.0,Walking,Ascending,0,0,0,0.0,0.0,-18.460693,,,
Movement,19/5/2024,11:56:59,11.549057,140077.322379,13511.928616,4439.703235,0.0,0.0,0.0,Walking,Ascending,240,0,0,0.0,0.0,-37.40863,,,

ID,Date, Day Time,Time Stamp,PosX,PosY,PosZ,Roll(X),Pitch(Y),Yaw(Z),Movement State,Flying State,Velocity,Stamina,Number of Objects Detected,ObjectXPosX,ObjectXPosY,ObjectXPosZ,ObjectXType,Zone,Note
Movement,19/5/2024,11:57:13,0.0,141550.321742,10785.104273,4207.492707,0.0,0.0,0.0,Walking,Ascending,0,0,0,0.0,0.0,-123.762321,,,
Movement,19/5/2024,11:57:14,0.536966,141550.321742,10785.104273,4207.492707,0.0,0.0,0.0,Walking,Ascending,0,0,0,0.0,0.0,-123.762321,,,
Movement,19/5/2024,11:57:14,1.067954,141550.321742,10785.104273,4191.917526,0.0,0.0,0.0,Walking,Ascending,281,0,0,0.0,0.0,-123.762321,,,
Movement,19/5/2024,11:57:15,1.527584,141550.321742,10785.104273,4130.102633,0.0,0.0,0.0,Walking,Ascending,0,0,0,0.0,0.0,-123.762321,,,
Movement,19/5/2024,11:57:15,2.032504,141550.321742,10785.104273,4130.102633,0.0,0.0,0.0,Walking,Ascending,0,0,0,0.0,0.0,-123.762321,,,
Movement,19/5/2024,11:57:16,2.545366,141556.964669,10853.874568,4130.102633,0.0,0.0,0.0,Walking,Ascending,240,0,0,0.0,0.0,43.950451,,,
Movement,19/5/2024,11:57:16,3.027862,141640.139015,10808.934559,4130.102633,0.0,0.0,0.0,Walking,Ascending,240,0,0,0.0,0.0,-84.926758,,,
Movement,19/5/2024,11:57:17,3.53037,141557.789174,10737.338834,4130.102633,0.0,0.0,0.0,Walking,Ascending,239,0,0,0.0,0.0,-170.506287,,,
Movement,19/5/2024,11:57:17,4.046363,141443.020676,10767.314896,4130.102633,0.0,0.0,0.0,Walking,Ascending,240,0,0,0.0,0.0,142.448593,,,
Movement,19/5/2024,11:57:18,4.539756,141388.52366,10864.748276,4130.102633,0.0,0.0,0.0,Walking,Ascending,240,0,0,0.0,0.0,89.997719,,,
Movement,19/5/2024,11:57:18,5.037985,141351.311709,10940.190784,4130.102633,0.0,0.0,0.0,Walking,Ascending,240,0,0,0.0,0.0,-177.732452,,,
Movement,19/5/2024,11:57:19,5.528404,141242.408751,10900.25379,4130.102633,0.0,0.0,0.0,Walking,Ascending,240,0,0,0.0,0.0,-174.873672,,,
Movement,19/5/2024,11:57:19,6.036472,141151.509541,10970.651819,4130.102633,0.0,0.0,0.0,Walking,Ascending,239,0,0,0.0,0.0,114.207962,,,
Movement,19/5/2024,11:57:20,6.541516,141127.359323,11089.624613,4130.102633,0.0,0.0,0.0,Walking,Ascending,240,0,0,0.0,0.0,107.53299,,,
Movement,19/5/2024,11:57:20,7.042153,141047.962762,11177.071513,4130.102633,0.0,0.0,0.0,Walking,Ascending,240,0,0,0.0,0.0,122.995773,,,
Movement,19/5/2024,11:57:21,7.522371,141042.811448,11287.639796,4130.102633,0.0,0.0,0.0,Walking,Ascending,240,0,0,0.0,0.0,64.878113,,,
Movement,19/5/2024,11:57:21,8.027876,141132.4819,11362.798481,4130.102633,0.0,0.0,0.0,Walking,Ascending,239,0,0,0.0,0.0,19.824427,,,
Movement,19/5/2024,11:57:22,8.533466,141244.935542,11401.489077,4130.102633,0.0,0.0,0.0,Walking,Ascending,239,0,0,0.0,0.0,39.777874,,,
Movement,19/5/2024,11:57:22,9.032009,141330.108767,11485.390942,4129.00196,0.0,0.0,0.0,Walking,Ascending,240,0,0,0.0,0.0,43.3274,,,
Movement,19/5/2024,11:57:23,9.547338,141443.947918,11514.03057,4127.385034,0.0,0.0,0.0,Walking,Ascending,240,0,0,0.0,0.0,-16.886627,,,
Movement,19/5/2024,11:57:23,10.038347,141535.021844,11445.508654,4129.608991,0.0,0.0,0.0,Walking,Ascending,240,0,0,0.0,0.0,-60.741974,,,
Movement,19/5/2024,11:57:24,10.545376,141536.354495,11330.739017,4130.103399,0.0,0.0,0.0,Walking,Ascending,239,0,0,0.0,0.0,-120.3797,,,
Movement,19/5/2024,11:57:24,11.04652,141550.929553,11225.735441,4130.103399,0.0,0.0,0.0,Walking,Ascending,239,0,0,0.0,0.0,-39.934998,,,
Movement,19/5/2024,11:57:25,11.543769,141661.630018,11184.181046,4130.103399,0.0,0.0,0.0,Walking,Ascending,239,0,0,0.0,0.0,-16.140106,,,

Movement,19/5/2024,11:57:25,12.02404,141775.016397,11170.258056,4130.103399,0.0,0.0,0.0,Walking,Ascending,239,0,0,0.0,0.0,4.393737,,,
Movement,19/5/2024,11:57:26,12.542607,141878.925162,11228.436742,4130.103399,0.0,0.0,0.0,Walking,Ascending,239,0,0,0.0,0.0,70.532623,,,
Movement,19/5/2024,11:57:26,13.038833,141841.262433,11335.588842,4130.103399,0.0,0.0,0.0,Walking,Ascending,239,0,0,0.0,0.0,124.789558,,,
Movement,19/5/2024,11:57:27,13.543323,141798.698448,11448.923986,4127.686663,0.0,0.0,0.0,Walking,Ascending,240,0,0,0.0,0.0,101.805923,,,
Movement,19/5/2024,11:57:27,14.023674,141700.038708,11461.750241,4128.131878,0.0,0.0,0.0,Walking,Ascending,239,0,0,0.0,0.0,-165.226578,,,
Movement,19/5/2024,11:57:28,14.546443,141645.160946,11459.675281,4128.717522,0.0,0.0,0.0,Walking,Ascending,0,0,0,0.0,0.0,167.927399,,,
Movement,19/5/2024,11:57:28,15.044537,141645.160946,11459.675281,4128.717522,0.0,0.0,0.0,Walking,Ascending,0,0,0,0.0,0.0,167.927399,,,
Movement,19/5/2024,11:57:29,15.526818,141645.160946,11459.675281,4128.717522,0.0,0.0,0.0,Walking,Ascending,0,0,0,0.0,0.0,167.927399,,,
Movement,19/5/2024,11:57:29,16.021657,141645.160946,11459.675281,4128.717522,0.0,0.0,0.0,Walking,Ascending,0,0,0,0.0,0.0,167.927399,,,
Movement,19/5/2024,11:57:30,16.546293,141643.631694,11461.133017,4128.665493,0.0,0.0,0.0,Walking,Ascending,39,0,0,0.0,0.0,136.65921,,,
Movement,19/5/2024,11:57:30,17.041107,141585.361188,11494.206499,4127.383546,0.0,0.0,0.0,Walking,Ascending,240,0,0,0.0,0.0,157.039597,,,
Movement,19/5/2024,11:57:31,17.542318,141471.289421,11532.055538,4125.614202,0.0,0.0,0.0,Walking,Ascending,239,0,0,0.0,0.0,165.389771,,,
Movement,19/5/2024,11:57:31,18.035286,141442.438727,11539.582852,4125.032146,0.0,0.0,0.0,Walking,Ascending,0,0,0,0.0,0.0,173.864166,,,
Movement,19/5/2024,11:57:32,18.531315,141442.438727,11539.582852,4125.032146,0.0,0.0,0.0,Walking,Ascending,0,0,0,0.0,0.0,173.864166,,,
Movement,19/5/2024,11:57:32,19.030757,141442.438727,11539.582852,4125.032146,0.0,0.0,0.0,Walking,Ascending,0,0,0,0.0,0.0,173.864166,,,
Movement,19/5/2024,11:57:33,19.53295,141442.438727,11539.582852,4125.032146,0.0,0.0,0.0,Walking,Ascending,0,0,0,0.0,0.0,173.864166,,,
Movement,19/5/2024,11:57:33,20.023167,141442.438727,11539.582852,4125.032146,0.0,0.0,0.0,Walking,Ascending,0,0,0,0.0,0.0,173.864166,,,
Movement,19/5/2024,11:57:34,20.526907,141442.438727,11539.582852,4125.032146,0.0,0.0,0.0,Walking,Ascending,0,0,0,0.0,0.0,173.864166,,,
Movement,19/5/2024,11:57:34,21.024532,141442.438727,11539.582852,4125.032146,0.0,0.0,0.0,Walking,Ascending,0,0,0,0.0,0.0,173.864166,,,
Movement,19/5/2024,11:57:35,21.548904,141364.990703,11482.526403,4128.979571,0.0,0.0,0.0,Walking,Ascending,239,0,0,0.0,0.0,-148.433762,,,

ID,Date, Day Time,Time Stamp,PosX,PosY,PosZ,Roll(X),Pitch(Y),Yaw(Z),Movement State,Flying State,Velocity,Stamina,Number of Objects Detected,ObjectXPosX,ObjectXPosY,ObjectXPosZ,ObjectXType,Zone,Note
Movement,19/5/2024,11:57:42,0.0,140148.209155,13248.932643,4517.13193,0.0,0.0,0.0,Walking,Ascending,0,0,0,0.0,0.0,2.525954,,,
Movement,19/5/2024,11:57:42,0.54011,140148.209155,13248.932643,4517.13193,0.0,0.0,0.0,Walking,Ascending,0,0,0,0.0,0.0,2.525954,,,
Movement,19/5/2024,11:57:43,1.041304,140148.209155,13248.932643,4513.659739,0.0,0.0,0.0,Walking,Ascending,133,0,0,0.0,0.0,2.525954,,,
Movement,19/5/2024,11:57:43,1.529185,140148.209155,13248.932643,4439.741828,0.0,0.0,0.0,Walking,Ascending,0,0,0,0.0,0.0,2.525954,,,
Movement,19/5/2024,11:57:44,2.03626,140148.209155,13248.932643,4439.741828,0.0,0.0,0.0,Walking,Ascending,0,0,0,0.0,0.0,2.525954,,,
Movement,19/5/2024,11:57:44,2.549266,140148.209155,13248.932643,4439.741828,0.0,0.0,0.0,Walking,Ascending,0,0,0,0.0,0.0,2.525954,,,
Movement,19/5/2024,11:57:45,3.040927,140148.209155,13248.932643,4439.741828,0.0,0.0,0.0,Walking,Ascending,0,0,0,0.0,0.0,2.525954,,,
Movement,19/5/2024,11:57:45,3.536728,140166.453805,13227.764391,4439.741828,0.0,0.0,0.0,Walking,Ascending,240,0,0,0.0,0.0,-44.949036,,,
Movement,19/5/2024,11:57:46,4.038252,140266.938655,13162.774453,4439.741828,0.0,0.0,0.0,Walking,Ascending,239,0,0,0.0,0.0,-25.734039,,,
Movement,19/5/2024,11:57:46,4.528768,140374.759569,13115.172769,4439.741828,0.0,0.0,0.0,Walking,Ascending,239,0,0,0.0,0.0,-23.529053,,,
Movement,19/5/2024,11:57:47,5.031168,140487.755785,13073.105773,4439.741828,0.0,0.0,0.0,Walking,Ascending,239,0,0,0.0,0.0,-19.749054,,,
Movement,19/5/2024,11:57:47,5.526345,140605.34563,13059.050475,4439.741828,0.0,0.0,0.0,Walking,Ascending,240,0,0,0.0,0.0,2.090949,,,
Movement,19/5/2024,11:57:48,6.034277,140726.949313,13070.479455,4439.741828,0.0,0.0,0.0,Walking,Ascending,239,0,0,0.0,0.0,7.655951,,,
Movement,19/5/2024,11:57:48,6.538589,140843.325229,13099.314217,4439.741828,0.0,0.0,0.0,Walking,Ascending,240,0,0,0.0,0.0,20.360954,,,
Movement,19/5/2024,11:57:49,7.030485,140950.557555,13148.285404,4439.741828,0.0,0.0,0.0,Walking,Ascending,240,0,0,0.0,0.0,31.070953,,,
Movement,19/5/2024,11:57:49,7.530392,140989.964442,13175.858661,4439.741828,0.0,0.0,0.0,Walking,Ascending,0,0,0,0.0,0.0,36.215958,,,
Movement,19/5/2024,11:57:50,8.037854,140971.463939,13162.258271,4439.741828,0.0,0.0,0.0,Walking,Ascending,0,0,0,0.0,0.0,-0.131256,,,
Movement,19/5/2024,11:57:50,8.536822,140971.463939,13162.258271,4439.741828,0.0,0.0,0.0,Walking,Ascending,0,0,0,0.0,0.0,-0.131256,,,
Movement,19/5/2024,11:57:51,9.047895,140971.463939,13162.258271,4439.741828,0.0,0.0,0.0,Walking,Ascending,0,0,0,0.0,0.0,-0.131256,,,
Movement,19/5/2024,11:57:51,9.543786,140995.558255,13090.943005,4439.741828,0.0,0.0,0.0,Walking,Ascending,240,0,0,0.0,0.0,-53.679047,,,
Movement,19/5/2024,11:57:52,10.032192,141065.175037,12996.243845,4439.741828,0.0,0.0,0.0,Walking,Ascending,240,0,0,0.0,0.0,-53.679047,,,
Movement,19/5/2024,11:57:52,10.538568,141078.69069,12977.858609,4439.741828,0.0,0.0,0.0,Walking,Ascending,0,0,0,0.0,0.0,-53.679047,,,
Movement,19/5/2024,11:57:53,11.027464,141078.69069,12977.858609,4439.741828,0.0,0.0,0.0,Walking,Ascending,0,0,0,0.0,0.0,-53.679047,,,
Movement,19/5/2024,11:57:53,11.54153,141078.69069,12977.858609,4439.741828,0.0,0.0,0.0,Walking,Ascending,0,0,0,0.0,0.0,-53.679047,,,

Movement,19/5/2024,11:57:54,12.156867,141078.69069,12977.858609,4439.741828,0.0,0.0,0.0,Walking,Ascending,0,0,0,0.0,0.0,-53.679047,,,
Movement,19/5/2024,11:57:55,12.823534,141078.69069,12977.858609,4439.741828,0.0,0.0,0.0,Walking,Ascending,0,0,0,0.0,0.0,-53.679047,,,
Movement,19/5/2024,11:57:55,13.156867,141078.69069,12977.858609,4439.741828,0.0,0.0,0.0,Walking,Ascending,0,0,0,0.0,0.0,-53.679047,,,
Movement,19/5/2024,11:57:56,13.823565,141078.69069,12977.858609,4439.741828,0.0,0.0,0.0,Walking,Ascending,0,0,0,0.0,0.0,-53.679047,,,
Movement,19/5/2024,11:57:56,14.156908,141078.69069,12977.858609,4439.741828,0.0,0.0,0.0,Walking,Ascending,0,0,0,0.0,0.0,-53.679047,,,
Movement,19/5/2024,11:57:56,14.52922,141078.69069,12977.858609,4439.741828,0.0,0.0,0.0,Walking,Ascending,0,0,0,0.0,0.0,-53.679047,,,
Movement,19/5/2024,11:57:57,15.033965,141078.69069,12977.858609,4439.741828,0.0,0.0,0.0,Walking,Ascending,0,0,0,0.0,0.0,-53.679047,,,
Movement,19/5/2024,11:57:57,15.548362,141078.69069,12977.858609,4439.741828,0.0,0.0,0.0,Walking,Ascending,0,0,0,0.0,0.0,-53.679047,,,
Movement,19/5/2024,11:57:58,16.277747,141078.69069,12977.858609,4439.741828,0.0,0.0,0.0,Walking,Ascending,0,0,0,0.0,0.0,-53.679047,,,
Movement,19/5/2024,11:57:58,16.611081,141078.69069,12977.858609,4439.741828,0.0,0.0,0.0,Walking,Ascending,0,0,0,0.0,0.0,-53.679047,,,
Movement,19/5/2024,11:57:59,17.277749,141078.69069,12977.858609,4439.741828,0.0,0.0,0.0,Walking,Ascending,0,0,0,0.0,0.0,-53.679047,,,
Movement,19/5/2024,11:57:59,17.611082,141078.69069,12977.858609,4439.741828,0.0,0.0,0.0,Walking,Ascending,0,0,0,0.0,0.0,-53.679047,,,
Movement,19/5/2024,11:58:0,18.278207,141078.69069,12977.858609,4439.741828,0.0,0.0,0.0,Walking,Ascending,0,0,0,0.0,0.0,-53.679047,,,
Movement,19/5/2024,11:58:0,18.61154,141078.69069,12977.858609,4439.741828,0.0,0.0,0.0,Walking,Ascending,0,0,0,0.0,0.0,-53.679047,,,
Movement,19/5/2024,11:58:1,19.279176,141078.69069,12977.858609,4439.741828,0.0,0.0,0.0,Walking,Ascending,0,0,0,0.0,0.0,-53.679047,,,
Movement,19/5/2024,11:58:1,19.612509,141078.69069,12977.858609,4439.741828,0.0,0.0,0.0,Walking,Ascending,0,0,0,0.0,0.0,-53.679047,,,
Movement,19/5/2024,11:58:2,20.279177,141078.69069,12977.858609,4439.741828,0.0,0.0,0.0,Walking,Ascending,0,0,0,0.0,0.0,-53.679047,,,
Movement,19/5/2024,11:58:2,20.61251,141078.69069,12977.858609,4439.741828,0.0,0.0,0.0,Walking,Ascending,0,0,0,0.0,0.0,-53.679047,,,
Movement,19/5/2024,11:58:3,21.03257,141078.69069,12977.858609,4439.741828,0.0,0.0,0.0,Walking,Ascending,0,0,0,0.0,0.0,-53.679047,,,
Movement,19/5/2024,11:58:3,21.543552,141078.69069,12977.858609,4439.741828,0.0,0.0,0.0,Walking,Ascending,0,0,0,0.0,0.0,-53.679047,,,

Movement,19/5/2024,11:58:4,22.061745,141078.69069,12977.858609,4439.741828,0.0,0.0,0.0,Walking,Ascending,0,0,0,0.0,0.0,-53.679047,,,
Movement,19/5/2024,11:58:4,22.53831,141078.69069,12977.858609,4439.741828,0.0,0.0,0.0,Walking,Ascending,0,0,0,0.0,0.0,-53.679047,,,
Movement,19/5/2024,11:58:5,23.204977,141078.69069,12977.858609,4439.741828,0.0,0.0,0.0,Walking,Ascending,0,0,0,0.0,0.0,-53.679047,,,
Movement,19/5/2024,11:58:5,23.538311,141078.69069,12977.858609,4439.741828,0.0,0.0,0.0,Walking,Ascending,0,0,0,0.0,0.0,-53.679047,,,
Movement,19/5/2024,11:58:6,24.204978,141078.69069,12977.858609,4439.741828,0.0,0.0,0.0,Walking,Ascending,0,0,0,0.0,0.0,-53.679047,,,
Movement,19/5/2024,11:58:6,24.538312,141078.69069,12977.858609,4439.741828,0.0,0.0,0.0,Walking,Ascending,0,0,0,0.0,0.0,-53.679047,,,
Movement,19/5/2024,11:58:7,25.204979,141078.69069,12977.858609,4439.741828,0.0,0.0,0.0,Walking,Ascending,0,0,0,0.0,0.0,-53.679047,,,
Movement,19/5/2024,11:58:7,25.528714,141078.69069,12977.858609,4439.741828,0.0,0.0,0.0,Walking,Ascending,0,0,0,0.0,0.0,-53.679047,,,
Movement,19/5/2024,11:58:8,26.030008,141078.69069,12977.858609,4439.741828,0.0,0.0,0.0,Walking,Ascending,0,0,0,0.0,0.0,-53.679047,,,
Movement,19/5/2024,11:58:8,26.539669,141078.69069,12977.858609,4439.741828,0.0,0.0,0.0,Walking,Ascending,0,0,0,0.0,0.0,-53.679047,,,
Movement,19/5/2024,11:58:9,27.038949,141078.69069,12977.858609,4439.741828,0.0,0.0,0.0,Walking,Ascending,0,0,0,0.0,0.0,-53.679047,,,
Movement,19/5/2024,11:58:9,27.526076,141078.69069,12977.858609,4439.741828,0.0,0.0,0.0,Walking,Ascending,0,0,0,0.0,0.0,-53.679047,,,
Movement,19/5/2024,11:58:10,28.04075,141078.69069,12977.858609,4439.741828,0.0,0.0,0.0,Walking,Ascending,0,0,0,0.0,0.0,-53.679047,,,
Movement,19/5/2024,11:58:10,28.528809,141078.69069,12977.858609,4439.741828,0.0,0.0,0.0,Walking,Ascending,0,0,0,0.0,0.0,-53.679047,,,
Movement,19/5/2024,11:58:11,29.034625,141078.69069,12977.858609,4439.741828,0.0,0.0,0.0,Walking,Ascending,0,0,0,0.0,0.0,-53.679047,,,
Movement,19/5/2024,11:58:11,29.531415,141112.564591,12899.756412,4439.741828,0.0,0.0,0.0,Walking,Ascending,240,0,0,0.0,0.0,-8.761566,,,
Movement,19/5/2024,11:58:12,30.03915,141173.271149,13000.658017,4439.741828,0.0,0.0,0.0,Walking,Ascending,239,0,0,0.0,0.0,87.155952,,,
Movement,19/5/2024,11:58:12,30.539513,141144.699972,13116.556218,4439.741828,0.0,0.0,0.0,Walking,Ascending,240,0,0,0.0,0.0,106.580956,,,
Movement,19/5/2024,11:58:13,31.033223,141110.701173,13230.741508,4439.741828,0.0,0.0,0.0,Walking,Ascending,240,0,0,0.0,0.0,106.580956,,,
Movement,19/5/2024,11:58:13,31.536478,141076.539502,13345.473808,4439.741828,0.0,0.0,0.0,Walking,Ascending,240,0,0,0.0,0.0,106.580956,,,

Movement,19/5/2024,11:58:14,32.038146,141042.078371,13461.211848,4439.741828,0.0,0.0,0.0,Walking,Ascending,240,0,0,0.0,0.0,106.580956,,,
Movement,19/5/2024,11:58:14,32.527948,141062.747579,13508.413839,4439.741828,0.0,0.0,0.0,Walking,Ascending,240,0,0,0.0,0.0,-47.205841,,,
Movement,19/5/2024,11:58:15,33.036102,141086.184643,13390.600551,4439.741828,0.0,0.0,0.0,Walking,Ascending,240,0,0,0.0,0.0,-93.039032,,,
Movement,19/5/2024,11:58:15,33.54024,141062.446904,13272.133745,4439.741828,0.0,0.0,0.0,Walking,Ascending,239,0,0,0.0,0.0,-109.314056,,,
Movement,19/5/2024,11:58:16,34.034222,141075.020169,13163.25772,4439.741828,0.0,0.0,0.0,Walking,Ascending,240,0,0,0.0,0.0,-64.314056,,,
Movement,19/5/2024,11:58:16,34.528652,141087.807719,13054.39784,4439.741828,0.0,0.0,0.0,Walking,Ascending,240,0,0,0.0,0.0,-109.314056,,,
Movement,19/5/2024,11:58:17,35.030455,141056.928309,12937.07909,4439.741828,0.0,0.0,0.0,Walking,Ascending,240,0,0,0.0,0.0,-101.229034,,,
Movement,19/5/2024,11:58:17,35.526003,141038.717889,12820.470737,4439.741828,0.0,0.0,0.0,Walking,Ascending,239,0,0,0.0,0.0,-96.399048,,,
Movement,19/5/2024,11:58:18,36.031309,141036.903774,12699.367634,4439.741828,0.0,0.0,0.0,Walking,Ascending,239,0,0,0.0,0.0,-81.489044,,,
Movement,19/5/2024,11:58:18,36.525476,141006.680543,12588.508236,4439.741828,0.0,0.0,0.0,Walking,Ascending,240,0,0,0.0,0.0,-102.549042,,,
Movement,19/5/2024,11:58:19,37.04166,140999.06781,12469.176143,4439.31695,0.0,0.0,0.0,Walking,Ascending,140,0,0,0.0,0.0,-84.384033,,,
Movement,19/5/2024,11:58:19,37.540548,140999.377338,12465.9786,4439.23218,0.0,0.0,0.0,Walking,Ascending,0,0,0,0.0,0.0,-84.384033,,,
Movement,19/5/2024,11:58:20,38.025894,140999.377338,12465.9786,4439.23218,0.0,0.0,0.0,Walking,Ascending,0,0,0,0.0,0.0,-84.384033,,,
Movement,19/5/2024,11:58:20,38.525544,140999.377338,12465.9786,4439.23218,0.0,0.0,0.0,Walking,Ascending,0,0,0,0.0,0.0,-84.384033,,,
Movement,19/5/2024,11:58:21,39.030972,140999.377338,12465.9786,4439.23218,0.0,0.0,0.0,Walking,Ascending,0,0,0,0.0,0.0,-84.384033,,,
Movement,19/5/2024,11:58:21,39.526007,141004.606567,12467.294125,4619.017561,0.0,0.0,0.0,TakeOff,Hovering,599,0,0,0.0,0.0,2.259827,,,
Movement,19/5/2024,11:58:22,40.046663,141184.526418,12468.701882,4748.735576,0.0,0.0,0.0,Flying,Gliding,600,0,0,0.0,0.0,-31.425568,,,
Dash,19/5/2024,11:58:22,40.334577,141331.21513,12403.835416,4741.164464,0.0,0.0,0.0,,Gliding,617,0,0,0.0,0.000488,-47.743011,,,
Movement,19/5/2024,11:58:22,40.534847,141448.926732,12321.873104,4740.979225,0.0,0.0,0.0,Flying,Ascending,616,0,0,-0.0,0.000488,-28.487732,,,
Movement,19/5/2024,11:58:23,41.031467,141862.85996,12187.098189,4874.572016,0.0,0.0,0.0,Flying,Ascending,1188,0,0,0.0,0.000488,1.745596,,,
Movement,19/5/2024,11:58:23,41.547748,142439.948775,12158.940962,5054.438926,0.0,0.0,0.0,Flying,Gliding,1176,0,0,0.0,0.000488,-1.376892,,,

Movement,19/5/2024,11:58:24,42.030575,142892.16167,12147.411641,5103.928888,0.0,0.0,0.0,Braking,Gliding,717,0,0,0.0,0.000488,27.604935,,,
Movement,19/5/2024,11:58:24,42.525393,143159.036075,12141.450334,4953.912977,0.0,0.0,0.0,Flying,Gliding,627,0,0,0.0,0.000488,30.775114,,,
Movement,19/5/2024,11:58:25,43.025784,143347.902473,12163.311816,4837.529299,0.0,0.0,0.0,Walking,Ascending,240,0,0,0.0,0.0,13.336453,,,
Movement,19/5/2024,11:58:25,43.529698,143462.477573,12191.826138,4837.529299,0.0,0.0,0.0,Walking,Ascending,239,0,0,0.0,0.0,16.125347,,,
Movement,19/5/2024,11:58:26,44.02881,143578.19386,12226.852475,4837.529299,0.0,0.0,0.0,Walking,Ascending,240,0,0,0.0,0.0,14.709102,,,
Movement,19/5/2024,11:58:26,44.525133,143695.457256,12241.89065,4837.529299,0.0,0.0,0.0,Walking,Ascending,239,0,0,0.0,0.0,-1.493927,,,
Movement,19/5/2024,11:58:27,45.027789,143818.069794,12235.374143,4837.529299,0.0,0.0,0.0,Walking,Ascending,239,0,0,0.0,0.0,-4.092804,,,
Movement,19/5/2024,11:58:27,45.553329,143941.789364,12238.092039,4837.529299,0.0,0.0,0.0,Walking,Ascending,239,0,0,0.0,0.0,8.43552,,,
Movement,19/5/2024,11:58:28,46.050195,144055.460015,12273.722732,4837.529299,0.0,0.0,0.0,Walking,Ascending,240,0,0,0.0,0.0,24.255493,,,
Movement,19/5/2024,11:58:28,46.541215,144168.078257,12298.973601,4837.529299,0.0,0.0,0.0,Walking,Ascending,240,0,0,0.0,0.0,-4.78717,,,
Movement,19/5/2024,11:58:29,47.044189,144222.057666,12289.190259,4837.529299,0.0,0.0,0.0,Walking,Ascending,0,0,0,0.0,0.0,-4.782928,,,
Movement,19/5/2024,11:58:29,47.532555,144222.057666,12289.190259,4837.529299,0.0,0.0,0.0,Walking,Ascending,0,0,0,0.0,0.0,-4.782928,,,
Movement,19/5/2024,11:58:30,48.038964,144222.057666,12289.190259,4837.529299,0.0,0.0,0.0,Walking,Ascending,0,0,0,0.0,0.0,-4.782928,,,
Movement,19/5/2024,11:58:30,48.533024,144222.057666,12289.190259,4837.529299,0.0,0.0,0.0,Walking,Ascending,0,0,0,0.0,0.0,-4.782928,,,
Movement,19/5/2024,11:58:31,49.02897,144222.949947,12289.793816,4837.529299,0.0,0.0,0.0,Walking,Ascending,7,0,0,0.0,0.0,30.500795,,,
Movement,19/5/2024,11:58:31,49.525367,144291.480364,12295.557898,4837.529299,0.0,0.0,0.0,Walking,Ascending,240,0,0,0.0,0.0,-9.414429,,,
Movement,19/5/2024,11:58:32,50.040787,144374.614395,12209.18234,4837.529299,0.0,0.0,0.0,Walking,Ascending,240,0,0,0.0,0.0,-50.787201,,,
Movement,19/5/2024,11:58:32,50.539156,144420.952977,12110.183782,4837.529299,0.0,0.0,0.0,Walking,Ascending,239,0,0,0.0,0.0,-101.651581,,,
Movement,19/5/2024,11:58:33,51.032007,144408.62202,12095.83703,4837.529299,0.0,0.0,0.0,Walking,Ascending,0,0,0,0.0,0.0,-163.974228,,,
Movement,19/5/2024,11:58:33,51.544587,144408.62202,12095.83703,4837.529299,0.0,0.0,0.0,Walking,Ascending,0,0,0,0.0,0.0,-163.974228,,,

Movement,19/5/2024,11:58:34,52.045544,144408.62202,12095.83703,4837.529299,0.0,0.0,0.0,Walking,Ascending,0,0,0,0.0,0.0,-163.974228,,,
Movement,19/5/2024,11:58:34,52.526626,144408.62202,12095.83703,4837.529299,0.0,0.0,0.0,Walking,Ascending,0,0,0,0.0,0.0,-163.974228,,,
Movement,19/5/2024,11:58:35,53.029343,144408.62202,12095.83703,4837.529299,0.0,0.0,0.0,Walking,Ascending,0,0,0,0.0,0.0,-163.974228,,,
Movement,19/5/2024,11:58:35,53.536702,144408.62202,12095.83703,4837.529299,0.0,0.0,0.0,Walking,Ascending,0,0,0,0.0,0.0,-163.974228,,,
Movement,19/5/2024,11:58:36,54.038379,144406.934491,12089.570148,4837.529299,0.0,0.0,0.0,Walking,Ascending,32,0,0,0.0,0.0,-107.014908,,,
Movement,19/5/2024,11:58:36,54.542957,144397.624884,12055.621868,4837.529299,0.0,0.0,0.0,Walking,Ascending,125,0,0,0.0,0.0,-104.323669,,,
Movement,19/5/2024,11:58:37,55.033378,144374.72364,11976.446184,4837.529299,0.0,0.0,0.0,Walking,Ascending,186,0,0,0.0,0.0,-107.809517,,,
Movement,19/5/2024,11:58:37,55.534596,144360.92939,11931.351147,4836.917228,0.0,0.0,0.0,Walking,Ascending,0,0,0,0.0,0.0,-95.387146,,,
Movement,19/5/2024,11:58:38,56.042117,144360.92939,11931.351147,4836.917228,0.0,0.0,0.0,Walking,Ascending,0,0,0,0.0,0.0,-95.387146,,,
Movement,19/5/2024,11:58:38,56.548761,144360.000992,11922.934818,4836.799852,0.0,0.0,0.0,Walking,Ascending,0,0,0,0.0,0.0,-91.552734,,,
Movement,19/5/2024,11:58:39,57.034377,144360.000992,11922.934818,4836.799852,0.0,0.0,0.0,Walking,Ascending,0,0,0,0.0,0.0,-91.552734,,,
Movement,19/5/2024,11:58:40,57.658055,144360.000992,11922.934818,4836.799852,0.0,0.0,0.0,Walking,Ascending,0,0,0,0.0,0.0,-91.552734,,,
Movement,19/5/2024,11:58:40,58.324722,144360.000992,11922.934818,4836.799852,0.0,0.0,0.0,Walking,Ascending,0,0,0,0.0,0.0,-91.552734,,,
Movement,19/5/2024,11:58:41,58.658056,144360.000992,11922.934818,4836.799852,0.0,0.0,0.0,Walking,Ascending,0,0,0,0.0,0.0,-91.552734,,,
Movement,19/5/2024,11:58:41,59.324724,144360.000992,11922.934818,4836.799852,0.0,0.0,0.0,Walking,Ascending,0,0,0,0.0,0.0,-91.552734,,,
Movement,19/5/2024,11:58:42,59.658058,144360.000992,11922.934818,4836.799852,0.0,0.0,0.0,Walking,Ascending,0,0,0,0.0,0.0,-91.552734,,,
Movement,19/5/2024,11:58:42,60.325005,144360.000992,11922.934818,4836.799852,0.0,0.0,0.0,Walking,Ascending,0,0,0,0.0,0.0,-91.552734,,,
Movement,19/5/2024,11:58:43,60.659768,144360.000992,11922.934818,4836.799852,0.0,0.0,0.0,Walking,Ascending,0,0,0,0.0,0.0,-91.552734,,,
Movement,19/5/2024,11:58:43,61.326435,144360.000992,11922.934818,4836.799852,0.0,0.0,0.0,Walking,Ascending,0,0,0,0.0,0.0,-91.552734,,,
Movement,19/5/2024,11:58:44,61.659768,144360.000992,11922.934818,4836.799852,0.0,0.0,0.0,Walking,Ascending,0,0,0,0.0,0.0,-91.552734,,,

Movement,19/5/2024,11:58:44,62.326435,144360.000992,11922.934818,4836.799852,0.0,0.0,0.0,Walking,Ascending,0,0,0,0.0,0.0,-91.552734,,,
Movement,19/5/2024,11:58:45,62.660562,144360.000992,11922.934818,4836.799852,0.0,0.0,0.0,Walking,Ascending,0,0,0,0.0,0.0,-91.552734,,,
Movement,19/5/2024,11:58:45,63.327229,144360.000992,11922.934818,4836.799852,0.0,0.0,0.0,Walking,Ascending,0,0,0,0.0,0.0,-91.552734,,,
Movement,19/5/2024,11:58:46,63.660562,144360.000992,11922.934818,4836.799852,0.0,0.0,0.0,Walking,Ascending,0,0,0,0.0,0.0,-91.552734,,,
Movement,19/5/2024,11:58:46,64.327229,144360.000992,11922.934818,4836.799852,0.0,0.0,0.0,Walking,Ascending,0,0,0,0.0,0.0,-91.552734,,,
Movement,19/5/2024,11:58:47,64.660563,144360.000992,11922.934818,4836.799852,0.0,0.0,0.0,Walking,Ascending,0,0,0,0.0,0.0,-91.552734,,,
Movement,19/5/2024,11:58:47,65.32723,144360.000992,11922.934818,4836.799852,0.0,0.0,0.0,Walking,Ascending,0,0,0,0.0,0.0,-91.552734,,,
Movement,19/5/2024,11:58:48,65.660564,144360.000992,11922.934818,4836.799852,0.0,0.0,0.0,Walking,Ascending,0,0,0,0.0,0.0,-91.552734,,,
Movement,19/5/2024,11:58:48,66.327232,144360.000992,11922.934818,4836.799852,0.0,0.0,0.0,Walking,Ascending,0,0,0,0.0,0.0,-91.552734,,,
Movement,19/5/2024,11:58:49,66.660565,144360.000992,11922.934818,4836.799852,0.0,0.0,0.0,Walking,Ascending,0,0,0,0.0,0.0,-91.552734,,,
Movement,19/5/2024,11:58:49,67.327232,144360.000992,11922.934818,4836.799852,0.0,0.0,0.0,Walking,Ascending,0,0,0,0.0,0.0,-91.552734,,,
Movement,19/5/2024,11:58:50,67.660566,144360.000992,11922.934818,4836.799852,0.0,0.0,0.0,Walking,Ascending,0,0,0,0.0,0.0,-91.552734,,,
Movement,19/5/2024,11:58:50,68.338685,144360.000992,11922.934818,4836.799852,0.0,0.0,0.0,Walking,Ascending,0,0,0,0.0,0.0,-91.552734,,,
Movement,19/5/2024,11:58:51,68.672019,144360.000992,11922.934818,4836.799852,0.0,0.0,0.0,Walking,Ascending,0,0,0,0.0,0.0,-91.552734,,,
Movement,19/5/2024,11:58:51,69.338687,144360.000992,11922.934818,4836.799852,0.0,0.0,0.0,Walking,Ascending,0,0,0,0.0,0.0,-91.552734,,,
Movement,19/5/2024,11:58:52,69.67202,144360.000992,11922.934818,4836.799852,0.0,0.0,0.0,Walking,Ascending,0,0,0,0.0,0.0,-91.552734,,,
Movement,19/5/2024,11:58:52,70.338688,144360.000992,11922.934818,4836.799852,0.0,0.0,0.0,Walking,Ascending,0,0,0,0.0,0.0,-91.552734,,,
Movement,19/5/2024,11:58:53,70.672022,144360.000992,11922.934818,4836.799852,0.0,0.0,0.0,Walking,Ascending,0,0,0,0.0,0.0,-91.552734,,,
Movement,19/5/2024,11:58:53,71.338689,144360.000992,11922.934818,4836.799852,0.0,0.0,0.0,Walking,Ascending,0,0,0,0.0,0.0,-91.552734,,,
Movement,19/5/2024,11:58:54,71.672023,144360.000992,11922.934818,4836.799852,0.0,0.0,0.0,Walking,Ascending,0,0,0,0.0,0.0,-91.552734,,,

Movement,19/5/2024,11:58:54,72.338693,144360.000992,11922.934818,4836.799852,0.0,0.0,0.0,Walking,Ascending,0,0,0,0.0,0.0,-91.552734,,,
Movement,19/5/2024,11:58:55,72.672027,144360.000992,11922.934818,4836.799852,0.0,0.0,0.0,Walking,Ascending,0,0,0,0.0,0.0,-91.552734,,,
Movement,19/5/2024,11:58:55,73.338694,144360.000992,11922.934818,4836.799852,0.0,0.0,0.0,Walking,Ascending,0,0,0,0.0,0.0,-91.552734,,,
Movement,19/5/2024,11:58:56,73.672027,144360.000992,11922.934818,4836.799852,0.0,0.0,0.0,Walking,Ascending,0,0,0,0.0,0.0,-91.552734,,,
Movement,19/5/2024,11:58:56,74.338695,144360.000992,11922.934818,4836.799852,0.0,0.0,0.0,Walking,Ascending,0,0,0,0.0,0.0,-91.552734,,,
Movement,19/5/2024,11:58:57,74.672029,144360.000992,11922.934818,4836.799852,0.0,0.0,0.0,Walking,Ascending,0,0,0,0.0,0.0,-91.552734,,,
Movement,19/5/2024,11:58:57,75.339517,144360.000992,11922.934818,4836.799852,0.0,0.0,0.0,Walking,Ascending,0,0,0,0.0,0.0,-91.552734,,,
Movement,19/5/2024,11:58:58,75.672851,144360.000992,11922.934818,4836.799852,0.0,0.0,0.0,Walking,Ascending,0,0,0,0.0,0.0,-91.552734,,,
Movement,19/5/2024,11:58:58,76.339518,144360.000992,11922.934818,4836.799852,0.0,0.0,0.0,Walking,Ascending,0,0,0,0.0,0.0,-91.552734,,,
Movement,19/5/2024,11:58:59,76.672852,144360.000992,11922.934818,4836.799852,0.0,0.0,0.0,Walking,Ascending,0,0,0,0.0,0.0,-91.552734,,,
Movement,19/5/2024,11:58:59,77.339518,144360.000992,11922.934818,4836.799852,0.0,0.0,0.0,Walking,Ascending,0,0,0,0.0,0.0,-91.552734,,,
Movement,19/5/2024,11:59:0,77.672852,144360.000992,11922.934818,4836.799852,0.0,0.0,0.0,Walking,Ascending,0,0,0,0.0,0.0,-91.552734,,,
Movement,19/5/2024,11:59:0,78.33952,144360.000992,11922.934818,4836.799852,0.0,0.0,0.0,Walking,Ascending,0,0,0,0.0,0.0,-91.552734,,,
Movement,19/5/2024,11:59:1,78.672853,144360.000992,11922.934818,4836.799852,0.0,0.0,0.0,Walking,Ascending,0,0,0,0.0,0.0,-91.552734,,,
Movement,19/5/2024,11:59:1,79.339521,144360.000992,11922.934818,4836.799852,0.0,0.0,0.0,Walking,Ascending,0,0,0,0.0,0.0,-91.552734,,,
Movement,19/5/2024,11:59:2,79.672854,144360.000992,11922.934818,4836.799852,0.0,0.0,0.0,Walking,Ascending,0,0,0,0.0,0.0,-91.552734,,,
Movement,19/5/2024,11:59:2,80.339522,144360.000992,11922.934818,4836.799852,0.0,0.0,0.0,Walking,Ascending,0,0,0,0.0,0.0,-91.552734,,,
Movement,19/5/2024,11:59:3,80.672866,144360.000992,11922.934818,4836.799852,0.0,0.0,0.0,Walking,Ascending,0,0,0,0.0,0.0,-91.552734,,,
Movement,19/5/2024,11:59:3,81.341164,144360.000992,11922.934818,4836.799852,0.0,0.0,0.0,Walking,Ascending,0,0,0,0.0,0.0,-91.552734,,,
Movement,19/5/2024,11:59:4,81.674498,144360.000992,11922.934818,4836.799852,0.0,0.0,0.0,Walking,Ascending,0,0,0,0.0,0.0,-91.552734,,,

Movement,19/5/2024,11:59:4,82.341166,144360.000992,11922.934818,4836.799852,0.0,0.0,0.0,Walking,Ascending,0,0,0,0.0,0.0,-91.552734,,,
Movement,19/5/2024,11:59:5,82.674499,144360.000992,11922.934818,4836.799852,0.0,0.0,0.0,Walking,Ascending,0,0,0,0.0,0.0,-91.552734,,,
Movement,19/5/2024,11:59:5,83.341516,144360.000992,11922.934818,4836.799852,0.0,0.0,0.0,Walking,Ascending,0,0,0,0.0,0.0,-91.552734,,,
Movement,19/5/2024,11:59:6,83.674849,144360.000992,11922.934818,4836.799852,0.0,0.0,0.0,Walking,Ascending,0,0,0,0.0,0.0,-91.552734,,,
Movement,19/5/2024,11:59:6,84.341529,144360.000992,11922.934818,4836.799852,0.0,0.0,0.0,Walking,Ascending,0,0,0,0.0,0.0,-91.552734,,,
Movement,19/5/2024,11:59:7,84.674862,144360.000992,11922.934818,4836.799852,0.0,0.0,0.0,Walking,Ascending,0,0,0,0.0,0.0,-91.552734,,,
Movement,19/5/2024,11:59:7,85.342122,144360.000992,11922.934818,4836.799852,0.0,0.0,0.0,Walking,Ascending,0,0,0,0.0,0.0,-91.552734,,,
Movement,19/5/2024,11:59:8,85.675456,144360.000992,11922.934818,4836.799852,0.0,0.0,0.0,Walking,Ascending,0,0,0,0.0,0.0,-91.552734,,,
Movement,19/5/2024,11:59:8,86.343082,144360.000992,11922.934818,4836.799852,0.0,0.0,0.0,Walking,Ascending,0,0,0,0.0,0.0,-91.552734,,,
Movement,19/5/2024,11:59:9,86.676416,144360.000992,11922.934818,4836.799852,0.0,0.0,0.0,Walking,Ascending,0,0,0,0.0,0.0,-91.552734,,,
Movement,19/5/2024,11:59:9,87.343645,144360.000992,11922.934818,4836.799852,0.0,0.0,0.0,Walking,Ascending,0,0,0,0.0,0.0,-91.552734,,,
Movement,19/5/2024,11:59:10,87.676979,144360.000992,11922.934818,4836.799852,0.0,0.0,0.0,Walking,Ascending,0,0,0,0.0,0.0,-91.552734,,,
Movement,19/5/2024,11:59:10,88.343647,144360.000992,11922.934818,4836.799852,0.0,0.0,0.0,Walking,Ascending,0,0,0,0.0,0.0,-91.552734,,,
Movement,19/5/2024,11:59:11,88.67698,144360.000992,11922.934818,4836.799852,0.0,0.0,0.0,Walking,Ascending,0,0,0,0.0,0.0,-91.552734,,,
Movement,19/5/2024,11:59:11,89.343648,144360.000992,11922.934818,4836.799852,0.0,0.0,0.0,Walking,Ascending,0,0,0,0.0,0.0,-91.552734,,,
Movement,19/5/2024,11:59:12,89.676982,144360.000992,11922.934818,4836.799852,0.0,0.0,0.0,Walking,Ascending,0,0,0,0.0,0.0,-91.552734,,,
Movement,19/5/2024,11:59:12,90.343718,144360.000992,11922.934818,4836.799852,0.0,0.0,0.0,Walking,Ascending,0,0,0,0.0,0.0,-91.552734,,,
Movement,19/5/2024,11:59:13,90.677063,144360.000992,11922.934818,4836.799852,0.0,0.0,0.0,Walking,Ascending,0,0,0,0.0,0.0,-91.552734,,,
Movement,19/5/2024,11:59:13,91.34373,144360.000992,11922.934818,4836.799852,0.0,0.0,0.0,Walking,Ascending,0,0,0,0.0,0.0,-91.552734,,,
Movement,19/5/2024,11:59:14,91.677064,144360.000992,11922.934818,4836.799852,0.0,0.0,0.0,Walking,Ascending,0,0,0,0.0,0.0,-91.552734,,,

ID,Date, Day Time,Time Stamp,PosX,PosY,PosZ,Roll(X),Pitch(Y),Yaw(Z),Movement State,Flying State,Velocity,Stamina,Number of Objects Detected,ObjectXPosX,ObjectXPosY,ObjectXPosZ,ObjectXType,Zone,Note
Movement,19/5/2024,11:59:26,0.0,89580.768929,14032.833269,-871.046262,0.0,0.0,0.0,Walking,Ascending,0,0,0,0.0,0.0,-150.325668,,,
Movement,19/5/2024,11:59:26,0.552449,89580.768929,14032.833269,-871.046262,0.0,0.0,0.0,Walking,Ascending,0,0,0,0.0,0.0,-150.325668,,,
Movement,19/5/2024,11:59:27,1.041342,89580.768929,14032.833269,-880.460727,0.0,0.0,0.0,Walking,Ascending,219,0,0,0.0,0.0,-150.325668,,,
Movement,19/5/2024,11:59:27,1.562476,89495.241531,14008.721953,-884.682844,0.0,0.0,0.0,Walking,Ascending,499,0,0,0.0,0.0,-166.296509,,,
Movement,19/5/2024,11:59:28,2.058425,89295.109031,13927.344824,-819.578699,0.0,0.0,0.0,Flying,Descending,605,0,0,0.0,0.0,-167.504135,,,
Movement,19/5/2024,11:59:28,2.541611,89007.353847,13846.839369,-899.091429,0.0,0.0,0.0,Flying,Descending,696,0,0,0.0,0.0,-166.937469,,,
Movement,19/5/2024,11:59:29,3.045065,88746.660522,13785.70237,-1157.513298,0.0,0.0,0.0,Flying,Gliding,763,0,0,0.0,0.0,-164.665634,,,
Movement,19/5/2024,11:59:29,3.57029,88422.021476,13699.251907,-1370.230499,0.0,0.0,0.0,Flying,Gliding,748,0,0,0.0,0.0,-164.363174,,,
Movement,19/5/2024,11:59:30,4.044368,88114.525396,13613.649071,-1519.393667,0.0,0.0,0.0,Flying,Descending,755,0,0,0.0,0.0,-164.363174,,,
Movement,19/5/2024,11:59:30,4.549084,87778.03529,13519.488468,-1678.141167,0.0,0.0,0.0,Flying,Gliding,754,0,0,0.0,0.0,-164.354309,,,
Movement,19/5/2024,11:59:31,5.068369,87430.250765,13422.096679,-1848.847032,0.0,0.0,0.0,Braking,Descending,780,0,0,0.0,0.0,-164.354309,,,
Movement,19/5/2024,11:59:31,5.561903,87228.884849,13365.703621,-2080.742579,0.0,0.0,0.0,Walking,Descending,0,0,0,0.0,0.0,-164.354309,,,
Movement,19/5/2024,11:59:32,6.048743,87228.884849,13365.703621,-2080.742579,0.0,0.0,0.0,Walking,Descending,0,0,0,0.0,0.0,-164.354309,,,
Movement,19/5/2024,11:59:32,6.545926,87228.884849,13365.703621,-2080.742579,0.0,0.0,0.0,Walking,Descending,0,0,0,0.0,0.0,-164.354309,,,
Movement,19/5/2024,11:59:33,7.061015,87228.884849,13365.703621,-2080.742579,0.0,0.0,0.0,Walking,Descending,0,0,0,0.0,0.0,-164.354309,,,
Movement,19/5/2024,11:59:33,7.557961,87228.884849,13365.703621,-2080.742579,0.0,0.0,0.0,Walking,Descending,0,0,0,0.0,0.0,-164.354309,,,
Movement,19/5/2024,11:59:34,8.043311,87228.884849,13365.703621,-2080.742579,0.0,0.0,0.0,Walking,Descending,0,0,0,0.0,0.0,-164.354309,,,
Movement,19/5/2024,11:59:34,8.563327,87191.42003,13375.604248,-2080.742579,0.0,0.0,0.0,Walking,Descending,240,0,0,0.0,0.0,165.657837,,,
Movement,19/5/2024,11:59:35,9.057314,87080.261678,13350.412035,-2080.742579,0.0,0.0,0.0,Walking,Descending,239,0,0,0.0,0.0,-145.836823,,,
Movement,19/5/2024,11:59:35,9.565005,86991.412576,13265.328277,-2080.742579,0.0,0.0,0.0,Walking,Descending,239,0,0,0.0,0.0,-142.470703,,,
Movement,19/5/2024,11:59:36,10.064154,86888.314554,13207.075752,-2080.742579,0.0,0.0,0.0,Walking,Descending,240,0,0,0.0,0.0,-151.001465,,,
Movement,19/5/2024,11:59:36,10.563675,86782.726675,13150.99771,-2080.742579,0.0,0.0,0.0,Walking,Descending,239,0,0,0.0,0.0,-139.494904,,,
Movement,19/5/2024,11:59:37,11.054034,86689.771432,13080.545004,-2080.742579,0.0,0.0,0.0,Walking,Descending,239,0,0,0.0,0.0,-153.785156,,,
Movement,19/5/2024,11:59:37,11.566864,86569.576086,13059.64904,-2080.742579,0.0,0.0,0.0,Walking,Descending,240,0,0,0.0,0.0,170.850174,,,

Movement,19/5/2024,11:59:38,12.044389,86467.416441,13108.214244,-2080.742579,0.0,0.0,0.0,Walking,Descending,240,0,0,0.0,0.0,145.492508,,,
Movement,19/5/2024,11:59:38,12.551246,86358.836681,13091.185725,-2080.742579,0.0,0.0,0.0,Walking,Descending,239,0,0,0.0,0.0,-151.549149,,,
Movement,19/5/2024,11:59:39,13.062489,86245.382457,13091.573173,-2080.742579,0.0,0.0,0.0,Walking,Descending,239,0,0,0.0,0.0,135.661392,,,
Movement,19/5/2024,11:59:39,13.560213,86290.701576,13190.009732,-2080.742579,0.0,0.0,0.0,Walking,Descending,240,0,0,0.0,0.0,44.71397,,,
Movement,19/5/2024,11:59:40,14.041893,86351.166987,13287.984396,-2080.742579,0.0,0.0,0.0,Walking,Descending,240,0,0,0.0,0.0,65.438202,,,
Movement,19/5/2024,11:59:40,14.559213,86390.958856,13404.915044,-2080.742579,0.0,0.0,0.0,Walking,Descending,239,0,0,0.0,0.0,75.682838,,,
Movement,19/5/2024,11:59:41,15.050764,86403.330877,13465.774888,-2080.742579,0.0,0.0,0.0,Walking,Descending,0,0,0,0.0,0.0,77.679237,,,
Movement,19/5/2024,11:59:41,15.546329,86403.330877,13465.774888,-2080.742579,0.0,0.0,0.0,Walking,Descending,0,0,0,0.0,0.0,77.679237,,,
Movement,19/5/2024,11:59:42,16.0587,86412.012223,13465.774598,-2080.742579,0.0,0.0,0.0,Walking,Descending,0,0,0,0.0,0.0,-15.774109,,,
Movement,19/5/2024,11:59:42,16.559659,86412.012223,13465.774598,-2080.742579,0.0,0.0,0.0,Walking,Descending,0,0,0,0.0,0.0,-15.774109,,,
Movement,19/5/2024,11:59:43,17.049243,86371.528415,13552.627247,-2080.742579,0.0,0.0,0.0,Walking,Descending,239,0,0,0.0,0.0,138.419571,,,
Movement,19/5/2024,11:59:43,17.544938,86265.760343,13540.199926,-2080.742579,0.0,0.0,0.0,Walking,Descending,239,0,0,0.0,0.0,-160.415817,,,
Movement,19/5/2024,11:59:44,18.059527,86158.882081,13597.794728,-2080.742579,0.0,0.0,0.0,Walking,Descending,240,0,0,0.0,0.0,141.824661,,,
Movement,19/5/2024,11:59:44,18.546393,86053.429511,13646.041655,-2080.742579,0.0,0.0,0.0,Walking,Descending,239,0,0,0.0,0.0,175.857925,,,
Movement,19/5/2024,11:59:45,19.047813,85943.026001,13604.574332,-2080.742579,0.0,0.0,0.0,Walking,Descending,239,0,0,0.0,0.0,-145.682037,,,
Movement,19/5/2024,11:59:45,19.542697,85853.809718,13525.942387,-1990.951402,0.0,0.0,0.0,Walking,Descending,489,0,0,0.0,0.0,-150.566635,,,
Dash,19/5/2024,11:59:46,19.987654,85649.877159,13512.647988,-1911.868159,0.0,0.0,0.0,,Gliding,599,0,0,0.0,0.0,-164.820694,,,
Movement,19/5/2024,11:59:46,20.064896,85591.535245,13502.609489,-1892.251622,0.0,0.0,0.0,Flying,Ascending,600,0,0,0.0,0.0,-161.981339,,,
Movement,19/5/2024,11:59:46,20.550828,85240.500871,13406.874243,-1812.676239,0.0,0.0,0.0,Flying,Gliding,1242,0,0,0.0,0.0,-161.832306,,,
Movement,19/5/2024,11:59:47,21.064659,84635.178756,13211.848531,-1794.692403,0.0,0.0,0.0,Flying,Gliding,1180,0,0,0.0,0.0,-161.71405,,,
Movement,19/5/2024,11:59:47,21.54381,84137.962063,13047.204286,-1748.094601,0.0,0.0,0.0,Flying,Descending,1096,0,0,0.0,0.0,-161.087494,,,

ID,Date, Day Time,Time Stamp,PosX,PosY,PosZ,Roll(X),Pitch(Y),Yaw(Z),Movement State,Flying State,Velocity,Stamina,Number of Objects Detected,ObjectXPosX,ObjectXPosY,ObjectXPosZ,ObjectXType,Zone,Note
Movement,19/5/2024,12:42:3,0.0,39304.779542,14833.203482,191.922991,0.0,0.0,0.0,Walking,Ascending,0,0,0,0.0,0.0,25.0,,,
Movement,19/5/2024,12:42:4,0.775185,39304.779542,14833.203482,191.922991,0.0,0.0,0.0,Walking,Ascending,0,0,0,0.0,0.0,25.0,,,
Movement,19/5/2024,12:42:4,1.043504,39304.779542,14833.203482,182.150703,0.0,0.0,0.0,Walking,Ascending,223,0,0,0.0,0.0,25.0,,,
Movement,19/5/2024,12:42:5,1.545952,39304.779542,14833.203482,114.710001,0.0,0.0,0.0,Walking,Ascending,0,0,0,0.0,0.0,25.0,,,
Movement,19/5/2024,12:42:5,2.03506,39304.779542,14833.203482,114.710001,0.0,0.0,0.0,Walking,Ascending,0,0,0,0.0,0.0,25.0,,,
Movement,19/5/2024,12:42:6,2.510792,39304.779542,14833.203482,114.710001,0.0,0.0,0.0,Walking,Ascending,0,0,0,0.0,0.0,25.0,,,
Movement,19/5/2024,12:42:6,3.041975,39399.964181,14902.091938,248.657177,0.0,0.0,0.0,TakeOff,Hovering,600,0,0,0.0,0.0,25.0,,,
Dash,19/5/2024,12:42:6,3.2335,39443.52392,14922.45689,306.056096,0.0,0.0,0.0,,Gliding,600,0,0,0.0,0.0,24.997971,,,
Movement,19/5/2024,12:42:7,3.523889,39618.423925,15003.618432,322.939149,0.0,0.0,0.0,Flying,Gliding,599,0,0,0.0,0.0,23.659494,,,
Dash,19/5/2024,12:42:7,3.728373,39739.32041,15058.01473,336.751544,0.0,0.0,0.0,,Gliding,1210,0,0,0.0,0.0,23.435295,,,
Movement,19/5/2024,12:42:7,4.020877,40086.350233,15213.168363,351.598024,0.0,0.0,0.0,Flying,Gliding,1189,0,0,0.0,0.0,24.134855,,,
Dash,19/5/2024,12:42:7,4.070452,40113.086943,15225.087351,354.349876,0.0,0.0,0.0,,Gliding,1187,0,0,0.0,0.0,24.134855,,,
Movement,19/5/2024,12:42:8,4.520232,40672.347081,15476.17642,433.404087,0.0,0.0,0.0,Flying,Gliding,1739,0,0,0.0,0.0,25.661789,,,
Movement,19/5/2024,12:42:8,5.014026,41434.672266,15838.472105,431.569515,0.0,0.0,0.0,Flying,Gliding,1682,0,0,0.0,0.0,26.263136,,,
Dash,19/5/2024,12:42:8,5.363138,41993.394266,16106.98194,363.446507,0.0,0.0,0.0,,Gliding,2217,0,0,0.0,0.0,19.822495,,,
Movement,19/5/2024,12:42:9,5.512551,42354.73256,16243.544707,348.572662,0.0,0.0,0.0,Flying,Ascending,2178,0,0,0.0,0.0,10.378432,,,
Movement,19/5/2024,12:42:9,6.010303,43402.208519,16494.123606,535.994499,0.0,0.0,0.0,Flying,Gliding,2490,0,0,0.0,0.0,-7.817688,,,
Dash,19/5/2024,12:42:10,6.376463,44195.538613,16499.730005,660.617775,0.0,0.0,0.0,,Gliding,2098,0,0,0.0,0.0,0.033203,,,
Movement,19/5/2024,12:42:10,6.535671,44591.787063,16506.943242,682.82085,0.0,0.0,0.0,Flying,Descending,2087,0,0,0.0,0.0,11.175161,,,
Movement,19/5/2024,12:42:10,7.01248,45577.755318,16630.58099,597.2085,0.0,0.0,0.0,Flying,Descending,2089,0,0,0.0,0.0,11.175161,,,
Dash,19/5/2024,12:42:10,7.113678,45730.700722,16658.260376,576.864813,0.0,0.0,0.0,,Gliding,2084,0,0,0.0,0.0,11.176702,,,
Movement,19/5/2024,12:42:11,7.527623,46609.685853,16827.296235,488.46608,0.0,0.0,0.0,Flying,Gliding,1991,0,0,0.0,0.0,11.230819,,,
Dash,19/5/2024,12:42:11,7.962936,47570.049828,17017.242283,449.24682,0.0,0.0,0.0,,Gliding,2404,0,0,0.0,0.0,11.230819,,,
Movement,19/5/2024,12:42:11,8.03165,47786.226613,17060.100414,442.055941,0.0,0.0,0.0,Flying,Gliding,2379,0,0,0.0,0.0,11.1116,,,
Movement,19/5/2024,12:42:12,8.524676,48937.203896,17281.734823,551.674735,0.0,0.0,0.0,Flying,Ascending,2470,0,0,0.0,0.0,10.633929,,,
Movement,19/5/2024,12:42:12,9.031758,50100.748144,17500.090802,796.092298,0.0,0.0,0.0,Flying,Gliding,2332,0,0,0.0,0.0,6.355336,,,
Movement,19/5/2024,12:42:13,9.531719,51218.629057,17658.062481,972.47607,0.0,0.0,0.0,Flying,Gliding,2202,0,0,0.0,0.0,4.606008,,,
Dash,19/5/2024,12:42:13,10.011846,52163.417587,17745.478403,989.35227,0.0,0.0,0.0,,Gliding,2082,0,0,0.0,0.0,3.896185,,,
Movement,19/5/2024,12:42:13,10.011846,52217.562833,17749.634637,977.008043,0.0,0.0,0.0,Flying,Gliding,2081,0,0,0.0,0.0,3.886704,,,
Movement,19/5/2024,12:42:14,10.519662,53204.920091,17813.466864,568.310736,0.0,0.0,0.0,Flying,Ascending,2486,0,0,0.0,0.0,1.09841,,,
Dash,19/5/2024,12:42:14,10.767215,53747.768543,17832.172851,484.789946,0.0,0.0,0.0,,Gliding,2422,0,0,0.0,0.0,0.267276,,,
Movement,19/5/2024,12:42:14,11.042133,54481.774717,17818.508223,576.44898,0.0,0.0,0.0,Flying,Gliding,2337,0,0,0.0,0.0,-18.044739,,,
Movement,19/5/2024,12:42:15,11.525206,55457.136384,17376.540256,799.453146,0.0,0.0,0.0,Flying,Descending,2087,0,0,0.0,0.0,-73.198456,,,
Dash,19/5/2024,12:42:15,11.630174,55541.500407,17270.724944,816.944588,0.0,0.0,0.0,,Gliding,2083,0,0,0.0,0.0,-81.163818,,,

ID,Date, Day Time,Time Stamp,PosX,PosY,PosZ,Roll(X),Pitch(Y),Yaw(Z),Movement State,Flying State,Velocity,Stamina,Number of Objects Detected,ObjectXPosX,ObjectXPosY,ObjectXPosZ,ObjectXType,Zone,Note
Movement,19/5/2024,12:42:27,0.0,2885.151535,12361.063591,2155.021374,0.0,0.0,0.0,Walking,Ascending,0,0,0,0.0,0.0,-0.005912,,,
Movement,19/5/2024,12:42:28,0.629621,2885.151535,12361.063591,2155.021374,0.0,0.0,0.0,Walking,Ascending,0,0,0,0.0,0.0,-0.005912,,,
Movement,19/5/2024,12:42:28,1.108881,2885.151535,12361.063591,2115.994108,0.0,0.0,0.0,Walking,Ascending,445,0,0,0.0,0.0,-0.005912,,,
Movement,19/5/2024,12:42:28,1.542643,2885.151535,12361.063591,1877.544551,0.0,0.0,0.0,Walking,Ascending,0,0,0,0.0,0.0,-0.005912,,,
Movement,19/5/2024,12:42:30,2.015624,2885.151535,12361.063591,1877.544551,0.0,0.0,0.0,Walking,Ascending,0,0,0,0.0,0.0,-0.005912,,,
Movement,19/5/2024,12:42:30,2.537238,2885.151535,12361.063591,1877.544551,0.0,0.0,0.0,Walking,Ascending,0,0,0,0.0,0.0,-0.005912,,,
Movement,19/5/2024,12:42:30,3.017198,2896.920208,12361.773686,1925.182723,0.0,0.0,0.0,Walking,Ascending,674,0,0,0.0,0.0,3.244707,,,
Movement,19/5/2024,12:42:31,3.513739,3079.187674,12364.122143,2068.619754,0.0,0.0,0.0,Flying,Gliding,600,0,0,0.0,0.0,-1.541016,,,
Dash,19/5/2024,12:42:31,3.6099,3117.991489,12363.203581,2069.198389,0.0,0.0,0.0,,Gliding,612,0,0,0.0,0.0,-3.25351,,,
Movement,19/5/2024,12:42:32,4.036399,3413.200638,12345.889681,2009.370551,0.0,0.0,0.0,Flying,Gliding,671,0,0,0.0,0.0,-5.74939,,,
Dash,19/5/2024,12:42:32,4.238614,3617.320499,12327.716846,1972.213851,0.0,0.0,0.0,,Gliding,1256,0,0,0.0,0.0,-5.74939,,,
Movement,19/5/2024,12:42:32,4.514446,3996.789802,12294.916399,1945.992666,0.0,0.0,0.0,Flying,Ascending,1225,0,0,0.0,0.0,-3.635223,,,
Dash,19/5/2024,12:42:32,4.856307,4386.240296,12266.375272,1995.070563,0.0,0.0,0.0,,Gliding,1792,0,0,0.0,0.0,-3.010651,,,
Movement,19/5/2024,12:42:32,5.012893,4718.23715,12245.744909,2025.384913,0.0,0.0,0.0,Flying,Gliding,1758,0,0,0.0,0.0,-3.010651,,,
Dash,19/5/2024,12:42:33,5.347859,5240.395841,12216.516645,2006.876183,0.0,0.0,0.0,,Gliding,1705,0,0,0.0,0.0,-2.039032,,,
Movement,19/5/2024,12:42:33,5.542783,5620.913494,12202.511156,1985.696926,0.0,0.0,0.0,Flying,Gliding,1666,0,0,0.0,0.0,-0.859192,,,
Dash,19/5/2024,12:42:33,5.98175,6503.064328,12181.369044,2001.910702,0.0,0.0,0.0,,Gliding,2168,0,0,0.0,0.0,-0.859192,,,
Movement,19/5/2024,12:42:33,6.019224,6651.382251,12178.735776,2007.784736,0.0,0.0,0.0,Flying,Gliding,2152,0,0,0.0,0.0,-0.859192,,,
Movement,19/5/2024,12:42:34,6.514127,7712.57094,12162.062587,2030.660555,0.0,0.0,0.0,Flying,Gliding,2070,0,0,0.0,0.0,-0.818665,,,
Dash,19/5/2024,12:42:34,6.678911,7983.284781,12158.08913,2015.810278,0.0,0.0,0.0,,Gliding,2040,0,0,0.0,0.0,-0.818665,,,
Movement,19/5/2024,12:42:34,7.013488,8713.857311,12147.549858,1956.405213,0.0,0.0,0.0,Flying,Gliding,1961,0,0,0.0,0.0,-0.818665,,,
Movement,19/5/2024,12:42:35,7.518427,9901.874174,12130.55062,1845.17174,0.0,0.0,0.0,Flying,Gliding,2395,0,0,0.0,0.0,-0.818665,,,
Movement,19/5/2024,12:42:36,8.03375,11138.402576,12114.304798,1732.666294,0.0,0.0,0.0,Flying,Gliding,2508,0,0,0.0,0.0,-0.804993,,,
Movement,19/5/2024,12:42:36,8.544444,12439.592939,12128.240934,1740.262188,0.0,0.0,0.0,Flying,Ascending,2539,0,0,0.0,0.0,-0.366882,,,
Movement,19/5/2024,12:42:37,9.032887,13673.996261,12141.254463,1747.800974,0.0,0.0,0.0,Flying,Gliding,2536,0,0,0.0,0.0,-0.362288,,,
Movement,19/5/2024,12:42:37,9.515718,14908.12296,12154.408925,1755.683477,0.0,0.0,0.0,Flying,Gliding,2540,0,0,0.0,0.0,-0.360382,,,
Movement,19/5/2024,12:42:38,10.030273,16218.18644,12169.676235,1767.62012,0.0,0.0,0.0,Flying,Gliding,2542,0,0,0.0,0.0,-0.225891,,,
Movement,19/5/2024,12:42:38,10.510913,17426.441831,12187.575377,1794.943614,0.0,0.0,0.0,Flying,Gliding,2537,0,0,0.0,0.0,-0.225891,,,
Movement,19/5/2024,12:42:38,11.018367,18699.37103,12261.301054,1917.653381,0.0,0.0,0.0,Flying,Gliding,2536,0,0,0.0,0.0,15.853097,,,
Movement,19/5/2024,12:42:39,11.512218,19832.440604,12753.89,2162.614317,0.0,0.0,0.0,Flying,Ascending,2541,0,0,0.0,0.0,47.42009,,,
Dash,19/5/2024,12:42:39,11.548782,19832.440604,12753.89,2162.614317,0.0,0.0,0.0,,Gliding,2500,0,0,0.0,0.0,47.42009,,,

Movement,19/5/2024,12:42:40,12.026017,20909.540992,13475.884103,2463.748584,0.0,0.0,0.0,Flying,Gliding,3137,0,0,0.0,0.0,27.658024,,,
Dash,19/5/2024,12:42:40,12.164919,21118.934736,13616.90363,2522.414699,0.0,0.0,0.0,,Gliding,2500,0,0,0.0,0.0,27.658024,,,
Movement,19/5/2024,12:42:40,12.52176,21918.968578,14154.937472,2746.580083,0.0,0.0,0.0,Flying,Gliding,2536,0,0,0.0,0.0,29.359512,,,
Dash,19/5/2024,12:42:40,12.797652,22433.775909,14500.943979,2890.494675,0.0,0.0,0.0,,Gliding,2500,0,0,0.0,0.0,36.816391,,,
Movement,19/5/2024,12:42:41,13.043066,23005.182727,14885.142538,3050.4352,0.0,0.0,0.0,Flying,Gliding,2537,0,0,0.0,0.0,38.182575,,,
Dash,19/5/2024,12:42:41,13.362575,23593.710725,15280.798081,3215.280537,0.0,0.0,0.0,,Gliding,2500,0,0,0.0,0.0,38.182575,,,
Movement,19/5/2024,12:42:41,13.530358,24042.863834,15583.040555,3340.762159,0.0,0.0,0.0,Flying,Gliding,3141,0,0,0.0,0.0,37.128666,,,
Movement,19/5/2024,12:42:41,14.019366,24957.750513,16260.189458,3561.836097,0.0,0.0,0.0,Flying,Gliding,2365,0,0,0.0,0.0,35.412281,,,
Movement,19/5/2024,12:42:42,14.538589,25964.046853,16981.107781,3796.904931,0.0,0.0,0.0,Flying,Gliding,2434,0,0,0.0,0.0,35.412281,,,
Movement,19/5/2024,12:42:42,15.015464,26867.027719,17621.370229,4005.720176,0.0,0.0,0.0,Flying,Gliding,2305,0,0,0.0,0.0,34.197159,,,
Movement,19/5/2024,12:42:43,15.53276,27851.546081,18242.228283,4150.389241,0.0,0.0,0.0,Flying,Descending,2244,0,0,0.0,0.0,23.664673,,,
Dash,19/5/2024,12:42:43,15.810371,28346.449612,18476.931538,4146.970634,0.0,0.0,0.0,,Gliding,2198,0,0,0.0,0.0,16.0868,,,
Movement,19/5/2024,12:42:44,16.03743,28867.346636,18658.293527,4169.540964,0.0,0.0,0.0,Flying,Ascending,2136,0,0,0.0,0.0,11.895885,,,
Movement,19/5/2024,12:42:44,16.51699,29900.82242,18891.911461,4503.971949,0.0,0.0,0.0,Flying,Gliding,2432,0,0,0.0,0.0,4.798422,,,
Dash,19/5/2024,12:42:44,16.580654,29976.072187,18903.867016,4533.575926,0.0,0.0,0.0,,Gliding,2423,0,0,0.0,0.0,4.798422,,,
Movement,19/5/2024,12:42:44,17.021925,31010.477479,18998.427163,4941.907645,0.0,0.0,0.0,Flying,Gliding,2295,0,0,0.0,0.0,-2.806778,,,
Movement,19/5/2024,12:42:45,17.521557,32191.484752,18982.239688,5292.727949,0.0,0.0,0.0,Flying,Gliding,2367,0,0,0.0,0.0,-2.806778,,,
Movement,19/5/2024,12:42:45,18.018267,33304.43035,18994.462509,5567.789391,0.0,0.0,0.0,Flying,Descending,2273,0,0,0.0,0.0,15.984523,,,
Movement,19/5/2024,12:42:46,18.537489,34461.178684,19054.486373,5550.32602,0.0,0.0,0.0,Flying,Descending,2237,0,0,0.0,0.0,-28.791809,,,
Movement,19/5/2024,12:42:47,19.025417,35343.234125,18545.956923,5257.375661,0.0,0.0,0.0,Flying,Descending,2199,0,0,0.0,0.0,-82.066589,,,
Movement,19/5/2024,12:42:47,19.540221,35822.860826,17616.490044,4871.68371,0.0,0.0,0.0,Flying,Descending,2159,0,0,0.0,0.0,-82.365692,,,
Movement,19/5/2024,12:42:48,20.030974,36037.614284,16659.452201,4484.985089,0.0,0.0,0.0,Flying,Descending,2126,0,0,0.0,0.0,-82.365692,,,
Movement,19/5/2024,12:42:48,20.530017,36188.166584,15706.049752,4095.403579,0.0,0.0,0.0,Flying,Descending,2096,0,0,0.0,0.0,-77.726807,,,
Movement,19/5/2024,12:42:49,21.039884,36377.665175,14777.479018,3618.613896,0.0,0.0,0.0,Flying,Descending,2070,0,0,0.0,0.0,-71.482086,,,
Movement,19/5/2024,12:42:49,21.517324,36605.362461,14007.823142,3047.307434,0.0,0.0,0.0,Flying,Descending,2047,0,0,0.0,0.0,-69.968506,,,

ID,Date, Day Time,Time Stamp,PosX,PosY,PosZ,Roll(X),Pitch(Y),Yaw(Z),Movement State,Flying State,Velocity,Stamina,Number of Objects Detected,ObjectXPosX,ObjectXPosY,ObjectXPosZ,ObjectXType,Zone,Note
Movement,19/5/2024,13:4:12,0.0,-38811.157264,12121.167879,9170.568181,0.0,0.0,0.0,Walking,Ascending,0,0,0,0.0,0.0,-0.005912,,,
Movement,19/5/2024,13:4:13,0.665831,-38811.157264,12121.167879,9170.568181,0.0,0.0,0.0,Walking,Ascending,0,0,0,0.0,0.0,-0.005912,,,
Movement,19/5/2024,13:4:13,1.065831,-38811.157264,12121.167879,9145.271922,0.0,0.0,0.0,Walking,Ascending,359,0,0,0.0,0.0,-0.005912,,,
Movement,19/5/2024,13:4:14,1.724169,-38811.157264,12121.167879,9059.416935,0.0,0.0,0.0,Walking,Ascending,0,0,0,0.0,0.0,-0.005912,,,
Movement,19/5/2024,13:4:15,2.044847,-38811.157264,12121.167879,9059.416935,0.0,0.0,0.0,Walking,Ascending,0,0,0,0.0,0.0,-0.005912,,,
Movement,19/5/2024,13:4:15,2.548856,-38811.157264,12121.167879,9059.416935,0.0,0.0,0.0,Walking,Ascending,0,0,0,0.0,0.0,-0.005912,,,
Movement,19/5/2024,13:4:16,3.015283,-38811.157264,12121.167879,9174.870127,0.0,0.0,0.0,Walking,Ascending,227,0,0,0.0,0.0,-0.005912,,,
Movement,19/5/2024,13:4:16,3.567958,-38811.157264,12121.167879,9059.416935,0.0,0.0,0.0,Walking,Ascending,0,0,0,0.0,0.0,-0.005912,,,
Movement,19/5/2024,13:4:17,4.015982,-38811.157264,12121.167879,9183.192569,0.0,0.0,0.0,Walking,Ascending,96,0,0,0.0,0.0,-0.005912,,,
Movement,19/5/2024,13:4:17,4.520128,-38795.293693,12122.569898,9059.265414,0.0,0.0,0.0,Walking,Ascending,240,0,0,0.0,0.0,4.301455,,,
Movement,19/5/2024,13:4:18,5.038391,-38673.303594,12131.504872,9190.266169,0.0,0.0,0.0,Walking,Ascending,330,0,0,0.0,0.0,4.171029,,,
Movement,19/5/2024,13:4:18,5.538502,-38553.453639,12139.904234,8923.710224,0.0,0.0,0.0,Walking,Ascending,239,0,0,0.0,0.0,-0.696533,,,
Movement,19/5/2024,13:4:19,6.024254,-38436.781203,12132.260874,8940.645352,0.0,0.0,0.0,Walking,Ascending,239,0,0,0.0,0.0,-3.928714,,,
Movement,19/5/2024,13:4:19,6.529832,-38316.184925,12125.536059,8971.889894,0.0,0.0,0.0,Walking,Ascending,239,0,0,0.0,0.0,-0.54364,,,
Movement,19/5/2024,13:4:20,7.040347,-38193.450626,12133.371889,9004.332493,0.0,0.0,0.0,Walking,Ascending,239,0,0,0.0,0.0,5.853865,,,
Movement,19/5/2024,13:4:20,7.52867,-38077.623602,12145.417534,9023.71022,0.0,0.0,0.0,Walking,Ascending,239,0,0,0.0,0.0,6.019869,,,
Movement,19/5/2024,13:4:21,8.023501,-37958.75686,12163.905963,9023.71022,0.0,0.0,0.0,Walking,Ascending,239,0,0,0.0,0.0,10.898067,,,
Movement,19/5/2024,13:4:21,8.516339,-37843.893434,12186.021153,9023.71022,0.0,0.0,0.0,Walking,Ascending,239,0,0,0.0,0.0,10.898067,,,
Movement,19/5/2024,13:4:22,9.027478,-37791.463256,12195.989194,9023.71022,0.0,0.0,0.0,Walking,Ascending,0,0,0,0.0,0.0,10.161267,,,
Movement,19/5/2024,13:4:22,9.523941,-37791.463256,12195.989194,9023.71022,0.0,0.0,0.0,Walking,Ascending,0,0,0,0.0,0.0,10.161267,,,
Movement,19/5/2024,13:4:23,10.030236,-37791.463256,12195.989194,9023.71022,0.0,0.0,0.0,Walking,Ascending,0,0,0,0.0,0.0,10.161267,,,
Movement,19/5/2024,13:4:23,10.530128,-37791.463256,12195.989194,9023.71022,0.0,0.0,0.0,Walking,Ascending,0,0,0,0.0,0.0,10.161267,,,
Movement,19/5/2024,13:4:24,11.013509,-37791.463256,12195.989194,9023.71022,0.0,0.0,0.0,Walking,Ascending,0,0,0,0.0,0.0,10.161267,,,
Movement,19/5/2024,13:4:25,11.563292,-37791.463256,12195.989194,9023.71022,0.0,0.0,0.0,Walking,Ascending,0,0,0,0.0,0.0,10.161267,,,

ID,Date, Day Time,Time Stamp,PosX,PosY,PosZ,Roll(X),Pitch(Y),Yaw(Z),Movement State,Flying State,Velocity,Stamina,Number of Objects Detected,ObjectXPosX,ObjectXPosY,ObjectXPosZ,ObjectXType,Zone,Note
Movement,20/5/2024,15:55:56,0.0,-1850.405063,-11247.686846,192.099965,0.0,0.0,0.0,Walking,Ascending,0,0,0,0.0,0.0,24.071737,,,
Movement,20/5/2024,15:55:58,0.809324,-1850.405063,-11247.686846,192.099965,0.0,0.0,0.0,Walking,Ascending,0,0,0,0.0,0.0,24.071737,,,
Movement,20/5/2024,15:55:58,1.046528,-1850.405063,-11247.686846,187.815868,0.0,0.0,0.0,Walking,Ascending,147,0,0,0.0,0.0,24.071737,,,
Movement,20/5/2024,15:55:58,1.538956,-1850.405063,-11247.686846,114.71,0.0,0.0,0.0,Walking,Ascending,0,0,0,0.0,0.0,24.071737,,,
Movement,20/5/2024,15:55:59,2.018257,-1850.405063,-11247.686846,114.71,0.0,0.0,0.0,Walking,Ascending,0,0,0,0.0,0.0,24.071737,,,
Movement,20/5/2024,15:55:59,2.511937,-1850.405063,-11247.686846,114.71,0.0,0.0,0.0,Walking,Ascending,0,0,0,0.0,0.0,24.071737,,,
Movement,20/5/2024,15:56:0,3.011438,-1850.405063,-11247.686846,114.71,0.0,0.0,0.0,Walking,Ascending,0,0,0,0.0,0.0,24.071737,,,
Movement,20/5/2024,15:56:0,3.522128,-1850.405063,-11247.686846,114.71,0.0,0.0,0.0,Walking,Ascending,0,0,0,0.0,0.0,24.071737,,,
Movement,20/5/2024,15:56:1,4.054403,-1850.405063,-11247.686846,114.71,0.0,0.0,0.0,Walking,Ascending,0,0,0,0.0,0.0,24.071737,,,
Movement,20/5/2024,15:56:3,4.854403,-1850.405063,-11247.686846,114.71,0.0,0.0,0.0,Walking,Ascending,0,0,0,0.0,0.0,24.071737,,,
Movement,20/5/2024,15:56:3,5.254403,-1850.405063,-11247.686846,114.71,0.0,0.0,0.0,Walking,Ascending,0,0,0,0.0,0.0,24.071737,,,
Movement,20/5/2024,15:56:3,5.539539,-1850.405063,-11247.686846,114.71,0.0,0.0,0.0,Walking,Ascending,0,0,0,0.0,0.0,24.071737,,,
Movement,20/5/2024,15:56:4,6.025204,-1850.405063,-11247.686846,114.71,0.0,0.0,0.0,Walking,Ascending,0,0,0,0.0,0.0,24.071737,,,
Movement,20/5/2024,15:56:4,6.530151,-1850.405063,-11247.686846,114.71,0.0,0.0,0.0,Walking,Ascending,0,0,0,0.0,0.0,24.071737,,,
Movement,20/5/2024,15:56:5,7.013561,-1850.405063,-11247.686846,114.71,0.0,0.0,0.0,Walking,Ascending,0,0,0,0.0,0.0,24.071737,,,
Movement,20/5/2024,15:56:5,7.516074,-1850.405063,-11247.686846,114.71,0.0,0.0,0.0,Walking,Ascending,0,0,0,0.0,0.0,24.071737,,,
Movement,20/5/2024,15:56:6,8.038974,-1850.405063,-11247.686846,114.71,0.0,0.0,0.0,Walking,Ascending,0,0,0,0.0,0.0,24.071737,,,
Movement,20/5/2024,15:56:6,8.534326,-1850.405063,-11247.686846,114.71,0.0,0.0,0.0,Walking,Ascending,0,0,0,0.0,0.0,24.071737,,,
Movement,20/5/2024,15:56:7,9.035281,-1778.767584,-11201.604221,154.825002,0.0,0.0,0.0,Walking,Ascending,702,0,0,0.0,0.0,32.752178,,,
Movement,20/5/2024,15:56:7,9.517282,-1626.820782,-11103.817465,290.743362,0.0,0.0,0.0,Flying,Ascending,600,0,0,0.0,0.0,32.752178,,,
Dash,20/5/2024,15:56:7,9.871875,-1469.414885,-11001.678162,333.313296,0.0,0.0,0.0,,Gliding,599,0,0,0.0,0.0,37.030823,,,
Movement,20/5/2024,15:56:8,10.11177,-1352.974783,-10908.28085,467.218734,0.0,0.0,0.0,Flying,Gliding,600,0,0,0.0,0.0,46.62759,,,
Movement,20/5/2024,15:56:8,10.531769,-1149.604228,-10744.479052,740.652693,0.0,0.0,0.0,Flying,Descending,1228,0,0,0.0,0.0,43.519997,,,
Dash,20/5/2024,15:56:8,10.888972,-897.600723,-10520.508854,864.714901,0.0,0.0,0.0,,Gliding,1260,0,0,0.0,0.0,42.890121,,,
Movement,20/5/2024,15:56:9,11.030258,-741.464007,-10376.529849,800.024604,0.0,0.0,0.0,Flying,Descending,1278,0,0,0.0,0.0,43.238209,,,
Dash,20/5/2024,15:56:9,11.523689,-297.996822,-9948.106273,486.038267,0.0,0.0,0.0,,Gliding,1832,0,0,0.0,0.0,45.954174,,,
Movement,20/5/2024,15:56:9,11.523689,-206.758641,-9857.23291,448.142827,0.0,0.0,0.0,Flying,Gliding,1818,0,0,0.0,0.0,45.970478,,,

Movement,20/5/2024,15:56:10,12.029526,362.928787,-9277.566458,475.245677,0.0,0.0,0.0,Flying,Ascending,1733,0,0,0.0,0.0,45.977306,,,
Dash,20/5/2024,15:56:10,12.211047,573.127645,-9061.22193,548.560474,0.0,0.0,0.0,,Gliding,2299,0,0,0.0,0.0,45.520813,,,
Movement,20/5/2024,15:56:10,12.528465,1119.936851,-8504.446854,695.245363,0.0,0.0,0.0,Flying,Gliding,2210,0,0,0.0,0.0,45.149063,,,
Movement,20/5/2024,15:56:11,13.045409,1936.107763,-7680.842033,776.240697,0.0,0.0,0.0,Flying,Gliding,2457,0,0,0.0,0.0,45.735733,,,
Movement,20/5/2024,15:56:11,13.538571,2793.722917,-6806.790697,908.703385,0.0,0.0,0.0,Flying,Gliding,2315,0,0,0.0,0.0,45.741295,,,
Movement,20/5/2024,15:56:12,14.013679,3495.682412,-6087.299083,1047.9575,0.0,0.0,0.0,Flying,Gliding,2200,0,0,0.0,0.0,45.741295,,,
Movement,20/5/2024,15:56:12,14.529527,4259.1515,-5301.602207,1204.906,0.0,0.0,0.0,Flying,Ascending,2078,0,0,0.0,0.0,47.740726,,,
Dash,20/5/2024,15:56:12,14.87848,4678.906965,-4834.687949,1375.014002,0.0,0.0,0.0,,Gliding,2007,0,0,0.0,0.0,51.218418,,,
Movement,20/5/2024,15:56:13,15.035065,4890.943556,-4583.204667,1530.556006,0.0,0.0,0.0,Flying,Ascending,1968,0,0,0.0,0.0,51.218418,,,
Hit,20/5/2024,15:56:13,15.51588,5483.246041,-3855.199964,2009.740415,0.0,0.0,0.0,Collision,Gliding,0,0,0,0.0,0.0,51.136257,,,
Movement,20/5/2024,15:56:13,15.51588,5483.246041,-3855.199964,2009.740415,0.0,0.0,0.0,Collision,Gliding,0,0,0,0.0,0.0,51.136257,,,
Movement,20/5/2024,15:56:14,16.035373,5573.727986,-3784.908191,1635.208656,0.0,0.0,0.0,Collision,Gliding,687,0,0,0.0,0.0,51.136257,,,
Movement,20/5/2024,15:56:14,16.510747,5647.105723,-3704.613019,1492.242683,0.0,0.0,0.0,Flying,Gliding,600,0,0,0.0,0.0,51.190407,,,
Dash,20/5/2024,15:56:14,16.6063,5668.471777,-3678.311674,1516.777215,0.0,0.0,0.0,,Gliding,599,0,0,0.0,0.0,51.243477,,,
Dash,20/5/2024,15:56:14,16.852883,5758.823637,-3565.992508,1549.584172,0.0,0.0,0.0,,Gliding,600,0,0,0.0,0.0,51.296558,,,
Movement,20/5/2024,15:56:15,17.036029,5835.015343,-3470.734088,1591.31876,0.0,0.0,0.0,Braking,Ascending,600,0,0,0.0,0.0,51.606422,,,
Dash,20/5/2024,15:56:15,17.198038,5918.735274,-3365.835007,1647.186288,0.0,0.0,0.0,,Gliding,1056,0,0,0.0,0.0,51.886337,,,
Dash,20/5/2024,15:56:15,17.517807,6104.330406,-3130.890494,1773.027121,0.0,0.0,0.0,,Gliding,1007,0,0,0.0,0.0,51.939659,,,
Movement,20/5/2024,15:56:15,17.517807,6120.889476,-3109.822705,1781.454731,0.0,0.0,0.0,Flying,Gliding,1009,0,0,0.0,0.0,51.917667,,,
Dash,20/5/2024,15:56:15,17.811177,6285.509139,-2901.153097,1834.977211,0.0,0.0,0.0,,Gliding,1026,0,0,0.0,0.0,51.638222,,,
Movement,20/5/2024,15:56:16,18.034428,6521.746418,-2601.599825,1875.954083,0.0,0.0,0.0,Flying,Gliding,1589,0,0,0.0,0.0,51.769558,,,
Dash,20/5/2024,15:56:16,18.194953,6650.913848,-2437.799462,1908.181367,0.0,0.0,0.0,,Gliding,1569,0,0,0.0,0.0,51.842335,,,
Movement,20/5/2024,15:56:16,18.521211,6975.762648,-2024.81215,2045.344897,0.0,0.0,0.0,Flying,Ascending,1517,0,0,0.0,0.0,51.877247,,,
Dash,20/5/2024,15:56:16,18.792554,7252.613265,-1673.672221,2217.726499,0.0,0.0,0.0,,Gliding,2066,0,0,0.0,0.0,51.030842,,,
Movement,20/5/2024,15:56:17,19.029999,7566.864646,-1279.665793,2392.538093,0.0,0.0,0.0,Flying,Gliding,2008,0,0,0.0,0.0,51.030842,,,
Dash,20/5/2024,15:56:17,19.134753,7662.428106,-1160.68718,2439.336425,0.0,0.0,0.0,,Gliding,1991,0,0,0.0,0.0,51.030842,,,
Movement,20/5/2024,15:56:17,19.532708,8230.587859,-456.618183,2694.360895,0.0,0.0,0.0,Flying,Gliding,2447,0,0,0.0,0.0,51.030251,,,
Dash,20/5/2024,15:56:17,19.558017,8230.587859,-456.618183,2694.360895,0.0,0.0,0.0,,Gliding,2447,0,0,0.0,0.0,51.030251,,,
Movement,20/5/2024,15:56:18,20.034016,8957.11961,441.835838,3001.25292,0.0,0.0,0.0,Flying,Gliding,2310,0,0,0.0,0.0,51.030251,,,
Movement,20/5/2024,15:56:18,20.537054,9709.104959,1371.511258,3316.096648,0.0,0.0,0.0,Flying,Gliding,2385,0,0,0.0,0.0,51.030251,,,
Movement,20/5/2024,15:56:19,21.021814,10388.298542,2211.154235,3600.021236,0.0,0.0,0.0,Flying,Gliding,2258,0,0,0.0,0.0,51.030251,,,
Movement,20/5/2024,15:56:20,21.825258,11796.722532,3952.290725,4188.713453,0.0,0.0,0.0,Flying,Ascending,1989,0,0,0.0,0.0,51.030251,,,

Movement,20/5/2024,15:56:20,22.158772,12185.428889,4432.821262,4351.184034,0.0,0.0,0.0,Flying,Ascending,1917,0,0,0.0,0.0,51.030251,,,
Movement,20/5/2024,15:56:21,22.825439,12921.70479,5343.027761,4658.930893,0.0,0.0,0.0,Flying,Ascending,1783,0,0,0.0,0.0,51.030251,,,
Movement,20/5/2024,15:56:21,23.158773,13270.634573,5774.385294,4804.775734,0.0,0.0,0.0,Flying,Ascending,1720,0,0,0.0,0.0,51.030251,,,
Movement,20/5/2024,15:56:21,23.512522,13324.578389,5841.072268,4827.323043,0.0,0.0,0.0,Flying,Ascending,1712,0,0,0.0,0.0,51.030251,,,
Movement,20/5/2024,15:56:22,24.029055,13843.569938,6482.665291,5044.249896,0.0,0.0,0.0,Flying,Ascending,1627,0,0,0.0,0.0,51.030251,,,
Dash,20/5/2024,15:56:22,24.370786,14149.799161,6861.48863,5172.298787,0.0,0.0,0.0,,Gliding,1578,0,0,0.0,0.0,52.10973,,,
Movement,20/5/2024,15:56:22,24.515802,14306.690559,7067.128647,5243.587162,0.0,0.0,0.0,Flying,Ascending,1552,0,0,0.0,0.0,56.951805,,,
Dash,20/5/2024,15:56:22,24.671901,14414.99575,7218.607764,5314.883005,0.0,0.0,0.0,,Gliding,1533,0,0,0.0,0.0,59.853157,,,
Dash,20/5/2024,15:56:23,25.01785,14693.451145,7632.227248,5703.575403,0.0,0.0,0.0,,Gliding,2067,0,0,0.0,0.0,52.352009,,,
Movement,20/5/2024,15:56:23,25.01785,14715.304065,7664.099451,5736.250941,0.0,0.0,0.0,Flying,Gliding,2061,0,0,0.0,0.0,52.352009,,,
Dash,20/5/2024,15:56:23,25.361062,15027.404602,8097.097814,6096.861154,0.0,0.0,0.0,,Gliding,1991,0,0,0.0,0.0,52.352009,,,
Movement,20/5/2024,15:56:23,25.516143,15214.397536,8344.479048,6272.665351,0.0,0.0,0.0,Flying,Gliding,1953,0,0,0.0,0.0,52.352009,,,
Dash,20/5/2024,15:56:23,25.884265,15633.524034,8893.042276,6615.21528,0.0,0.0,0.0,,Gliding,2091,0,0,0.0,0.0,52.767799,,,
Movement,20/5/2024,15:56:24,26.013834,15821.326677,9139.106887,6702.883978,0.0,0.0,0.0,Flying,Descending,2080,0,0,0.0,0.0,52.767799,,,
Movement,20/5/2024,15:56:24,26.511174,16455.972654,9958.461214,6739.56975,0.0,0.0,0.0,Flying,Descending,2095,0,0,0.0,0.0,55.595085,,,
Movement,20/5/2024,15:56:25,27.011132,17105.39754,10600.063561,6265.467364,0.0,0.0,0.0,Flying,Gliding,2031,0,0,0.0,0.0,7.459177,,,
Dash,20/5/2024,15:56:25,27.165958,17320.021768,10686.311538,6148.905672,0.0,0.0,0.0,,Gliding,2002,0,0,0.0,0.0,-7.186951,,,
Movement,20/5/2024,15:56:25,27.520181,18013.564231,10705.431728,5903.687727,0.0,0.0,0.0,Flying,Ascending,1923,0,0,0.0,0.0,-15.660187,,,
Movement,20/5/2024,15:56:26,28.012875,19119.558956,10451.214013,5643.980531,0.0,0.0,0.0,Flying,Gliding,2390,0,0,0.0,0.0,-15.660187,,,
Movement,20/5/2024,15:56:26,28.534384,20240.570006,10145.994209,5386.473834,0.0,0.0,0.0,Flying,Descending,2092,0,0,0.0,0.0,-13.782776,,,
Movement,20/5/2024,15:56:27,29.016922,21054.163592,9946.073949,4864.409374,0.0,0.0,0.0,Flying,Descending,2073,0,0,0.0,0.0,-12.480103,,,
Movement,20/5/2024,15:56:27,29.535022,21776.373727,9784.08787,4096.875852,0.0,0.0,0.0,Flying,Ascending,2016,0,0,0.0,0.0,-12.356842,,,
Movement,20/5/2024,15:56:28,30.022057,22613.258391,9600.496488,3695.876047,0.0,0.0,0.0,Flying,Ascending,1913,0,0,0.0,0.0,-12.302032,,,
Movement,20/5/2024,15:56:28,30.526471,23522.102487,9402.120979,3583.001888,0.0,0.0,0.0,Flying,Ascending,1815,0,0,0.0,0.0,-12.302032,,,
Movement,20/5/2024,15:56:29,31.013829,24360.669978,9219.221997,3512.574302,0.0,0.0,0.0,Flying,Gliding,1727,0,0,0.0,0.0,-12.302032,,,
Movement,20/5/2024,15:56:29,31.521634,25191.657846,9038.003305,3449.407419,0.0,0.0,0.0,Flying,Gliding,1642,0,0,0.0,0.0,-12.302032,,,
Dash,20/5/2024,15:56:29,31.682071,25405.335517,8991.40606,3433.353545,0.0,0.0,0.0,,Gliding,1621,0,0,0.0,0.0,-12.302032,,,
Dash,20/5/2024,15:56:30,31.991202,25887.715503,8895.384728,3401.148182,0.0,0.0,0.0,,Gliding,1573,0,0,0.0,0.0,-5.611237,,,

Movement,20/5/2024,15:56:30,32.018733,25972.102133,8881.890277,3400.766278,0.0,0.0,0.0,Flying,Ascending,1565,0,0,0.0,0.0,-5.165497,,,
Dash,20/5/2024,15:56:30,32.327538,26505.11428,8810.08808,3511.574106,0.0,0.0,0.0,,Gliding,2105,0,0,0.0,0.0,-5.039612,,,
Movement,20/5/2024,15:56:30,32.517764,26929.695547,8767.82556,3661.49897,0.0,0.0,0.0,Flying,Descending,2064,0,0,0.0,0.0,-3.373993,,,
Dash,20/5/2024,15:56:30,32.649955,27140.112948,8751.633305,3707.094262,0.0,0.0,0.0,,Gliding,2059,0,0,0.0,0.0,-2.056122,,,
Movement,20/5/2024,15:56:31,33.032143,28042.415612,8717.260567,3601.59547,0.0,0.0,0.0,Flying,Gliding,2461,0,0,0.0,0.0,1.987099,,,
Dash,20/5/2024,15:56:31,33.116291,28178.214043,8716.715765,3575.879406,0.0,0.0,0.0,,Gliding,2445,0,0,0.0,0.0,1.987099,,,
Movement,20/5/2024,15:56:31,33.5208,29202.0093,8758.23949,3494.093378,0.0,0.0,0.0,Flying,Gliding,2327,0,0,0.0,0.0,17.10284,,,
Dash,20/5/2024,15:56:31,33.548524,29202.0093,8758.23949,3494.093378,0.0,0.0,0.0,,Gliding,2327,0,0,0.0,0.0,17.10284,,,
Movement,20/5/2024,15:56:32,34.026564,30250.724048,9124.41926,3398.879188,0.0,0.0,0.0,Flying,Descending,2085,0,0,0.0,0.0,38.40015,,,
Dash,20/5/2024,15:56:32,34.25292,30553.002744,9318.826768,3198.862885,0.0,0.0,0.0,,Gliding,2079,0,0,0.0,0.0,39.450138,,,
Movement,20/5/2024,15:56:32,34.529464,30974.90867,9609.269,2734.100166,0.0,0.0,0.0,Flying,Gliding,2468,0,0,0.0,0.0,31.598551,,,
Dash,20/5/2024,15:56:32,34.89055,31534.628707,9975.444276,2288.14554,0.0,0.0,0.0,,Gliding,2375,0,0,0.0,0.0,31.972891,,,
Movement,20/5/2024,15:56:33,35.020072,31822.37461,10156.968052,2157.156315,0.0,0.0,0.0,Flying,Ascending,2333,0,0,0.0,0.0,31.972891,,,
Movement,20/5/2024,15:56:33,35.526762,32849.123687,10799.25317,1903.848057,0.0,0.0,0.0,Flying,Gliding,2409,0,0,0.0,0.0,31.975412,,,
Dash,20/5/2024,15:56:33,35.702252,33140.664402,10983.55105,1847.337591,0.0,0.0,0.0,,Gliding,2369,0,0,0.0,0.0,34.59589,,,
Dash,20/5/2024,15:56:34,36.013367,33677.16505,11348.591663,1668.267363,0.0,0.0,0.0,,Gliding,2093,0,0,0.0,0.0,36.638287,,,
Movement,20/5/2024,15:56:34,36.013367,33723.096773,11381.055151,1645.743207,0.0,0.0,0.0,Flying,Gliding,2086,0,0,0.0,0.0,36.649853,,,
Dash,20/5/2024,15:56:34,36.366553,34228.023734,11747.961497,1423.232016,0.0,0.0,0.0,,Gliding,2014,0,0,0.0,0.0,36.71806,,,
Movement,20/5/2024,15:56:34,36.532159,34533.044858,11973.796883,1353.144454,0.0,0.0,0.0,Flying,Gliding,1973,0,0,0.0,0.0,36.71806,,,
Dash,20/5/2024,15:56:34,36.56047,34533.044858,11973.796883,1353.144454,0.0,0.0,0.0,,Gliding,1973,0,0,0.0,0.0,36.71806,,,
Movement,20/5/2024,15:56:35,37.016564,35413.383323,12629.314219,1228.010519,0.0,0.0,0.0,Flying,Gliding,2417,0,0,0.0,0.0,36.71806,,,
Dash,20/5/2024,15:56:35,37.122263,35565.462288,12742.688487,1209.405772,0.0,0.0,0.0,,Gliding,2395,0,0,0.0,0.0,36.693745,,,
Movement,20/5/2024,15:56:35,37.518952,36377.495565,13343.066275,1111.974742,0.0,0.0,0.0,Flying,Gliding,2484,0,0,0.0,0.0,35.804539,,,
Movement,20/5/2024,15:56:36,38.023245,37375.58916,14041.991485,978.89484,0.0,0.0,0.0,Flying,Gliding,2343,0,0,0.0,0.0,30.8659,,,
Movement,20/5/2024,15:56:36,38.528845,38428.943352,14633.143486,822.338665,0.0,0.0,0.0,Flying,Gliding,2419,0,0,0.0,0.0,22.982689,,,
Movement,20/5/2024,15:56:37,39.033771,39501.458551,15113.812803,676.820719,0.0,0.0,0.0,Flying,Gliding,2283,0,0,0.0,0.0,23.443665,,,
Movement,20/5/2024,15:56:37,39.530048,40501.171468,15559.091601,605.217614,0.0,0.0,0.0,Flying,Ascending,2160,0,0,0.0,0.0,25.905602,,,
Movement,20/5/2024,15:56:38,40.01374,41414.464104,15996.632836,652.289419,0.0,0.0,0.0,Flying,Ascending,2049,0,0,0.0,0.0,26.239817,,,
Dash,20/5/2024,15:56:38,40.271994,41836.739939,16202.733811,696.162302,0.0,0.0,0.0,,Gliding,1998,0,0,0.0,0.0,25.13166,,,
Movement,20/5/2024,15:56:38,40.525796,42335.360329,16427.806806,740.526882,0.0,0.0,0.0,Flying,Descending,1951,0,0,0.0,0.0,17.865898,,,
Dash,20/5/2024,15:56:39,40.992116,43205.066977,16662.220534,658.208489,0.0,0.0,0.0,,Gliding,2087,0,0,0.0,0.0,2.567744,,,
Movement,20/5/2024,15:56:39,41.011616,43286.135059,16673.710467,638.903584,0.0,0.0,0.0,Flying,Gliding,2081,0,0,0.0,0.0,2.568484,,,
Movement,20/5/2024,15:56:39,41.523197,44339.314965,16761.738071,583.658465,0.0,0.0,0.0,Flying,Ascending,2492,0,0,0.0,0.0,4.308737,,,
Dash,20/5/2024,15:56:39,41.548569,44339.314965,16761.738071,583.658465,0.0,0.0,0.0,,Gliding,2492,0,0,0.0,0.0,4.308737,,,

Movement,20/5/2024,15:56:40,42.011405,45415.471486,16832.481068,759.2125,0.0,0.0,0.0,Flying,Gliding,2052,0,0,0.0,0.0,3.270781,,,
Dash,20/5/2024,15:56:40,42.458462,46366.24613,16890.160947,726.21877,0.0,0.0,0.0,,Gliding,2444,0,0,0.0,0.0,5.064083,,,
Movement,20/5/2024,15:56:40,42.529559,46594.912497,16907.347788,715.494806,0.0,0.0,0.0,Flying,Gliding,2417,0,0,0.0,0.0,6.108569,,,
Movement,20/5/2024,15:56:41,43.01575,47748.880118,17014.406755,724.633128,0.0,0.0,0.0,Flying,Gliding,2885,0,0,0.0,0.0,5.782725,,,
Movement,20/5/2024,15:56:41,43.516144,48961.190175,17137.498224,726.068867,0.0,0.0,0.0,Flying,Gliding,2359,0,0,0.0,0.0,5.782725,,,
Movement,20/5/2024,15:56:42,44.010713,50087.478073,17251.600524,714.693257,0.0,0.0,0.0,Flying,Gliding,2231,0,0,0.0,0.0,5.782725,,,
Movement,20/5/2024,15:56:42,44.516982,51172.229009,17371.359141,688.675838,0.0,0.0,0.0,Flying,Descending,2089,0,0,0.0,0.0,8.720922,,,
Movement,20/5/2024,15:56:43,45.023547,52199.01879,17521.251819,558.530965,0.0,0.0,0.0,Flying,Descending,2058,0,0,0.0,0.0,9.170363,,,
Movement,20/5/2024,15:56:43,45.527879,53202.465529,17667.598497,390.319299,0.0,0.0,0.0,Flying,Gliding,1995,0,0,0.0,0.0,-3.60672,,,
Dash,20/5/2024,15:56:43,45.598941,53292.208683,17671.540066,376.695795,0.0,0.0,0.0,,Gliding,1985,0,0,0.0,0.0,-8.586456,,,
Movement,20/5/2024,15:56:44,46.029994,54128.102549,17455.319237,422.510237,0.0,0.0,0.0,Flying,Ascending,1898,0,0,0.0,0.0,-56.415192,,,
Movement,20/5/2024,15:56:44,46.513431,54662.734173,16621.129862,992.390714,0.0,0.0,0.0,Flying,Gliding,2362,0,0,0.0,0.0,-92.336609,,,
Dash,20/5/2024,15:56:45,46.995069,54774.829979,15729.909068,1275.023872,0.0,0.0,0.0,,Gliding,2081,0,0,0.0,0.0,-80.397583,,,
Movement,20/5/2024,15:56:45,47.022166,54787.999878,15626.300295,1264.252836,0.0,0.0,0.0,Flying,Descending,2079,0,0,0.0,0.0,-80.397583,,,
Movement,20/5/2024,15:56:45,47.523057,54947.048611,14591.963574,975.867705,0.0,0.0,0.0,Flying,Gliding,2476,0,0,0.0,0.0,-80.348022,,,
Movement,20/5/2024,15:56:46,48.017863,55142.24256,13432.614994,775.833365,0.0,0.0,0.0,Flying,Gliding,2339,0,0,0.0,0.0,-80.792603,,,
Dash,20/5/2024,15:56:46,48.105991,55164.045887,13295.87583,755.364094,0.0,0.0,0.0,,Gliding,2323,0,0,0.0,0.0,-83.489746,,,
Movement,20/5/2024,15:56:46,48.529687,55185.230529,12290.344723,751.394311,0.0,0.0,0.0,Flying,Ascending,2208,0,0,0.0,0.0,-111.613266,,,
Dash,20/5/2024,15:56:46,48.725304,55111.636905,11906.247788,921.499618,0.0,0.0,0.0,,Gliding,2459,0,0,0.0,0.0,-112.036865,,,
Movement,20/5/2024,15:56:47,49.02787,54918.270144,11281.356047,1382.339747,0.0,0.0,0.0,Flying,Ascending,2366,0,0,0.0,0.0,-112.052582,,,
Movement,20/5/2024,15:56:47,49.517053,54562.838193,10431.052976,1991.729189,0.0,0.0,0.0,Flying,Descending,2090,0,0,0.0,0.0,-117.414368,,,
Movement,20/5/2024,15:56:48,50.022467,54106.241468,9508.606169,1930.783986,0.0,0.0,0.0,Flying,Descending,2069,0,0,0.0,0.0,-117.359772,,,
Dash,20/5/2024,15:56:48,50.217108,53956.480811,9216.87919,1829.222934,0.0,0.0,0.0,,Gliding,2062,0,0,0.0,0.0,-117.359772,,,
Movement,20/5/2024,15:56:48,50.529498,53652.313033,8626.013417,1604.788204,0.0,0.0,0.0,Flying,Gliding,2020,0,0,0.0,0.0,-117.026886,,,
Dash,20/5/2024,15:56:49,50.912389,53288.304656,7915.476994,1427.65484,0.0,0.0,0.0,,Gliding,2441,0,0,0.0,0.0,-117.026886,,,
Movement,20/5/2024,15:56:49,51.034554,53122.756196,7591.386984,1364.160198,0.0,0.0,0.0,Flying,Gliding,2398,0,0,0.0,0.0,-117.026886,,,
Dash,20/5/2024,15:56:49,51.218109,52960.019963,7272.582832,1305.275559,0.0,0.0,0.0,,Gliding,2357,0,0,0.0,0.0,-117.026886,,,
Movement,20/5/2024,15:56:49,51.521087,52598.068739,6563.197718,1179.345829,0.0,0.0,0.0,Flying,Gliding,2472,0,0,0.0,0.0,-117.026886,,,

Movement,20/5/2024,15:56:50,52.022137,52055.638057,5499.883111,993.978643,0.0,0.0,0.0,Flying,Gliding,2333,0,0,0.0,0.0,-117.032654,,,
Movement,20/5/2024,15:56:50,52.513414,51493.022428,4460.409909,904.311194,0.0,0.0,0.0,Flying,Ascending,2405,0,0,0.0,0.0,-121.541458,,,
Dash,20/5/2024,15:56:51,52.941183,50998.415558,3697.506877,1110.881444,0.0,0.0,0.0,,Gliding,2298,0,0,0.0,0.0,-136.114624,,,
Movement,20/5/2024,15:56:51,53.028986,50843.161038,3523.49817,1237.08973,0.0,0.0,0.0,Flying,Ascending,2268,0,0,0.0,0.0,-149.505966,,,
Movement,20/5/2024,15:56:51,53.513933,50091.443014,3181.357526,1954.372879,0.0,0.0,0.0,Flying,Descending,2098,0,0,0.0,0.0,155.803879,,,
Movement,20/5/2024,15:56:52,54.024185,49210.337767,3521.922354,2393.239782,0.0,0.0,0.0,Flying,Descending,2079,0,0,0.0,0.0,143.418228,,,
Movement,20/5/2024,15:56:52,54.514681,48400.878536,3949.727801,2032.345264,0.0,0.0,0.0,Flying,Descending,2074,0,0,0.0,0.0,179.306686,,,
Dash,20/5/2024,15:56:52,54.703335,48193.908947,3997.407217,1787.449601,0.0,0.0,0.0,,Gliding,2066,0,0,0.0,0.0,-175.452393,,,
Movement,20/5/2024,15:56:53,55.024895,47672.253554,4025.876679,1316.128208,0.0,0.0,0.0,Flying,Ascending,1989,0,0,0.0,0.0,178.151566,,,
Movement,20/5/2024,15:56:53,55.534826,46557.057594,4325.624965,1164.15747,0.0,0.0,0.0,Flying,Gliding,2398,0,0,0.0,0.0,137.812408,,,
Movement,20/5/2024,15:56:54,56.013461,45660.887233,4783.261835,1093.273145,0.0,0.0,0.0,Flying,Ascending,2016,0,0,0.0,0.0,162.645996,,,
Dash,20/5/2024,15:56:54,56.105819,45541.835964,4831.43382,1091.990043,0.0,0.0,0.0,,Gliding,2002,0,0,0.0,0.0,162.645996,,,
Movement,20/5/2024,15:56:54,56.515925,44776.112643,5202.970595,1193.435045,0.0,0.0,0.0,Flying,Gliding,1909,0,0,0.0,0.0,124.517166,,,
Movement,20/5/2024,15:56:55,57.022247,44056.598356,5969.175478,1177.51504,0.0,0.0,0.0,Flying,Gliding,2064,0,0,0.0,0.0,150.246948,,,
Dash,20/5/2024,15:56:55,57.356223,43550.094112,6290.789243,1057.616461,0.0,0.0,0.0,,Gliding,1997,0,0,0.0,0.0,-179.780991,,,
Movement,20/5/2024,15:56:55,57.522424,43177.263723,6391.548411,1036.451215,0.0,0.0,0.0,Flying,Ascending,1955,0,0,0.0,0.0,179.230972,,,
Movement,20/5/2024,15:56:56,58.029509,42108.531331,6479.854712,1313.936657,0.0,0.0,0.0,Flying,Gliding,2431,0,0,0.0,0.0,178.186234,,,
Dash,20/5/2024,15:56:56,58.085924,42046.55559,6482.568217,1328.413574,0.0,0.0,0.0,,Gliding,2424,0,0,0.0,0.0,178.186234,,,
Movement,20/5/2024,15:56:56,58.533513,40978.192273,6611.115233,1583.802788,0.0,0.0,0.0,Flying,Ascending,2297,0,0,0.0,0.0,161.906296,,,
Dash,20/5/2024,15:56:56,58.664525,40725.736808,6677.827973,1668.793296,0.0,0.0,0.0,,Gliding,2484,0,0,0.0,0.0,152.806458,,,
Movement,20/5/2024,15:56:57,59.015587,39937.720455,7037.103781,1962.972472,0.0,0.0,0.0,Flying,Gliding,2378,0,0,0.0,0.0,146.53125,,,
Dash,20/5/2024,15:56:57,59.127738,39770.441624,7133.944238,2025.171442,0.0,0.0,0.0,,Gliding,2355,0,0,0.0,0.0,146.53125,,,
Movement,20/5/2024,15:56:57,59.525543,38934.935293,7659.148384,2335.517455,0.0,0.0,0.0,Flying,Gliding,2442,0,0,0.0,0.0,149.7724,,,
Movement,20/5/2024,15:56:58,60.028814,37933.304633,8185.311842,2698.465779,0.0,0.0,0.0,Flying,Gliding,2306,0,0,0.0,0.0,-179.346573,,,
Movement,20/5/2024,15:56:58,60.517712,36790.804511,8256.612739,3070.863627,0.0,0.0,0.0,Flying,Gliding,2382,0,0,0.0,0.0,-164.585846,,,
Movement,20/5/2024,15:56:59,61.033005,35713.655888,7953.292902,3437.833906,0.0,0.0,0.0,Flying,Gliding,2245,0,0,0.0,0.0,-114.881653,,,
Movement,20/5/2024,15:56:59,61.530112,35131.437644,7156.530358,3763.725868,0.0,0.0,0.0,Flying,Descending,2082,0,0,0.0,0.0,-76.829628,,,

Movement,20/5/2024,15:57:0,62.030072,35140.348796,6153.109623,3971.240988,0.0,0.0,0.0,Flying,Descending,2049,0,0,0.0,0.0,-76.809822,,,
Dash,20/5/2024,15:57:0,62.478241,35304.591059,5329.802111,4060.614205,0.0,0.0,0.0,,Gliding,1975,0,0,0.0,0.0,-77.818939,,,
Movement,20/5/2024,15:57:0,62.531964,35337.948814,5174.855728,4072.974358,0.0,0.0,0.0,Flying,Gliding,1958,0,0,0.0,0.0,-79.824066,,,
Movement,20/5/2024,15:57:1,63.013456,35487.424046,4219.633185,4206.811085,0.0,0.0,0.0,Flying,Gliding,2452,0,0,0.0,0.0,-84.054016,,,
Dash,20/5/2024,15:57:1,63.24532,35544.034032,3737.453827,4320.143017,0.0,0.0,0.0,,Gliding,2394,0,0,0.0,0.0,-83.727722,,,
Dash,20/5/2024,15:57:1,63.528737,35611.193465,3143.110189,4606.005173,0.0,0.0,0.0,,Gliding,2318,0,0,0.0,0.0,-83.385162,,,
Movement,20/5/2024,15:57:1,63.528737,35616.480781,3096.425926,4642.042552,0.0,0.0,0.0,Flying,Gliding,2311,0,0,0.0,0.0,-83.385162,,,
Dash,20/5/2024,15:57:2,64.008578,35703.988669,2337.532342,5432.217067,0.0,0.0,0.0,,Gliding,2422,0,0,0.0,0.0,-82.552185,,,
Movement,20/5/2024,15:57:2,64.032622,35713.208378,2262.665385,5518.412562,0.0,0.0,0.0,Flying,Gliding,2409,0,0,0.0,0.0,-82.066833,,,
Movement,20/5/2024,15:57:2,64.529413,35834.351617,1374.210456,6293.550696,0.0,0.0,0.0,Flying,Gliding,2485,0,0,0.0,0.0,-81.658691,,,
Dash,20/5/2024,15:57:2,64.650326,35862.481647,1179.114145,6436.775486,0.0,0.0,0.0,,Gliding,2457,0,0,0.0,0.0,-81.658691,,,
Dash,20/5/2024,15:57:3,65.009376,35964.72342,482.421223,6936.098944,0.0,0.0,0.0,,Gliding,2358,0,0,0.0,0.0,-81.252014,,,
Movement,20/5/2024,15:57:3,65.009376,35971.313278,438.289965,6968.600499,0.0,0.0,0.0,Flying,Gliding,2352,0,0,0.0,0.0,-81.252014,,,
Movement,20/5/2024,15:57:3,65.523992,36119.122088,-532.627513,7712.599509,0.0,0.0,0.0,Flying,Descending,2097,0,0,0.0,0.0,-81.204643,,,
Dash,20/5/2024,15:57:3,65.644958,36146.035217,-707.331415,7818.924819,0.0,0.0,0.0,,Gliding,2091,0,0,0.0,0.0,-81.226105,,,
Movement,20/5/2024,15:57:4,66.029194,36272.655798,-1532.049827,7997.565586,0.0,0.0,0.0,Flying,Descending,2099,0,0,0.0,0.0,-81.361076,,,
Movement,20/5/2024,15:57:4,66.5319,36423.161664,-2492.206423,7632.254318,0.0,0.0,0.0,Flying,Ascending,2042,0,0,0.0,0.0,-79.502777,,,
Dash,20/5/2024,15:57:4,66.678595,36464.65298,-2731.886321,7577.36457,0.0,0.0,0.0,,Gliding,2015,0,0,0.0,0.0,-78.988007,,,
Movement,20/5/2024,15:57:5,67.020184,36621.798856,-3582.322257,7654.673322,0.0,0.0,0.0,Flying,Ascending,2419,0,0,0.0,0.0,-78.988007,,,
Dash,20/5/2024,15:57:5,67.232048,36704.870337,-4014.846016,7763.893663,0.0,0.0,0.0,,Gliding,2367,0,0,0.0,0.0,-78.988007,,,
Movement,20/5/2024,15:57:5,67.52797,36844.004212,-4732.732523,7971.491423,0.0,0.0,0.0,Flying,Ascending,2493,0,0,0.0,0.0,-78.988007,,,
Dash,20/5/2024,15:57:5,67.692335,36907.685389,-5060.37868,8070.026793,0.0,0.0,0.0,,Gliding,2452,0,0,0.0,0.0,-78.988007,,,
Movement,20/5/2024,15:57:6,68.018638,37061.580555,-5851.537143,8310.611664,0.0,0.0,0.0,Flying,Ascending,2356,0,0,0.0,0.0,-78.988007,,,
Dash,20/5/2024,15:57:6,68.256705,37152.604928,-6319.318472,8453.537598,0.0,0.0,0.0,,Gliding,2299,0,0,0.0,0.0,-78.988007,,,
Movement,20/5/2024,15:57:6,68.531167,37287.925813,-7014.707639,8666.152042,0.0,0.0,0.0,Flying,Ascending,2422,0,0,0.0,0.0,-78.987633,,,
Dash,20/5/2024,15:57:6,68.884017,37431.899992,-7751.613205,8892.563968,0.0,0.0,0.0,,Gliding,2332,0,0,0.0,0.0,-78.637054,,,
Movement,20/5/2024,15:57:7,69.020402,37502.884368,-8107.396041,9009.800332,0.0,0.0,0.0,Flying,Ascending,2888,0,0,0.0,0.0,-78.157074,,,
Dash,20/5/2024,15:57:7,69.393576,37661.082338,-8864.10227,9375.182376,0.0,0.0,0.0,,Gliding,2400,0,0,0.0,0.0,-77.101257,,,
Movement,20/5/2024,15:57:7,69.52933,37725.35493,-9154.79454,9597.323292,0.0,0.0,0.0,Flying,Ascending,2358,0,0,0.0,0.0,-76.74173,,,
Dash,20/5/2024,15:57:8,69.975782,37870.244336,-9777.791886,10395.158878,0.0,0.0,0.0,,Gliding,2451,0,0,0.0,0.0,-76.237,,,
Movement,20/5/2024,15:57:8,70.017646,37890.257425,-9861.037725,10531.495877,0.0,0.0,0.0,Flying,Ascending,2432,0,0,0.0,0.0,-76.225098,,,
Dash,20/5/2024,15:57:8,70.435241,38003.293741,-10325.688542,11334.730306,0.0,0.0,0.0,,Gliding,2325,0,0,0.0,0.0,-76.225098,,,
Movement,20/5/2024,15:57:8,70.51662,38032.237923,-10443.963293,11544.165733,0.0,0.0,0.0,Flying,Ascending,2298,0,0,0.0,0.0,-76.225098,,,
Movement,20/5/2024,15:57:9,71.026823,38180.479998,-11048.76556,12620.855783,0.0,0.0,0.0,Flying,Ascending,2362,0,0,0.0,0.0,-75.965698,,,
Dash,20/5/2024,15:57:9,71.049101,38180.479998,-11048.76556,12620.855783,0.0,0.0,0.0,,Gliding,2362,0,0,0.0,0.0,-75.965698,,,
Movement,20/5/2024,15:57:9,71.518668,38424.746615,-11626.122406,13615.936075,0.0,0.0,0.0,Flying,Descending,2098,0,0,0.0,0.0,-34.180969,,,
Dash,20/5/2024,15:57:9,71.719222,38610.295125,-11802.78742,13888.095093,0.0,0.0,0.0,,Gliding,2087,0,0,0.0,0.0,-19.411377,,,

Movement,20/5/2024,15:57:10,72.030148,39089.649254,-12075.056052,14310.40884,0.0,0.0,0.0,Flying,Gliding,2050,0,0,0.0,0.0,-27.761719,,,
Movement,20/5/2024,15:57:10,72.515017,39839.55594,-12614.515066,15036.710444,0.0,0.0,0.0,Flying,Ascending,2371,0,0,0.0,0.0,-52.050415,,,
Movement,20/5/2024,15:57:11,73.018054,40376.681806,-13247.486531,15916.53686,0.0,0.0,0.0,Flying,Ascending,2438,0,0,0.0,0.0,-52.050415,,,
Movement,20/5/2024,15:57:11,73.525525,40936.24691,-13891.711052,16761.718868,0.0,0.0,0.0,Flying,Gliding,2300,0,0,0.0,0.0,-41.485046,,,
Movement,20/5/2024,15:57:12,74.011786,41593.430156,-14506.425192,17285.968727,0.0,0.0,0.0,Flying,Descending,2083,0,0,0.0,0.0,-44.972931,,,
Movement,20/5/2024,15:57:12,74.515361,42205.33201,-15324.49794,17340.864513,0.0,0.0,0.0,Flying,Descending,2071,0,0,0.0,0.0,-89.86203,,,
Movement,20/5/2024,15:57:13,75.022905,42370.840579,-16304.060301,17056.206405,0.0,0.0,0.0,Flying,Ascending,1990,0,0,0.0,0.0,-79.736664,,,
Movement,20/5/2024,15:57:13,75.530408,42604.600694,-17246.09258,16964.433915,0.0,0.0,0.0,Flying,Ascending,1886,0,0,0.0,0.0,-64.367371,,,
Dash,20/5/2024,15:57:14,75.987005,42911.143699,-17985.322755,16960.283958,0.0,0.0,0.0,,Gliding,1803,0,0,0.0,0.0,-64.367371,,,
Movement,20/5/2024,15:57:14,76.032288,42963.559315,-18099.554896,16961.724031,0.0,0.0,0.0,Flying,Gliding,1790,0,0,0.0,0.0,-64.367371,,,
Movement,20/5/2024,15:57:14,76.521844,43356.497914,-18932.714958,16976.096305,0.0,0.0,0.0,Flying,Gliding,2293,0,0,0.0,0.0,-65.404144,,,
Dash,20/5/2024,15:57:14,76.753544,43553.371997,-19353.095469,16981.793207,0.0,0.0,0.0,,Gliding,2241,0,0,0.0,0.0,-66.098053,,,
Movement,20/5/2024,15:57:15,77.009941,43811.386276,-19916.244624,16986.124013,0.0,0.0,0.0,Flying,Gliding,2172,0,0,0.0,0.0,-66.098053,,,
Movement,20/5/2024,15:57:15,77.511881,44289.560746,-21001.574027,16989.715904,0.0,0.0,0.0,Flying,Gliding,2414,0,0,0.0,0.0,-69.757568,,,
Movement,20/5/2024,15:57:16,78.014528,44725.352173,-22092.413976,16991.701569,0.0,0.0,0.0,Flying,Gliding,2280,0,0,0.0,0.0,-69.760986,,,
Movement,20/5/2024,15:57:16,78.529195,45122.462533,-23154.878859,16993.134775,0.0,0.0,0.0,Flying,Gliding,2153,0,0,0.0,0.0,-70.261658,,,
Movement,20/5/2024,15:57:17,79.017459,45429.000886,-24130.995284,17001.171995,0.0,0.0,0.0,Flying,Ascending,2041,0,0,0.0,0.0,-100.919922,,,
Dash,20/5/2024,15:57:17,79.229764,45442.863965,-24509.54206,17025.683558,0.0,0.0,0.0,,Gliding,1998,0,0,0.0,0.0,-122.285431,,,
Movement,20/5/2024,15:57:17,79.52692,45163.273962,-25031.461374,17193.010331,0.0,0.0,0.0,Flying,Ascending,1931,0,0,0.0,0.0,-154.885895,,,
Dash,20/5/2024,15:57:18,79.937972,44610.517688,-25414.64335,17755.060415,0.0,0.0,0.0,,Gliding,2430,0,0,0.0,0.0,-158.340164,,,
Movement,20/5/2024,15:57:18,80.02962,44464.824309,-25485.213102,17978.364037,0.0,0.0,0.0,Flying,Ascending,2398,0,0,0.0,0.0,-158.338562,,,
Movement,20/5/2024,15:57:18,80.514169,43816.228127,-25804.409991,18876.441486,0.0,0.0,0.0,Flying,Gliding,2479,0,0,0.0,0.0,-149.773148,,,
Dash,20/5/2024,15:57:18,80.559867,43778.395124,-25824.919575,18913.253127,0.0,0.0,0.0,,Gliding,2473,0,0,0.0,0.0,-149.773148,,,
Dash,20/5/2024,15:57:19,80.994886,43034.348489,-26203.187822,19545.843731,0.0,0.0,0.0,,Gliding,2352,0,0,0.0,0.0,-163.736374,,,
Movement,20/5/2024,15:57:19,81.015321,42963.905293,-26232.000025,19603.308899,0.0,0.0,0.0,Flying,Ascending,2341,0,0,0.0,0.0,-163.736374,,,
Movement,20/5/2024,15:57:19,81.526777,41965.944708,-26576.088077,20250.799035,0.0,0.0,0.0,Flying,Gliding,2402,0,0,0.0,0.0,-161.562393,,,
Dash,20/5/2024,15:57:19,81.743617,41557.008099,-26712.183685,20429.259014,0.0,0.0,0.0,,Gliding,2349,0,0,0.0,0.0,-161.562393,,,

Movement,20/5/2024,15:57:20,82.013569,40940.660341,-26917.594835,20680.61188,0.0,0.0,0.0,Flying,Gliding,2477,0,0,0.0,0.0,-161.471344,,,
Movement,20/5/2024,15:57:20,82.525827,39931.701882,-27267.409183,21004.150014,0.0,0.0,0.0,Flying,Descending,2078,0,0,0.0,0.0,-158.764114,,,
Movement,20/5/2024,15:57:21,83.021515,38954.818898,-27643.681124,21042.796289,0.0,0.0,0.0,Flying,Descending,2083,0,0,0.0,0.0,-158.210526,,,
Movement,20/5/2024,15:57:21,83.525102,38009.178221,-27982.322071,21192.146375,0.0,0.0,0.0,Flying,Ascending,1972,0,0,0.0,0.0,179.704956,,,
Movement,20/5/2024,15:57:22,84.027701,37324.367363,-27899.882607,21819.484657,0.0,0.0,0.0,Flying,Ascending,1870,0,0,0.0,0.0,122.424622,,,
Dash,20/5/2024,15:57:22,84.102019,37270.3607,-27858.792287,21899.198857,0.0,0.0,0.0,,Gliding,1859,0,0,0.0,0.0,116.055878,,,
Movement,20/5/2024,15:57:22,84.515649,37069.509305,-27425.833485,22515.969812,0.0,0.0,0.0,Flying,Ascending,1778,0,0,0.0,0.0,66.84597,,,
Dash,20/5/2024,15:57:23,85.023707,37329.963375,-26885.241749,23439.485275,0.0,0.0,0.0,,Gliding,2251,0,0,0.0,0.0,14.752161,,,
Movement,20/5/2024,15:57:23,85.023707,37346.492266,-26873.508717,23473.446222,0.0,0.0,0.0,Flying,Gliding,2247,0,0,0.0,0.0,13.638252,,,
Dash,20/5/2024,15:57:23,85.507118,37826.740188,-26638.644297,24362.69609,0.0,0.0,0.0,,Gliding,2494,0,0,0.0,0.0,36.771236,,,
Movement,20/5/2024,15:57:23,85.525312,37866.909623,-26616.4007,24437.530154,0.0,0.0,0.0,Flying,Ascending,2484,0,0,0.0,0.0,35.215561,,,
Dash,20/5/2024,15:57:23,85.892053,38259.1631,-26436.707343,25169.456201,0.0,0.0,0.0,,Gliding,2386,0,0,0.0,0.0,-2.851562,,,
Movement,20/5/2024,15:57:24,86.022508,38435.429819,-26412.575747,25475.112597,0.0,0.0,0.0,Flying,Gliding,2345,0,0,0.0,0.0,-20.119629,,,
Movement,20/5/2024,15:57:24,86.511639,39019.0307,-26656.146706,26465.038723,0.0,0.0,0.0,Flying,Ascending,2419,0,0,0.0,0.0,-30.76828,,,
Movement,20/5/2024,15:57:25,87.027506,39574.969635,-26951.081078,27520.842498,0.0,0.0,0.0,Flying,Gliding,2489,0,0,0.0,0.0,-23.799286,,,
Movement,20/5/2024,15:57:25,87.519329,40252.800197,-27301.388989,28213.624882,0.0,0.0,0.0,Flying,Descending,2079,0,0,0.0,0.0,-32.606934,,,
Movement,20/5/2024,15:57:26,88.031063,41118.060896,-27835.635397,28515.895245,0.0,0.0,0.0,Flying,Gliding,2024,0,0,0.0,0.0,-32.37851,,,
Movement,20/5/2024,15:57:26,88.510478,41887.019215,-28317.9074,28762.057406,0.0,0.0,0.0,Flying,Gliding,1923,0,0,0.0,0.0,-30.920502,,,
Movement,20/5/2024,15:57:27,89.022629,42669.063449,-28785.907225,29019.578682,0.0,0.0,0.0,Braking,Descending,1626,0,0,0.0,0.0,-16.807251,,,
Movement,20/5/2024,15:57:27,89.532588,43217.486588,-29106.13294,29141.655239,0.0,0.0,0.0,Braking,Descending,953,0,0,0.0,0.0,39.129696,,,
Movement,20/5/2024,15:57:28,90.016262,43513.712763,-29279.100184,29207.593871,0.0,0.0,0.0,Braking,Descending,548,0,0,0.0,0.0,88.569679,,,
Movement,20/5/2024,15:57:28,90.510836,43680.214507,-29376.32099,29244.65642,0.0,0.0,0.0,Braking,Descending,274,0,0,0.0,0.0,49.981007,,,
Movement,20/5/2024,15:57:29,91.028061,43755.736692,-29420.418593,29261.467324,0.0,0.0,0.0,Braking,Descending,91,0,0,0.0,0.0,47.627911,,,
Movement,20/5/2024,15:57:29,91.512605,43768.662699,-29427.966123,29264.344596,0.0,0.0,0.0,Flying,Hovering,0,0,0,0.0,0.0,63.002663,,,

ID,Date, Day Time,Time Stamp,PosX,PosY,PosZ,Roll(X),Pitch(Y),Yaw(Z),Movement State,Flying State,Velocity,Stamina,Number of Objects Detected,ObjectXPosX,ObjectXPosY,ObjectXPosZ,ObjectXType,Zone,Note
Movement,20/5/2024,15:58:19,0.0,35080.627321,12045.635334,192.066577,0.0,0.0,0.0,Walking,Ascending,0,0,0,0.0,0.0,30.387882,,,
Movement,20/5/2024,15:58:19,0.572176,35080.627321,12045.635334,192.066577,0.0,0.0,0.0,Walking,Ascending,0,0,0,0.0,0.0,30.387882,,,
Movement,20/5/2024,15:58:20,1.043747,35080.627321,12045.635334,188.703011,0.0,0.0,0.0,Walking,Ascending,130,0,0,0.0,0.0,30.387882,,,
Movement,20/5/2024,15:58:21,1.812077,35080.627321,12045.635334,114.676561,0.0,0.0,0.0,Walking,Ascending,0,0,0,0.0,0.0,30.387882,,,
Movement,20/5/2024,15:58:21,2.146373,35080.627321,12045.635334,114.676561,0.0,0.0,0.0,Walking,Ascending,0,0,0,0.0,0.0,30.387882,,,
Movement,20/5/2024,15:58:22,2.813435,35080.627321,12045.635334,114.676561,0.0,0.0,0.0,Walking,Ascending,0,0,0,0.0,0.0,30.387882,,,
Movement,20/5/2024,15:58:22,3.146843,35080.627321,12045.635334,114.676561,0.0,0.0,0.0,Walking,Ascending,0,0,0,0.0,0.0,30.387882,,,
Movement,20/5/2024,15:58:23,3.813511,35080.627321,12045.635334,114.676561,0.0,0.0,0.0,Walking,Ascending,0,0,0,0.0,0.0,30.387882,,,
Movement,20/5/2024,15:58:23,4.146845,35080.627321,12045.635334,114.676561,0.0,0.0,0.0,Walking,Ascending,0,0,0,0.0,0.0,30.387882,,,
Movement,20/5/2024,15:58:24,4.813512,35080.627321,12045.635334,114.676561,0.0,0.0,0.0,Walking,Ascending,0,0,0,0.0,0.0,30.387882,,,
Movement,20/5/2024,15:58:24,5.146846,35080.627321,12045.635334,114.676561,0.0,0.0,0.0,Walking,Ascending,0,0,0,0.0,0.0,30.387882,,,
Movement,20/5/2024,15:58:24,5.84145,35080.627321,12045.635334,114.676561,0.0,0.0,0.0,Walking,Ascending,0,0,0,0.0,0.0,30.387882,,,
Movement,20/5/2024,15:58:25,6.029629,35080.627321,12045.635334,114.676561,0.0,0.0,0.0,Walking,Ascending,0,0,0,0.0,0.0,30.387882,,,
Movement,20/5/2024,15:58:25,6.525554,35080.627321,12045.635334,114.676561,0.0,0.0,0.0,Walking,Ascending,0,0,0,0.0,0.0,30.387882,,,
Movement,20/5/2024,15:58:26,7.043376,35080.627321,12045.635334,114.676561,0.0,0.0,0.0,Walking,Ascending,0,0,0,0.0,0.0,30.387882,,,
Movement,20/5/2024,15:58:26,7.540596,35080.627321,12045.635334,114.676561,0.0,0.0,0.0,Walking,Ascending,0,0,0,0.0,0.0,30.387882,,,
Movement,20/5/2024,15:58:27,8.050004,35080.627321,12045.635334,114.676561,0.0,0.0,0.0,Walking,Ascending,0,0,0,0.0,0.0,30.387882,,,
Movement,20/5/2024,15:58:27,8.525435,35080.627321,12045.635334,114.676561,0.0,0.0,0.0,Walking,Ascending,0,0,0,0.0,0.0,30.387882,,,
Movement,20/5/2024,15:58:28,9.046098,35080.627321,12045.635334,114.676561,0.0,0.0,0.0,Walking,Ascending,0,0,0,0.0,0.0,30.387882,,,
Movement,20/5/2024,15:58:28,9.536769,35080.627321,12045.635334,114.676561,0.0,0.0,0.0,Walking,Ascending,0,0,0,0.0,0.0,30.387882,,,
Movement,20/5/2024,15:58:29,10.042188,35080.627321,12045.635334,114.676561,0.0,0.0,0.0,Walking,Ascending,0,0,0,0.0,0.0,30.387882,,,
Movement,20/5/2024,15:58:29,10.537441,35080.627321,12045.635334,114.676561,0.0,0.0,0.0,Walking,Ascending,0,0,0,0.0,0.0,30.387882,,,
Movement,20/5/2024,15:58:30,11.027431,35080.627321,12045.635334,114.676561,0.0,0.0,0.0,Walking,Ascending,0,0,0,0.0,0.0,30.387882,,,
Movement,20/5/2024,15:58:30,11.532902,35080.627321,12045.635334,114.676561,0.0,0.0,0.0,Walking,Ascending,0,0,0,0.0,0.0,30.387882,,,

Movement,20/5/2024,15:58:31,12.050981,35080.627321,12045.635334,114.676561,0.0,0.0,0.0,Walking,Ascending,0,0,0,0.0,0.0,30.387882,,,
Movement,20/5/2024,15:58:31,12.543504,35080.627321,12045.635334,114.676561,0.0,0.0,0.0,Walking,Ascending,0,0,0,0.0,0.0,30.387882,,,
Movement,20/5/2024,15:58:32,13.052391,35080.627321,12045.635334,114.676561,0.0,0.0,0.0,Walking,Ascending,0,0,0,0.0,0.0,30.387882,,,
Movement,20/5/2024,15:58:32,13.546501,35080.627321,12045.635334,114.676561,0.0,0.0,0.0,Walking,Ascending,0,0,0,0.0,0.0,30.387882,,,
Movement,20/5/2024,15:58:33,14.038741,35080.627321,12045.635334,114.676561,0.0,0.0,0.0,Walking,Ascending,0,0,0,0.0,0.0,30.387882,,,
Movement,20/5/2024,15:58:33,14.544188,35080.627321,12045.635334,114.676561,0.0,0.0,0.0,Walking,Ascending,0,0,0,0.0,0.0,30.387882,,,
Movement,20/5/2024,15:58:34,15.050413,35080.627321,12045.635334,114.676561,0.0,0.0,0.0,Walking,Ascending,0,0,0,0.0,0.0,30.387882,,,
Movement,20/5/2024,15:58:34,15.549977,35080.627321,12045.635334,114.676561,0.0,0.0,0.0,Walking,Ascending,0,0,0,0.0,0.0,30.387882,,,
Movement,20/5/2024,15:58:35,16.037854,35080.627321,12045.635334,114.676561,0.0,0.0,0.0,Walking,Ascending,0,0,0,0.0,0.0,30.387882,,,
Movement,20/5/2024,15:58:35,16.539232,35080.627321,12045.635334,114.676561,0.0,0.0,0.0,Walking,Ascending,0,0,0,0.0,0.0,30.387882,,,
Movement,20/5/2024,15:58:36,17.027951,35080.627321,12045.635334,114.676561,0.0,0.0,0.0,Walking,Ascending,0,0,0,0.0,0.0,30.387882,,,
Movement,20/5/2024,15:58:36,17.53752,35132.991771,12064.574328,220.565152,0.0,0.0,0.0,TakeOff,Hovering,599,0,0,0.0,0.0,41.938492,,,
Dash,20/5/2024,15:58:37,17.928823,35177.193003,12204.623371,308.899967,0.0,0.0,0.0,,Gliding,599,0,0,0.0,0.0,57.6814,,,
Movement,20/5/2024,15:58:37,18.045614,35216.424645,12289.51594,308.256265,0.0,0.0,0.0,Flying,Descending,631,0,0,0.0,0.0,50.905548,,,
Dash,20/5/2024,15:58:37,18.387291,35335.676595,12443.505154,267.940814,0.0,0.0,0.0,,Gliding,657,0,0,0.0,0.0,36.3508,,,
Movement,20/5/2024,15:58:37,18.532671,35495.501897,12587.932692,241.805758,0.0,0.0,0.0,Flying,Ascending,1250,0,0,0.0,0.0,30.597618,,,
Dash,20/5/2024,15:58:37,18.82315,35755.253095,12776.875373,294.611805,0.0,0.0,0.0,,Gliding,1241,0,0,0.0,0.0,30.570089,,,
Movement,20/5/2024,15:58:38,19.033323,35988.808849,12924.79379,393.93231,0.0,0.0,0.0,Flying,Gliding,1225,0,0,0.0,0.0,29.743763,,,
Movement,20/5/2024,15:58:38,19.530149,36681.85655,13330.998181,595.85267,0.0,0.0,0.0,Flying,Gliding,1742,0,0,0.0,0.0,29.78541,,,
Dash,20/5/2024,15:58:38,19.646958,36816.424226,13408.43342,623.100764,0.0,0.0,0.0,,Gliding,1735,0,0,0.0,0.0,29.820292,,,
Movement,20/5/2024,15:58:39,20.038424,37525.979881,13815.488305,660.675293,0.0,0.0,0.0,Flying,Gliding,2248,0,0,0.0,0.0,29.820292,,,
Dash,20/5/2024,15:58:39,20.222279,37822.997902,13985.764341,658.107893,0.0,0.0,0.0,,Gliding,2210,0,0,0.0,0.0,29.820292,,,
Movement,20/5/2024,15:58:39,20.546141,38485.765988,14365.671203,643.540289,0.0,0.0,0.0,Flying,Gliding,2125,0,0,0.0,0.0,29.820292,,,
Movement,20/5/2024,15:58:40,21.037068,39502.76158,14948.593802,615.355622,0.0,0.0,0.0,Flying,Gliding,2396,0,0,0.0,0.0,29.820292,,,
Movement,20/5/2024,15:58:40,21.53377,40533.143126,15539.183596,585.814966,0.0,0.0,0.0,Flying,Gliding,2468,0,0,0.0,0.0,29.820292,,,

Movement,20/5/2024,15:58:41,22.028779,41569.809359,16123.379132,556.717354,0.0,0.0,0.0,Flying,Gliding,2331,0,0,0.0,0.0,23.85318,,,
Movement,20/5/2024,15:58:41,22.545306,42655.118253,16538.833816,608.67644,0.0,0.0,0.0,Flying,Ascending,2199,0,0,0.0,0.0,9.746038,,,
Movement,20/5/2024,15:58:42,23.034287,43667.607245,16741.320712,767.346175,0.0,0.0,0.0,Flying,Gliding,2083,0,0,0.0,0.0,4.682919,,,
Dash,20/5/2024,15:58:42,23.175493,43902.346717,16770.265726,792.738914,0.0,0.0,0.0,,Gliding,2057,0,0,0.0,0.0,2.534825,,,
Movement,20/5/2024,15:58:42,23.529671,44671.330867,16835.148399,814.583856,0.0,0.0,0.0,Flying,Descending,1993,0,0,0.0,0.0,2.739594,,,
Dash,20/5/2024,15:58:42,23.875423,45338.905521,16871.567121,764.865752,0.0,0.0,0.0,,Gliding,2085,0,0,0.0,0.0,2.792575,,,
Movement,20/5/2024,15:58:43,24.042223,45734.820854,16891.655306,709.089371,0.0,0.0,0.0,Flying,Gliding,2046,0,0,0.0,0.0,2.948526,,,
Movement,20/5/2024,15:58:43,24.547816,46834.851458,16948.492874,653.230274,0.0,0.0,0.0,Flying,Gliding,2454,0,0,0.0,0.0,3.017677,,,
Dash,20/5/2024,15:58:43,24.574464,46834.851458,16948.492874,653.230274,0.0,0.0,0.0,,Gliding,2454,0,0,0.0,0.0,3.017677,,,
Movement,20/5/2024,15:58:44,25.036715,47995.491156,17009.516726,667.700127,0.0,0.0,0.0,Flying,Gliding,2321,0,0,0.0,0.0,3.017677,,,
Movement,20/5/2024,15:58:44,25.54617,49239.21191,17075.067236,691.532131,0.0,0.0,0.0,Flying,Gliding,2384,0,0,0.0,0.0,3.017677,,,
Movement,20/5/2024,15:58:45,26.047231,50397.721717,17178.835063,714.720391,0.0,0.0,0.0,Flying,Gliding,2252,0,0,0.0,0.0,18.28874,,,
Movement,20/5/2024,15:58:45,26.535602,51435.31765,17444.95276,736.884086,0.0,0.0,0.0,Flying,Gliding,2132,0,0,0.0,0.0,18.271164,,,
Movement,20/5/2024,15:58:46,27.03866,52442.91466,17637.635261,757.963553,0.0,0.0,0.0,Flying,Gliding,2019,0,0,0.0,0.0,-20.929047,,,
Dash,20/5/2024,15:58:46,27.338668,52979.744527,17539.491095,771.658901,0.0,0.0,0.0,,Gliding,1960,0,0,0.0,0.0,-25.60788,,,
Movement,20/5/2024,15:58:46,27.528562,53371.39857,17394.116135,784.437831,0.0,0.0,0.0,Flying,Gliding,1916,0,0,0.0,0.0,-25.614319,,,
Movement,20/5/2024,15:58:47,28.031216,54334.184649,16857.524919,828.638019,0.0,0.0,0.0,Flying,Gliding,2393,0,0,0.0,0.0,-41.839539,,,
Movement,20/5/2024,15:58:47,28.549832,55046.77786,15925.735602,917.677702,0.0,0.0,0.0,Flying,Gliding,2256,0,0,0.0,0.0,-94.40863,,,
Movement,20/5/2024,15:58:48,29.044644,55133.558319,14859.067406,999.751341,0.0,0.0,0.0,Flying,Descending,2084,0,0,0.0,0.0,-94.879608,,,
Dash,20/5/2024,15:58:48,29.374683,55117.80518,14245.322033,958.851355,0.0,0.0,0.0,,Gliding,2067,0,0,0.0,0.0,-83.145477,,,
Movement,20/5/2024,15:58:48,29.533327,55128.826731,13857.769247,898.635481,0.0,0.0,0.0,Flying,Descending,2057,0,0,0.0,0.0,-83.145477,,,
Dash,20/5/2024,15:58:49,30.020319,55210.87856,12929.541915,688.719728,0.0,0.0,0.0,,Gliding,2065,0,0,0.0,0.0,-85.871338,,,
Movement,20/5/2024,15:58:49,30.046902,55221.236153,12810.586118,665.111483,0.0,0.0,0.0,Flying,Ascending,2052,0,0,0.0,0.0,-86.724243,,,
Dash,20/5/2024,15:58:49,30.507683,55280.519062,11960.798792,694.674269,0.0,0.0,0.0,,Gliding,1960,0,0,0.0,0.0,-88.804565,,,
Movement,20/5/2024,15:58:49,30.538552,55284.656935,11848.203363,715.746792,0.0,0.0,0.0,Flying,Ascending,1947,0,0,0.0,0.0,-90.383057,,,
Movement,20/5/2024,15:58:50,31.033375,55267.670899,10698.836669,1039.923446,0.0,0.0,0.0,Flying,Gliding,2377,0,0,0.0,0.0,-109.692108,,,
Movement,20/5/2024,15:58:50,31.538994,54850.571261,9701.909325,1299.468449,0.0,0.0,0.0,Flying,Descending,2084,0,0,0.0,0.0,-127.926285,,,

Movement,20/5/2024,15:58:51,32.027807,54311.81261,8857.485744,1312.681677,0.0,0.0,0.0,Flying,Descending,2058,0,0,0.0,0.0,-118.847336,,,
Movement,20/5/2024,15:58:51,32.548891,53794.209408,7949.833502,1202.679885,0.0,0.0,0.0,Flying,Gliding,1963,0,0,0.0,0.0,-118.680084,,,
Movement,20/5/2024,15:58:52,33.03909,53341.325098,7125.728601,1125.00138,0.0,0.0,0.0,Flying,Gliding,1863,0,0,0.0,0.0,-118.680084,,,
Movement,20/5/2024,15:58:52,33.536134,52908.71599,6335.211402,1056.009233,0.0,0.0,0.0,Flying,Gliding,1769,0,0,0.0,0.0,-118.680084,,,
Movement,20/5/2024,15:58:53,34.026369,52504.646303,5603.468811,992.732164,0.0,0.0,0.0,Flying,Gliding,1684,0,0,0.0,0.0,-121.608597,,,
Dash,20/5/2024,15:58:53,34.335029,52260.020442,5209.538085,975.101407,0.0,0.0,0.0,,Gliding,1638,0,0,0.0,0.0,-127.988922,,,
Movement,20/5/2024,15:58:53,34.528914,52055.096549,4923.01755,1036.431295,0.0,0.0,0.0,Flying,Ascending,1603,0,0,0.0,0.0,-130.120621,,,
Movement,20/5/2024,15:58:54,35.047912,51520.497622,4259.410598,1518.251994,0.0,0.0,0.0,Flying,Ascending,2100,0,0,0.0,0.0,-130.120621,,,
Movement,20/5/2024,15:58:54,35.530178,50999.526014,3638.086388,2078.572041,0.0,0.0,0.0,Flying,Ascending,1993,0,0,0.0,0.0,-130.120102,,,
Movement,20/5/2024,15:58:55,36.030759,50486.791576,3029.441662,2628.457383,0.0,0.0,0.0,Flying,Gliding,1889,0,0,0.0,0.0,-130.115829,,,
Movement,20/5/2024,15:58:55,36.541582,49962.916557,2407.663741,3104.76188,0.0,0.0,0.0,Flying,Descending,1825,0,0,0.0,0.0,-130.112991,,,
Movement,20/5/2024,15:58:56,37.050143,49428.008748,1772.728696,3485.766162,0.0,0.0,0.0,Flying,Gliding,1769,0,0,0.0,0.0,-130.111298,,,
Movement,20/5/2024,15:58:56,37.527052,48938.798818,1191.431565,3806.349084,0.0,0.0,0.0,Flying,Gliding,1686,0,0,0.0,0.0,-129.428925,,,
Movement,20/5/2024,15:58:57,38.046473,48474.249219,604.869896,4198.08422,0.0,0.0,0.0,Flying,Ascending,1602,0,0,0.0,0.0,-126.74379,,,
Movement,20/5/2024,15:58:57,38.539778,48080.773933,81.690539,4627.812702,0.0,0.0,0.0,Flying,Ascending,1527,0,0,0.0,0.0,-126.74379,,,
Movement,20/5/2024,15:58:58,39.049036,47718.281559,-403.492274,5033.479403,0.0,0.0,0.0,Flying,Gliding,1348,0,0,0.0,0.0,-126.82547,,,
Movement,20/5/2024,15:58:58,39.531806,47362.25644,-865.205026,5272.252813,0.0,0.0,0.0,Flying,Descending,1328,0,0,0.0,0.0,-132.237946,,,
Movement,20/5/2024,15:58:59,40.042506,46951.161961,-1338.489903,5027.648888,0.0,0.0,0.0,Flying,Descending,1369,0,0,0.0,0.0,-134.307098,,,
Dash,20/5/2024,15:58:59,40.505889,46699.149135,-1603.154246,4550.931934,0.0,0.0,0.0,,Gliding,1404,0,0,0.0,0.0,-134.286545,,,
Movement,20/5/2024,15:58:59,40.53422,46669.133239,-1634.030876,4484.848647,0.0,0.0,0.0,Flying,Descending,1406,0,0,0.0,0.0,-134.417068,,,
Movement,20/5/2024,15:59:0,41.025684,46290.816339,-2005.080324,3982.183613,0.0,0.0,0.0,Flying,Ascending,1941,0,0,0.0,0.0,-145.307617,,,
Dash,20/5/2024,15:59:0,41.31896,45914.686232,-2254.080639,3754.092129,0.0,0.0,0.0,,Gliding,1887,0,0,0.0,0.0,-171.431335,,,
Movement,20/5/2024,15:59:0,41.53088,45496.820238,-2387.389198,3679.791657,0.0,0.0,0.0,Flying,Ascending,1840,0,0,0.0,0.0,179.392258,,,

Movement,20/5/2024,15:59:1,42.037243,44430.421526,-2466.057115,3815.76166,0.0,0.0,0.0,Flying,Ascending,2321,0,0,0.0,0.0,179.392258,,,
Movement,20/5/2024,15:59:1,42.531163,43338.227135,-2465.885814,4032.63837,0.0,0.0,0.0,Flying,Gliding,2195,0,0,0.0,0.0,179.913788,,,
Movement,20/5/2024,15:59:2,43.043055,42263.091204,-2467.206082,4226.127547,0.0,0.0,0.0,Flying,Gliding,2074,0,0,0.0,0.0,-179.039001,,,
Movement,20/5/2024,15:59:2,43.54832,41254.294595,-2482.696938,4365.023385,0.0,0.0,0.0,Flying,Gliding,1964,0,0,0.0,0.0,-178.750443,,,
Movement,20/5/2024,15:59:3,44.028728,40346.592698,-2500.984104,4482.674939,0.0,0.0,0.0,Flying,Gliding,1867,0,0,0.0,0.0,-178.960587,,,
Movement,20/5/2024,15:59:3,44.525476,39461.371692,-2517.54564,4633.142357,0.0,0.0,0.0,Flying,Gliding,1774,0,0,0.0,0.0,-178.960587,,,
Movement,20/5/2024,15:59:4,45.036898,38590.655903,-2533.388298,4789.477758,0.0,0.0,0.0,Flying,Gliding,1684,0,0,0.0,0.0,-178.958755,,,
Movement,20/5/2024,15:59:4,45.542002,37781.146487,-2548.363966,4934.618941,0.0,0.0,0.0,Flying,Gliding,1603,0,0,0.0,0.0,-178.894562,,,
Movement,20/5/2024,15:59:5,46.035238,37017.687807,-2563.024901,5067.322544,0.0,0.0,0.0,Flying,Gliding,1529,0,0,0.0,0.0,-178.871857,,,
Dash,20/5/2024,15:59:5,46.250955,36736.453793,-2568.53058,5115.056767,0.0,0.0,0.0,,Gliding,1502,0,0,0.0,0.0,-178.863892,,,
Movement,20/5/2024,15:59:5,46.546324,36269.334133,-2577.768475,5193.016423,0.0,0.0,0.0,Flying,Gliding,1458,0,0,0.0,0.0,-178.850433,,,
Movement,20/5/2024,15:59:6,47.049754,35268.322228,-2598.616509,5335.662856,0.0,0.0,0.0,Flying,Descending,1998,0,0,0.0,0.0,-178.617706,,,
Movement,20/5/2024,15:59:6,47.53934,34415.585324,-2574.305935,5080.507453,0.0,0.0,0.0,Flying,Descending,1992,0,0,0.0,0.0,154.265289,,,
Movement,20/5/2024,15:59:7,48.035318,33852.121322,-2233.786076,4370.984916,0.0,0.0,0.0,Flying,Gliding,1926,0,0,0.0,0.0,97.611969,,,
Movement,20/5/2024,15:59:7,48.553701,33814.831034,-1555.077433,3708.5906,0.0,0.0,0.0,Flying,Ascending,1824,0,0,0.0,0.0,38.556976,,,
Movement,20/5/2024,15:59:8,49.046092,34304.871331,-990.207949,3272.171503,0.0,0.0,0.0,Flying,Ascending,1734,0,0,0.0,0.0,30.222897,,,
Movement,20/5/2024,15:59:8,49.546609,34930.594478,-536.921086,2937.628449,0.0,0.0,0.0,Flying,Descending,1675,0,0,0.0,0.0,52.505081,,,
Movement,20/5/2024,15:59:9,50.029977,35389.682993,-62.30801,2463.176336,0.0,0.0,0.0,Flying,Descending,1680,0,0,0.0,0.0,60.974182,,,
Movement,20/5/2024,15:59:9,50.536014,35693.589589,418.476513,1839.969425,0.0,0.0,0.0,Flying,Gliding,1634,0,0,0.0,0.0,60.776798,,,
Movement,20/5/2024,15:59:10,51.03126,35977.071493,922.494127,1309.378062,0.0,0.0,0.0,Braking,Descending,1505,0,0,0.0,0.0,65.089417,,,
Movement,20/5/2024,15:59:10,51.546142,36190.612645,1314.69701,925.77622,0.0,0.0,0.0,Braking,Descending,881,0,0,0.0,0.0,65.089417,,,

Movement,20/5/2024,15:59:11,52.051478,36329.058679,1571.173604,655.242718,0.0,0.0,0.0,Braking,Gliding,774,0,0,0.0,0.0,65.089417,,,
Movement,20/5/2024,15:59:11,52.541724,36373.044044,1653.155178,498.37155,0.0,0.0,0.0,Walking,Gliding,0,0,0,0.0,0.0,65.089417,,,
Movement,20/5/2024,15:59:12,53.041417,36373.044044,1653.155178,498.37155,0.0,0.0,0.0,Walking,Gliding,0,0,0,0.0,0.0,65.089417,,,
Movement,20/5/2024,15:59:12,53.531855,36373.044044,1653.155178,498.37155,0.0,0.0,0.0,Walking,Gliding,0,0,0,0.0,0.0,65.089417,,,
Movement,20/5/2024,15:59:13,54.047873,36303.277183,1681.410117,498.37155,0.0,0.0,0.0,Walking,Gliding,240,0,0,0.0,0.0,151.249741,,,
Movement,20/5/2024,15:59:13,54.528227,36254.803194,1781.129139,498.37155,0.0,0.0,0.0,Walking,Gliding,240,0,0,0.0,0.0,99.179222,,,
Movement,20/5/2024,15:59:14,55.051984,36213.257199,1898.74129,498.37155,0.0,0.0,0.0,Walking,Gliding,240,0,0,0.0,0.0,121.68013,,,
Movement,20/5/2024,15:59:14,55.528915,36145.998224,1990.137226,498.37155,0.0,0.0,0.0,Walking,Gliding,240,0,0,0.0,0.0,137.369385,,,
Movement,20/5/2024,15:59:15,56.027751,36046.230098,2052.798796,498.37155,0.0,0.0,0.0,Walking,Gliding,240,0,0,0.0,0.0,167.191696,,,
Movement,20/5/2024,15:59:15,56.55135,36006.578524,2057.591884,502.040552,0.0,0.0,0.0,Walking,Gliding,0,0,0,0.0,0.0,-165.86264,,,
Movement,20/5/2024,15:59:16,57.049006,36006.578524,2057.591884,502.040552,0.0,0.0,0.0,Walking,Gliding,0,0,0,0.0,0.0,-165.86264,,,
Movement,20/5/2024,15:59:16,57.548281,36006.578524,2057.591884,502.040552,0.0,0.0,0.0,Walking,Gliding,0,0,0,0.0,0.0,-165.86264,,,
Movement,20/5/2024,15:59:17,58.045728,35923.495693,2109.801303,529.954182,0.0,0.0,0.0,Walking,Gliding,239,0,0,0.0,0.0,144.397964,,,
Movement,20/5/2024,15:59:17,58.538121,35835.071869,2188.376077,636.933859,0.0,0.0,0.0,Walking,Gliding,400,0,0,0.0,0.0,137.372864,,,
Movement,20/5/2024,15:59:18,59.037599,35743.556662,2264.789058,558.666352,0.0,0.0,0.0,Walking,Gliding,239,0,0,0.0,0.0,147.546371,,,
Movement,20/5/2024,15:59:18,59.539101,35641.327472,2329.671353,650.022706,0.0,0.0,0.0,Walking,Gliding,488,0,0,0.0,0.0,147.385239,,,
Movement,20/5/2024,15:59:19,60.035858,35542.754915,2395.351075,559.211878,0.0,0.0,0.0,Walking,Gliding,240,0,0,0.0,0.0,142.041229,,,
Movement,20/5/2024,15:59:19,60.546789,35457.725085,2484.518145,556.345632,0.0,0.0,0.0,Walking,Gliding,239,0,0,0.0,0.0,126.225891,,,
Movement,20/5/2024,15:59:20,61.054416,35407.386129,2592.991153,552.855704,0.0,0.0,0.0,Walking,Gliding,240,0,0,0.0,0.0,103.139915,,,
Movement,20/5/2024,15:59:20,61.525149,35379.044077,2702.584956,551.259992,0.0,0.0,0.0,Walking,Gliding,240,0,0,0.0,0.0,111.416534,,,

Movement,20/5/2024,15:59:21,62.025724,35352.412114,2820.139151,549.476767,0.0,0.0,0.0,Walking,Gliding,239,0,0,0.0,0.0,98.286255,,,
Movement,20/5/2024,15:59:21,62.553184,35333.461341,2946.632456,548.257421,0.0,0.0,0.0,Walking,Gliding,239,0,0,0.0,0.0,99.947639,,,
Movement,20/5/2024,15:59:22,63.030697,35300.711453,3055.0663,548.844937,0.0,0.0,0.0,Walking,Gliding,240,0,0,0.0,0.0,108.574814,,,
Movement,20/5/2024,15:59:22,63.556637,35279.027101,3175.555373,550.5455,0.0,0.0,0.0,Walking,Gliding,240,0,0,0.0,0.0,70.293175,,,
Movement,20/5/2024,15:59:23,64.04285,35355.100894,3262.10866,558.699581,0.0,0.0,0.0,Walking,Gliding,239,0,0,0.0,0.0,38.964928,,,
Movement,20/5/2024,15:59:23,64.531091,35455.640672,3322.008054,566.497446,0.0,0.0,0.0,Walking,Gliding,239,0,0,0.0,0.0,30.785303,,,
Movement,20/5/2024,15:59:24,65.046461,35545.757046,3406.348692,574.506647,0.0,0.0,0.0,Walking,Gliding,240,0,0,0.0,0.0,48.292751,,,
Movement,20/5/2024,15:59:24,65.53464,35588.61667,3513.172266,577.785361,0.0,0.0,0.0,Walking,Gliding,240,0,0,0.0,0.0,79.356262,,,
Movement,20/5/2024,15:59:25,66.051129,35607.008045,3636.179902,586.999142,0.0,0.0,0.0,Walking,Gliding,239,0,0,0.0,0.0,81.664474,,,
Movement,20/5/2024,15:59:25,66.536384,35623.812834,3751.995853,596.944794,0.0,0.0,0.0,Walking,Gliding,239,0,0,0.0,0.0,81.707413,,,
Dash,20/5/2024,15:59:26,66.959166,35664.572133,3865.320645,767.173364,0.0,0.0,0.0,,Gliding,600,0,0,0.0,0.0,63.420444,,,
Movement,20/5/2024,15:59:26,67.051385,35701.124637,3929.316945,759.863673,0.0,0.0,0.0,Flying,Ascending,600,0,0,0.0,0.0,65.856407,,,
Dash,20/5/2024,15:59:26,67.114263,35710.027063,3946.035898,759.931695,0.0,0.0,0.0,,Gliding,599,0,0,0.0,0.0,66.019669,,,
Dash,20/5/2024,15:59:26,67.274526,35752.892017,4030.014357,777.031232,0.0,0.0,0.0,,Gliding,599,0,0,0.0,0.0,66.02874,,,
Dash,20/5/2024,15:59:26,67.465583,35815.609224,4155.295712,835.540886,0.0,0.0,0.0,,Gliding,1196,0,0,0.0,0.0,61.720181,,,
Movement,20/5/2024,15:59:26,67.530512,35866.485651,4253.396371,877.888959,0.0,0.0,0.0,Flying,Descending,1205,0,0,0.0,0.0,59.197655,,,
Dash,20/5/2024,15:59:26,67.625139,35900.213437,4315.631428,899.013182,0.0,0.0,0.0,,Gliding,1210,0,0,0.0,0.0,57.551598,,,
Dash,20/5/2024,15:59:26,67.813797,36015.656892,4512.012976,925.813065,0.0,0.0,0.0,,Gliding,1226,0,0,0.0,0.0,54.334755,,,
Dash,20/5/2024,15:59:27,68.020287,36156.267432,4719.980852,884.345776,0.0,0.0,0.0,,Gliding,1237,0,0,0.0,0.0,43.379311,,,
Movement,20/5/2024,15:59:27,68.051923,36202.165971,4773.563209,865.651143,0.0,0.0,0.0,Flying,Gliding,1231,0,0,0.0,0.0,36.806873,,,
Dash,20/5/2024,15:59:27,68.259489,36400.612093,4949.243759,804.041515,0.0,0.0,0.0,,Gliding,1805,0,0,0.0,0.0,17.135801,,,
Movement,20/5/2024,15:59:27,68.551932,36920.003894,5158.971796,774.915564,0.0,0.0,0.0,Flying,Ascending,1748,0,0,0.0,0.0,-4.134735,,,
Dash,20/5/2024,15:59:27,68.901462,37434.195261,5274.294294,932.910545,0.0,0.0,0.0,,Gliding,1692,0,0,0.0,0.0,32.289436,,,
Movement,20/5/2024,15:59:28,69.04134,37720.132952,5394.670397,1085.801124,0.0,0.0,0.0,Flying,Gliding,2254,0,0,0.0,0.0,41.829735,,,
Movement,20/5/2024,15:59:28,69.535117,38612.840689,5805.554814,1508.755794,0.0,0.0,0.0,Flying,Descending,2082,0,0,0.0,0.0,14.492572,,,
Movement,20/5/2024,15:59:29,70.055573,39655.212787,6106.404709,1621.030308,0.0,0.0,0.0,Flying,Descending,2086,0,0,0.0,0.0,7.990026,,,
Dash,20/5/2024,15:59:29,70.280006,40039.699649,6183.499461,1524.10707,0.0,0.0,0.0,,Gliding,2079,0,0,0.0,0.0,8.168895,,,
Movement,20/5/2024,15:59:29,70.547601,40587.811864,6259.393849,1249.743114,0.0,0.0,0.0,Flying,Gliding,2042,0,0,0.0,0.0,2.464145,,,
Movement,20/5/2024,15:59:30,71.046025,41672.176029,6332.671842,857.895693,0.0,0.0,0.0,Flying,Gliding,2413,0,0,0.0,0.0,1.890475,,,
Dash,20/5/2024,15:59:30,71.108643,41744.318859,6335.830823,841.303288,0.0,0.0,0.0,,Gliding,2404,0,0,0.0,0.0,1.890475,,,
Movement,20/5/2024,15:59:30,71.537324,42804.831271,6375.26417,661.999762,0.0,0.0,0.0,Flying,Gliding,2291,0,0,0.0,0.0,1.890475,,,

Movement,20/5/2024,15:59:31,72.03493,44030.581362,6416.309213,605.322308,0.0,0.0,0.0,Flying,Gliding,2403,0,0,0.0,0.0,1.890475,,,
Movement,20/5/2024,15:59:31,72.549195,45230.72554,6387.753476,612.459158,0.0,0.0,0.0,Braking,Gliding,2038,0,0,0.0,0.0,-39.268402,,,
Movement,20/5/2024,15:59:32,73.034731,45997.567056,6275.877249,621.491016,0.0,0.0,0.0,Braking,Gliding,1253,0,0,0.0,0.0,-94.611359,,,
Movement,20/5/2024,15:59:32,73.527898,46465.354653,6207.290255,574.255247,0.0,0.0,0.0,Flying,Gliding,799,0,0,0.0,0.0,-114.622925,,,
Movement,20/5/2024,15:59:33,74.035805,46740.685782,6129.86396,498.371549,0.0,0.0,0.0,Walking,Ascending,258,0,0,0.0,0.0,-31.164978,,,
Movement,20/5/2024,15:59:33,74.560442,46728.14311,6034.358595,651.090723,0.0,0.0,0.0,Flying,Gliding,600,0,0,0.0,0.0,-138.110443,,,
Dash,20/5/2024,15:59:33,74.869989,46802.797707,5889.454557,684.120613,0.0,0.0,0.0,,Gliding,600,0,0,0.0,0.0,-52.551178,,,
Movement,20/5/2024,15:59:34,75.02769,46868.597173,5795.762078,693.546178,0.0,0.0,0.0,Flying,Ascending,600,0,0,0.0,0.0,-29.473419,,,
Movement,20/5/2024,15:59:34,75.534636,47191.581545,5520.897875,822.689873,0.0,0.0,0.0,Flying,Gliding,1179,0,0,0.0,0.0,-62.953125,,,
Movement,20/5/2024,15:59:35,76.042814,47428.872457,5030.078502,973.748846,0.0,0.0,0.0,Flying,Descending,1153,0,0,0.0,0.0,-120.838608,,,
Dash,20/5/2024,15:59:35,76.4694,47270.397167,4607.9054,994.228037,0.0,0.0,0.0,,Gliding,1185,0,0,0.0,0.0,-165.761841,,,
Movement,20/5/2024,15:59:35,76.532589,47181.39384,4546.497706,980.27932,0.0,0.0,0.0,Flying,Descending,1192,0,0,0.0,0.0,-176.627151,,,
Movement,20/5/2024,15:59:36,77.028514,46544.017154,4507.06936,957.165321,0.0,0.0,0.0,Flying,Ascending,1740,0,0,0.0,0.0,171.818497,,,
Movement,20/5/2024,15:59:36,77.550994,45728.645574,4643.483232,1281.701368,0.0,0.0,0.0,Flying,Descending,1660,0,0,0.0,0.0,174.88887,,,
Dash,20/5/2024,15:59:37,78.000403,45063.990395,4788.542284,1357.919547,0.0,0.0,0.0,,Gliding,1664,0,0,0.0,0.0,138.367737,,,
Movement,20/5/2024,15:59:37,78.031679,44957.657089,4840.050063,1346.279372,0.0,0.0,0.0,Flying,Descending,1664,0,0,0.0,0.0,131.256851,,,
Movement,20/5/2024,15:59:37,78.544412,44392.09346,5509.85016,1283.932397,0.0,0.0,0.0,Flying,Descending,2177,0,0,0.0,0.0,116.701103,,,
Movement,20/5/2024,15:59:38,79.04298,43756.471497,6271.968075,1117.968421,0.0,0.0,0.0,Flying,Ascending,2014,0,0,0.0,0.0,168.295898,,,
Dash,20/5/2024,15:59:38,79.159257,43602.995078,6359.239324,1098.975015,0.0,0.0,0.0,,Gliding,1995,0,0,0.0,0.0,166.500397,,,
Movement,20/5/2024,15:59:38,79.531624,42894.879845,6640.468581,1245.87359,0.0,0.0,0.0,Flying,Ascending,1911,0,0,0.0,0.0,165.32074,,,
Dash,20/5/2024,15:59:39,79.967817,42079.954602,6900.933903,1466.961143,0.0,0.0,0.0,,Gliding,2080,0,0,0.0,0.0,162.057892,,,
Movement,20/5/2024,15:59:39,80.03332,41880.937999,6964.183447,1478.524615,0.0,0.0,0.0,Flying,Gliding,2057,0,0,0.0,0.0,162.059784,,,
Movement,20/5/2024,15:59:39,80.55216,40832.701444,7303.457611,1637.999391,0.0,0.0,0.0,Flying,Ascending,2461,0,0,0.0,0.0,161.882996,,,
Dash,20/5/2024,15:59:39,80.674866,40628.181207,7370.182763,1697.632406,0.0,0.0,0.0,,Gliding,2435,0,0,0.0,0.0,161.894363,,,
Movement,20/5/2024,15:59:40,81.036355,39811.097751,7637.080738,2052.00173,0.0,0.0,0.0,Flying,Ascending,2328,0,0,0.0,0.0,161.90416,,,
Movement,20/5/2024,15:59:40,81.536084,38805.560746,7972.057959,2456.029351,0.0,0.0,0.0,Flying,Descending,2086,0,0,0.0,0.0,160.570145,,,
Dash,20/5/2024,15:59:41,81.999307,38002.288237,8344.434188,2371.196602,0.0,0.0,0.0,,Gliding,2043,0,0,0.0,0.0,129.092072,,,

Movement,20/5/2024,15:59:41,82.031334,37903.99445,8419.718032,2349.419029,0.0,0.0,0.0,Flying,Ascending,2029,0,0,0.0,0.0,124.414894,,,
Movement,20/5/2024,15:59:41,82.544723,37221.83545,9237.920286,2364.237348,0.0,0.0,0.0,Flying,Gliding,2480,0,0,0.0,0.0,123.114006,,,
Dash,20/5/2024,15:59:41,82.829343,36881.09015,9744.821642,2328.794662,0.0,0.0,0.0,,Gliding,2097,0,0,0.0,0.0,123.015411,,,
Movement,20/5/2024,15:59:42,83.051502,36601.273966,10179.130771,2215.019465,0.0,0.0,0.0,Flying,Descending,2085,0,0,0.0,0.0,121.155136,,,
Dash,20/5/2024,15:59:42,83.530392,36161.991387,10915.458637,1811.933608,0.0,0.0,0.0,,Gliding,2068,0,0,0.0,0.0,108.751343,,,
Movement,20/5/2024,15:59:42,83.530392,36138.053597,10963.863821,1787.40574,0.0,0.0,0.0,Flying,Gliding,2061,0,0,0.0,0.0,106.785866,,,
Dash,20/5/2024,15:59:43,84.032718,35810.563259,11822.639863,1558.245201,0.0,0.0,0.0,,Gliding,1969,0,0,0.0,0.0,107.458145,,,
Movement,20/5/2024,15:59:43,84.032718,35786.938718,11895.398396,1542.768549,0.0,0.0,0.0,Flying,Gliding,2565,0,0,0.0,0.0,108.161766,,,
Movement,20/5/2024,15:59:43,84.533603,35465.08107,12806.561901,1162.825923,0.0,0.0,0.0,Flying,Descending,2070,0,0,0.0,0.0,124.334724,,,
Dash,20/5/2024,15:59:43,84.837828,35220.146282,13264.220242,903.737262,0.0,0.0,0.0,,Gliding,2500,0,0,0.0,0.0,126.124123,,,
Movement,20/5/2024,15:59:44,85.052237,34915.72118,13725.741451,674.626492,0.0,0.0,0.0,Flying,Gliding,2430,0,0,0.0,0.0,126.124123,,,
Movement,20/5/2024,15:59:44,85.529836,34274.277294,14606.047231,407.047362,0.0,0.0,0.0,Flying,Ascending,2301,0,0,0.0,0.0,130.27623,,,
Dash,20/5/2024,15:59:44,85.856989,33823.004984,15165.020349,567.224968,0.0,0.0,0.0,,Gliding,2432,0,0,0.0,0.0,130.87439,,,
Movement,20/5/2024,15:59:45,86.040755,33511.595915,15533.053082,762.273848,0.0,0.0,0.0,Flying,Ascending,2372,0,0,0.0,0.0,131.427017,,,
Movement,20/5/2024,15:59:45,86.5547,32671.381953,16225.484447,1157.998907,0.0,0.0,0.0,Flying,Descending,2088,0,0,0.0,0.0,169.710754,,,
Dash,20/5/2024,15:59:45,86.823215,32209.357661,16373.472913,1127.603907,0.0,0.0,0.0,,Gliding,2078,0,0,0.0,0.0,176.173019,,,
Movement,20/5/2024,15:59:46,87.026237,31741.999053,16469.20938,1013.304283,0.0,0.0,0.0,Flying,Gliding,2057,0,0,0.0,0.0,167.32045,,,
Movement,20/5/2024,15:59:46,87.531378,30638.071077,16702.414005,846.947608,0.0,0.0,0.0,Flying,Descending,2433,0,0,0.0,0.0,164.859695,,,
Dash,20/5/2024,15:59:47,87.966146,29869.809504,16975.207435,673.934336,0.0,0.0,0.0,,Gliding,2037,0,0,0.0,0.0,146.365402,,,
Movement,20/5/2024,15:59:47,88.050565,29670.31719,17081.773414,638.340209,0.0,0.0,0.0,Flying,Ascending,2012,0,0,0.0,0.0,146.92395,,,
Dash,20/5/2024,15:59:47,88.517029,28914.417682,17540.885158,779.679495,0.0,0.0,0.0,,Gliding,2489,0,0,0.0,0.0,147.132187,,,
Movement,20/5/2024,15:59:47,88.552047,28785.774228,17622.21795,824.456424,0.0,0.0,0.0,Flying,Gliding,2471,0,0,0.0,0.0,147.206512,,,
Movement,20/5/2024,15:59:48,89.026537,27832.337712,18143.400949,1000.469079,0.0,0.0,0.0,Flying,Descending,2090,0,0,0.0,0.0,-178.022461,,,
Dash,20/5/2024,15:59:48,89.215556,27490.401646,18206.49218,998.18505,0.0,0.0,0.0,,Gliding,2100,0,0,0.0,0.0,-160.258499,,,
Movement,20/5/2024,15:59:48,89.534615,26789.726736,18044.014435,935.993969,0.0,0.0,0.0,Flying,Descending,2055,0,0,0.0,0.0,-133.514679,,,
Dash,20/5/2024,15:59:48,89.825164,26366.408072,17746.325061,846.31019,0.0,0.0,0.0,,Gliding,2041,0,0,0.0,0.0,-136.46228,,,
Movement,20/5/2024,15:59:49,90.053901,25895.759178,17412.865092,716.3605,0.0,0.0,0.0,Flying,Gliding,2473,0,0,0.0,0.0,-166.807785,,,
Movement,20/5/2024,15:59:49,90.549399,24763.168095,17133.374611,563.546854,0.0,0.0,0.0,Flying,Ascending,2335,0,0,0.0,0.0,171.423355,,,
Dash,20/5/2024,15:59:49,90.638768,24628.773589,17138.16394,555.525292,0.0,0.0,0.0,,Gliding,2320,0,0,0.0,0.0,164.645477,,,
Movement,20/5/2024,15:59:50,91.05304,23563.713983,17341.161543,574.378813,0.0,0.0,0.0,Flying,Ascending,2407,0,0,0.0,0.0,161.397812,,,
Movement,20/5/2024,15:59:50,91.550911,22444.597929,17697.993017,657.889593,0.0,0.0,0.0,Flying,Gliding,2492,0,0,0.0,0.0,156.220963,,,
Dash,20/5/2024,15:59:51,91.92625,21679.460163,18064.869302,700.540512,0.0,0.0,0.0,,Gliding,2393,0,0,0.0,0.0,144.303558,,,

Movement,20/5/2024,15:59:51,92.034626,21403.599482,18237.389854,699.324826,0.0,0.0,0.0,Flying,Gliding,2356,0,0,0.0,0.0,145.903854,,,
Movement,20/5/2024,15:59:51,92.533216,20352.245623,18812.457278,670.616218,0.0,0.0,0.0,Flying,Gliding,2455,0,0,0.0,0.0,163.518784,,,
Dash,20/5/2024,15:59:51,92.860373,19685.90915,19060.679463,648.775241,0.0,0.0,0.0,,Gliding,2373,0,0,0.0,0.0,163.518784,,,
Movement,20/5/2024,15:59:52,93.029255,19246.670421,19201.149375,634.155919,0.0,0.0,0.0,Flying,Gliding,2320,0,0,0.0,0.0,163.118408,,,
Movement,20/5/2024,15:59:52,93.548588,18057.297991,19584.827947,593.604227,0.0,0.0,0.0,Flying,Gliding,2430,0,0,0.0,0.0,160.507431,,,
Dash,20/5/2024,15:59:52,93.789267,17581.066711,19749.508421,576.806522,0.0,0.0,0.0,,Gliding,2372,0,0,0.0,0.0,160.465164,,,
Movement,20/5/2024,15:59:53,94.032784,17005.787991,19955.423478,548.962889,0.0,0.0,0.0,Flying,Descending,2092,0,0,0.0,0.0,156.873734,,,
Movement,20/5/2024,15:59:53,94.553503,16017.563915,20360.599744,281.916317,0.0,0.0,0.0,Flying,Descending,2082,0,0,0.0,0.0,156.214584,,,
Dash,20/5/2024,15:59:53,94.823385,15582.048321,20550.318161,146.006096,0.0,0.0,0.0,,Gliding,2028,0,0,0.0,0.0,156.325882,,,
Movement,20/5/2024,15:59:54,95.035238,15144.326451,20740.469427,90.034318,0.0,0.0,0.0,Flying,Gliding,1977,0,0,0.0,0.0,161.205139,,,
Movement,20/5/2024,15:59:54,95.537737,14055.154756,20981.805598,63.272188,0.0,0.0,0.0,Flying,Gliding,2428,0,0,0.0,0.0,-165.96106,,,
Dash,20/5/2024,15:59:55,95.92192,13230.138283,20826.287204,32.016431,0.0,0.0,0.0,,Gliding,2331,0,0,0.0,0.0,-149.302277,,,
Movement,20/5/2024,15:59:55,96.04696,12900.14376,20679.601782,6.722473,0.0,0.0,0.0,Flying,Gliding,2290,0,0,0.0,0.0,-149.302277,,,
Movement,20/5/2024,15:59:55,96.545235,11880.31466,20114.561642,-69.180755,0.0,0.0,0.0,Flying,Gliding,2454,0,0,0.0,0.0,-149.132996,,,
Dash,20/5/2024,15:59:55,96.575727,11880.31466,20114.561642,-69.180755,0.0,0.0,0.0,,Gliding,2454,0,0,0.0,0.0,-149.132996,,,
Movement,20/5/2024,15:59:56,97.027938,10893.899586,19530.040957,12.30195,0.0,0.0,0.0,Flying,Gliding,2322,0,0,0.0,0.0,-149.132996,,,
Dash,20/5/2024,15:59:56,97.240853,10508.923916,19300.269812,60.14063,0.0,0.0,0.0,,Gliding,2482,0,0,0.0,0.0,-149.125809,,,
Movement,20/5/2024,15:59:56,97.542637,9819.879593,18888.155122,102.892696,0.0,0.0,0.0,Flying,Gliding,2389,0,0,0.0,0.0,-149.04277,,,
Dash,20/5/2024,15:59:56,97.847721,9269.831237,18546.35673,87.343998,0.0,0.0,0.0,,Gliding,2315,0,0,0.0,0.0,-137.721497,,,
Movement,20/5/2024,15:59:57,98.027072,8862.19128,18229.73782,71.318419,0.0,0.0,0.0,Flying,Gliding,2466,0,0,0.0,0.0,-132.49202,,,
Movement,20/5/2024,15:59:57,98.541757,8109.804979,17255.376862,46.038162,0.0,0.0,0.0,Flying,Gliding,2323,0,0,0.0,0.0,-102.044373,,,
Dash,20/5/2024,15:59:57,98.666251,8032.844106,17061.191758,43.123641,0.0,0.0,0.0,,Gliding,2299,0,0,0.0,0.0,-102.044373,,,
Movement,20/5/2024,15:59:58,99.039377,7760.758393,16084.669702,31.240352,0.0,0.0,0.0,Flying,Gliding,2393,0,0,0.0,0.0,-102.044373,,,
Movement,20/5/2024,15:59:58,99.536053,7731.920014,14906.780543,21.903429,0.0,0.0,0.0,Flying,Gliding,2470,0,0,0.0,0.000273,-63.80011,,,
Dash,20/5/2024,15:59:59,99.915845,8031.768214,14134.589814,22.536077,0.0,0.0,0.0,,Gliding,2374,0,0,-0.0,0.000273,-42.263977,,,
Movement,20/5/2024,15:59:59,100.057449,8280.212965,13809.287358,24.629879,0.0,0.0,0.0,Flying,Gliding,2327,0,0,-0.0,0.000273,-22.237854,,,
Movement,20/5/2024,15:59:59,100.552655,9363.138999,13427.342496,42.993253,0.0,0.0,0.0,Flying,Gliding,2448,0,0,0.0,0.000273,34.077446,,,
Movement,20/5/2024,16:0:0,101.048079,10483.248118,13765.03441,83.15239,0.0,0.0,0.0,Flying,Gliding,2314,0,0,0.0,0.000273,-2.986572,,,
Dash,20/5/2024,16:0:0,101.518133,11459.324046,13836.316136,118.392104,0.0,0.0,0.0,,Gliding,2203,0,0,0.0,0.000273,-19.704681,,,
Movement,20/5/2024,16:0:0,101.552471,11609.705019,13816.46586,123.619844,0.0,0.0,0.0,Flying,Gliding,2186,0,0,0.0,0.000273,-20.981262,,,

Movement,20/5/2024,16:0:1,102.038917,12641.910964,13505.927463,166.409526,0.0,0.0,0.0,Flying,Gliding,2480,0,0,0.0,0.000273,-29.324097,,,
Dash,20/5/2024,16:0:1,102.245568,13023.022782,13327.877643,184.89847,0.0,0.0,0.0,,Gliding,2431,0,0,0.0,0.000273,-29.324097,,,
Movement,20/5/2024,16:0:1,102.541611,13722.491991,12957.642915,220.83727,0.0,0.0,0.0,Flying,Gliding,2340,0,0,0.0,0.000273,-31.115448,,,
Dash,20/5/2024,16:0:1,102.827963,14241.725925,12647.285222,243.017118,0.0,0.0,0.0,,Gliding,2489,0,0,0.0,0.000273,-35.010254,,,
Movement,20/5/2024,16:0:2,103.043106,14755.280944,12313.308661,240.778457,0.0,0.0,0.0,Flying,Gliding,2418,0,0,0.0,0.000273,-33.921783,,,
Dash,20/5/2024,16:0:2,103.256255,15079.061092,12106.731437,225.503009,0.0,0.0,0.0,,Gliding,2091,0,0,0.0,0.000273,-27.991486,,,
Movement,20/5/2024,16:0:2,103.54478,15680.757699,11752.510869,106.301111,0.0,0.0,0.0,Flying,Gliding,2489,0,0,0.0,0.000273,-27.986938,,,
Dash,20/5/2024,16:0:2,103.788378,16121.559236,11510.527163,11.150266,0.0,0.0,0.0,,Gliding,2430,0,0,0.0,0.000273,-27.728546,,,
Movement,20/5/2024,16:0:3,104.039557,16716.155721,11193.615295,-44.958427,0.0,0.0,0.0,Flying,Ascending,2352,0,0,-0.0,0.000273,-27.453003,,,
Movement,20/5/2024,16:0:3,104.554091,17792.796099,10632.731586,162.315067,0.0,0.0,0.0,Flying,Ascending,2425,0,0,0.0,0.000273,-27.286377,,,
Movement,20/5/2024,16:0:4,105.037538,18783.410509,10115.749455,434.953848,0.0,0.0,0.0,Flying,Gliding,2293,0,0,0.0,0.000273,-27.820984,,,
Dash,20/5/2024,16:0:4,105.139032,18916.464128,10044.64077,457.295922,0.0,0.0,0.0,,Gliding,2276,0,0,0.0,0.000273,-30.833496,,,
Movement,20/5/2024,16:0:4,105.530779,19702.104609,9537.804956,576.158643,0.0,0.0,0.0,Flying,Gliding,2170,0,0,0.0,0.000273,-37.826447,,,
Dash,20/5/2024,16:0:4,105.752022,20072.952507,9262.940166,630.093327,0.0,0.0,0.0,,Gliding,2463,0,0,0.0,0.000273,-37.826447,,,
Movement,20/5/2024,16:0:5,106.03808,20676.922636,8824.059178,709.629035,0.0,0.0,0.0,Flying,Descending,2095,0,0,0.0,0.000273,-26.862946,,,
Dash,20/5/2024,16:0:5,106.330221,21138.774496,8542.684385,705.042095,0.0,0.0,0.0,,Gliding,2078,0,0,0.0,0.000273,-26.862946,,,
Movement,20/5/2024,16:0:5,106.527329,21581.057801,8304.061455,669.171243,0.0,0.0,0.0,Flying,Descending,2088,0,0,0.0,0.000273,-26.862946,,,
Dash,20/5/2024,16:0:5,106.813355,22040.418878,8068.080289,626.155002,0.0,0.0,0.0,,Gliding,2031,0,0,-0.0,0.000273,-25.65567,,,
Movement,20/5/2024,16:0:6,107.047712,22516.803477,7831.93105,633.649598,0.0,0.0,0.0,Flying,Gliding,1974,0,0,0.0,0.000273,-24.135223,,,
Movement,20/5/2024,16:0:6,107.542695,23631.946323,7491.55342,727.825091,0.0,0.0,0.0,Flying,Gliding,2387,0,0,0.0,0.000273,-5.73999,,,
Movement,20/5/2024,16:0:7,108.041053,24813.926257,7342.954221,838.873541,0.0,0.0,0.0,Flying,Gliding,2466,0,0,0.0,0.000273,-18.231506,,,
Movement,20/5/2024,16:0:7,108.535448,25846.090879,6841.357947,1002.91226,0.0,0.0,0.0,Flying,Ascending,2330,0,0,0.0,0.000273,-59.368439,,,
Dash,20/5/2024,16:0:7,108.656514,25989.682215,6686.790907,1043.359821,0.0,0.0,0.0,,Gliding,2306,0,0,0.0,0.000273,-56.372162,,,
Movement,20/5/2024,16:0:8,109.044603,26574.616834,6033.787078,1365.172564,0.0,0.0,0.0,Flying,Gliding,2200,0,0,-0.0,0.000273,-30.062561,,,
Movement,20/5/2024,16:0:8,109.554634,27477.67675,5481.010718,1683.857815,0.0,0.0,0.0,Flying,Gliding,2073,0,0,0.0,0.000273,-39.624451,,,
Dash,20/5/2024,16:0:8,109.716711,27703.899537,5343.191479,1686.761285,0.0,0.0,0.0,,Gliding,2044,0,0,-0.0,0.000273,-40.173615,,,
Movement,20/5/2024,16:0:9,110.042819,28275.419283,4919.603927,1773.039706,0.0,0.0,0.0,Flying,Ascending,1967,0,0,0.0,0.000273,-37.722168,,,
Dash,20/5/2024,16:0:9,110.075097,28275.419283,4919.603927,1773.039706,0.0,0.0,0.0,,Gliding,1967,0,0,0.0,0.000273,-37.722168,,,
Dash,20/5/2024,16:0:9,110.454547,28936.331324,4423.568806,2076.947943,0.0,0.0,0.0,,Gliding,2427,0,0,0.0,0.000273,-34.697876,,,
Movement,20/5/2024,16:0:9,110.548493,29133.652194,4282.430561,2265.075097,0.0,0.0,0.0,Flying,Ascending,2392,0,0,-0.0,0.000273,-37.46405,,,
Dash,20/5/2024,16:0:9,110.735009,29337.684682,4115.633853,2512.551105,0.0,0.0,0.0,,Gliding,2350,0,0,-0.0,0.000273,-55.444397,,,
Dash,20/5/2024,16:0:10,110.94357,29570.312637,3880.178309,2864.975094,0.0,0.0,0.0,,Gliding,2295,0,0,0.0,0.000273,-58.685669,,,
Movement,20/5/2024,16:0:10,111.030317,29684.997422,3723.859035,3087.353569,0.0,0.0,0.0,Flying,Ascending,2475,0,0,0.0,0.000273,-71.805908,,,
Dash,20/5/2024,16:0:10,111.389284,29916.549099,3270.65794,3708.458406,0.0,0.0,0.0,,Gliding,2382,0,0,-0.0,0.000273,-78.20636,,,
Movement,20/5/2024,16:0:10,111.548647,29987.275349,3003.080911,4057.947392,0.0,0.0,0.0,Flying,Ascending,2331,0,0,0.0,0.000273,-95.312256,,,
Dash,20/5/2024,16:0:11,112.019737,30006.227353,2325.573846,4852.943447,0.0,0.0,0.0,,Gliding,2095,0,0,0.0,0.000273,-96.010071,,,

Movement,20/5/2024,16:0:11,112.047526,29999.252406,2229.324388,4924.852577,0.0,0.0,0.0,Flying,Descending,2092,0,0,-0.0,0.000273,-98.504333,,,
Movement,20/5/2024,16:0:11,112.530549,29669.353113,1314.836702,5213.196626,0.0,0.0,0.0,Flying,Gliding,2089,0,0,0.0,0.000273,-152.133362,,,
Movement,20/5/2024,16:0:12,113.048174,28761.687113,903.205289,5314.469187,0.0,0.0,0.0,Flying,Descending,1985,0,0,0.0,0.000273,166.510666,,,
Dash,20/5/2024,16:0:12,113.510623,27877.695804,914.137481,5199.603281,0.0,0.0,0.0,,Gliding,2066,0,0,-0.0,0.000273,-165.859665,,,
Movement,20/5/2024,16:0:12,113.545267,27741.37519,902.434869,5167.68083,0.0,0.0,0.0,Flying,Ascending,2051,0,0,0.0,0.000273,-170.005081,,,
Movement,20/5/2024,16:0:13,114.046129,26731.798375,808.1311,5273.784328,0.0,0.0,0.0,Flying,Ascending,2482,0,0,0.0,0.000273,174.171402,,,
Movement,20/5/2024,16:0:13,114.534786,25692.421479,975.091267,5673.32504,0.0,0.0,0.0,Flying,Descending,2090,0,0,0.0,0.000273,158.869522,,,
Movement,20/5/2024,16:0:14,115.039299,24754.48814,1248.7958,5403.683361,0.0,0.0,0.0,Flying,Descending,2082,0,0,0.0,0.000273,-177.253387,,,
Movement,20/5/2024,16:0:14,115.547891,23795.051484,1301.135618,4991.433264,0.0,0.0,0.0,Flying,Descending,2060,0,0,-0.0,0.000273,164.344208,,,
Movement,20/5/2024,16:0:15,116.031484,23032.888927,1474.717756,4398.367989,0.0,0.0,0.0,Flying,Descending,2049,0,0,-0.0,0.000273,159.936066,,,
Movement,20/5/2024,16:0:15,116.532485,22369.950567,1705.636474,3670.555985,0.0,0.0,0.0,Flying,Descending,2017,0,0,0.0,0.000273,159.866516,,,
Movement,20/5/2024,16:0:16,117.029278,21725.019075,1908.812643,2939.26317,0.0,0.0,0.0,Flying,Descending,2003,0,0,0.0,0.000273,167.214142,,,
Movement,20/5/2024,16:0:16,117.527239,21173.068716,2066.218592,2137.626575,0.0,0.0,0.0,Flying,Ascending,1946,0,0,0.0,0.000273,144.275391,,,
Dash,20/5/2024,16:0:16,117.750427,20910.356436,2217.737134,1918.622316,0.0,0.0,0.0,,Gliding,1906,0,0,0.0,0.000273,123.207863,,,
Movement,20/5/2024,16:0:17,118.031211,20580.228686,2645.254557,1741.59872,0.0,0.0,0.0,Flying,Ascending,1845,0,0,-0.0,0.000273,92.830673,,,
Dash,20/5/2024,16:0:17,118.210936,20483.229155,2905.287552,1721.063736,0.0,0.0,0.0,,Gliding,1816,0,0,0.0,0.000273,103.806923,,,
Movement,20/5/2024,16:0:17,118.528323,20222.631245,3672.124095,1739.454738,0.0,0.0,0.0,Flying,Descending,2098,0,0,0.0,0.000273,118.454987,,,
Dash,20/5/2024,16:0:17,118.73085,20078.355066,3999.315933,1673.730525,0.0,0.0,0.0,,Gliding,2072,0,0,0.0,0.000273,118.515442,,,
Movement,20/5/2024,16:0:18,119.044533,19738.807457,4631.321756,1452.888726,0.0,0.0,0.0,Flying,Ascending,2482,0,0,0.0,0.000273,129.791855,,,
Movement,20/5/2024,16:0:18,119.549799,18870.667245,5437.473287,1345.765865,0.0,0.0,0.0,Flying,Gliding,2341,0,0,0.0,0.000273,178.690231,,,
Movement,20/5/2024,16:0:19,120.043065,17866.72602,5423.837238,1148.023737,0.0,0.0,0.0,Flying,Descending,2080,0,0,0.0,0.000273,-127.352005,,,
Movement,20/5/2024,16:0:19,120.535549,17200.879393,4750.140792,845.933636,0.0,0.0,0.0,Flying,Ascending,1988,0,0,-0.0,0.000273,-143.186234,,,
Movement,20/5/2024,16:0:20,121.053303,16423.17351,4132.145113,892.200238,0.0,0.0,0.0,Flying,Ascending,1882,0,0,-0.0,0.000273,-138.770233,,,
Dash,20/5/2024,16:0:20,121.287887,16129.444175,3904.797476,968.344949,0.0,0.0,0.0,,Gliding,1842,0,0,-0.0,0.000273,-141.12384,,,
Movement,20/5/2024,16:0:20,121.546146,15695.629079,3547.666497,974.301534,0.0,0.0,0.0,Flying,Gliding,1784,0,0,0.0,0.000273,-132.868866,,,
Dash,20/5/2024,16:0:20,121.727716,15529.44935,3393.464191,955.547535,0.0,0.0,0.0,,Gliding,1760,0,0,0.0,0.000273,-129.533554,,,
Dash,20/5/2024,16:0:21,121.962408,15165.250714,3014.401019,986.59053,0.0,0.0,0.0,,Gliding,2301,0,0,0.0,0.000273,-128.557831,,,

Movement,20/5/2024,16:0:21,122.051784,14997.366443,2821.35984,1066.376866,0.0,0.0,0.0,Flying,Ascending,2270,0,0,-0.0,0.000273,-128.112381,,,
Dash,20/5/2024,16:0:21,122.140732,14916.694506,2726.014334,1123.103857,0.0,0.0,0.0,,Gliding,2255,0,0,-0.0,0.000273,-128.112381,,,
Dash,20/5/2024,16:0:21,122.363884,14627.694783,2409.993404,1372.561902,0.0,0.0,0.0,,Gliding,2199,0,0,0.0,0.000273,-143.546371,,,
Movement,20/5/2024,16:0:21,122.533491,14345.931656,2147.143104,1640.28043,0.0,0.0,0.0,Flying,Ascending,2490,0,0,-0.0,0.000273,-147.193054,,,
Movement,20/5/2024,16:0:22,123.042896,13469.19743,1626.838363,2209.856002,0.0,0.0,0.0,Flying,Descending,2089,0,0,-0.0,0.000273,-157.359848,,,
Dash,20/5/2024,16:0:22,123.30987,13008.155146,1439.33469,2320.309703,0.0,0.0,0.0,,Gliding,2500,0,0,0.0,0.000273,-166.430557,,,
Movement,20/5/2024,16:0:22,123.534159,12440.522538,1258.345901,2504.296538,0.0,0.0,0.0,Flying,Gliding,2427,0,0,-0.0,0.000273,-166.413574,,,
Movement,20/5/2024,16:0:23,124.039052,11328.763968,1074.090326,2836.49303,0.0,0.0,0.0,Flying,Descending,2690,0,0,-0.0,0.000273,-177.378601,,,
Dash,20/5/2024,16:0:23,124.292963,10861.767359,1025.342633,2870.229455,0.0,0.0,0.0,,Gliding,2087,0,0,0.0,0.000273,-151.890747,,,
Movement,20/5/2024,16:0:23,124.538005,10323.313741,881.404376,2838.705796,0.0,0.0,0.0,Flying,Gliding,2035,0,0,-0.0,0.000273,-160.941483,,,
Movement,20/5/2024,16:0:24,125.027839,9355.116558,374.542313,2786.273391,0.0,0.0,0.0,Flying,Gliding,2435,0,0,0.0,0.000273,-130.230026,,,
Movement,20/5/2024,16:0:24,125.544339,8676.977204,-461.844593,2639.107319,0.0,0.0,0.0,Flying,Gliding,2063,0,0,-0.0,0.000273,-124.472565,,,
Movement,20/5/2024,16:0:25,126.030355,8095.379198,-1231.929605,2485.258257,0.0,0.0,0.0,Flying,Gliding,1957,0,0,0.0,0.000273,-134.398468,,,
Movement,20/5/2024,16:0:25,126.545872,7388.220788,-1906.430194,2288.356261,0.0,0.0,0.0,Flying,Descending,1927,0,0,0.0,0.000273,-140.537018,,,
Movement,20/5/2024,16:0:26,127.036424,6716.097909,-2497.314165,2031.316612,0.0,0.0,0.0,Flying,Gliding,1866,0,0,0.0,0.000273,-132.475082,,,
Dash,20/5/2024,16:0:26,127.262974,6462.613452,-2753.218016,1938.98588,0.0,0.0,0.0,,Gliding,1827,0,0,0.0,0.000273,-132.470154,,,
Movement,20/5/2024,16:0:26,127.53026,6112.95372,-3131.810208,1813.432321,0.0,0.0,0.0,Flying,Gliding,1772,0,0,0.0,0.000273,-129.64949,,,
Movement,20/5/2024,16:0:27,128.026628,5454.759094,-3903.544213,1573.191899,0.0,0.0,0.0,Flying,Gliding,2258,0,0,0.0,0.000273,-129.64949,,,
Movement,20/5/2024,16:0:27,128.528065,4770.169899,-4727.128204,1321.141607,0.0,0.0,0.0,Flying,Gliding,2135,0,0,0.0,0.000273,-129.64949,,,
Movement,20/5/2024,16:0:28,129.0273,4123.249973,-5507.726572,1082.710739,0.0,0.0,0.0,Flying,Gliding,2021,0,0,0.0,0.000273,-129.64949,,,
Movement,20/5/2024,16:0:28,129.533261,3511.202861,-6253.007901,858.179234,0.0,0.0,0.0,Flying,Gliding,1915,0,0,0.0,0.000273,-126.035858,,,
Movement,20/5/2024,16:0:29,130.046272,3054.959973,-7074.728116,746.49716,0.0,0.0,0.0,Flying,Ascending,1815,0,0,0.0,0.000273,-83.148621,,,
Dash,20/5/2024,16:0:29,130.269244,3032.309231,-7423.512019,764.238095,0.0,0.0,0.0,,Gliding,1778,0,0,0.0,0.000273,-63.197052,,,
Movement,20/5/2024,16:0:29,130.528187,3157.131972,-7918.221761,832.722255,0.0,0.0,0.0,Flying,Ascending,1726,0,0,0.0,0.000273,-66.478729,,,
Movement,20/5/2024,16:0:30,131.038783,3342.066478,-8897.703138,887.009389,0.0,0.0,0.0,Flying,Gliding,2072,0,0,-0.0,0.000273,-93.907593,,,
Dash,20/5/2024,16:0:30,131.113638,3344.102895,-8994.436341,880.879768,0.0,0.0,0.0,,Gliding,2061,0,0,-0.0,0.000273,-90.554688,,,
Movement,20/5/2024,16:0:30,131.540075,3439.136104,-9926.750796,792.278113,0.0,0.0,0.0,Flying,Gliding,1959,0,0,0.0,0.000273,-73.358643,,,

Dash,20/5/2024,16:0:31,132.037327,3924.199059,-10899.661687,677.509154,0.0,0.0,0.0,,Gliding,2378,0,0,0.0,0.000273,-30.339935,,,
Movement,20/5/2024,16:0:31,132.037327,3970.094625,-10947.117409,672.147771,0.0,0.0,0.0,Flying,Gliding,2370,0,0,0.0,0.000273,-30.339935,,,
Movement,20/5/2024,16:0:31,132.527671,4928.167903,-11596.444199,609.713848,0.0,0.0,0.0,Flying,Ascending,2491,0,0,-0.0,0.000273,-15.052643,,,
Movement,20/5/2024,16:0:32,133.028412,5980.287976,-12168.906248,705.517303,0.0,0.0,0.0,Flying,Ascending,2351,0,0,0.0,0.000273,-60.457794,,,
Movement,20/5/2024,16:0:32,133.545347,6428.265075,-13070.370454,1237.388729,0.0,0.0,0.0,Flying,Gliding,2219,0,0,0.0,0.000273,-93.442566,,,
Movement,20/5/2024,16:0:33,134.027046,6417.81078,-14016.564895,1641.972192,0.0,0.0,0.0,Flying,Gliding,2104,0,0,0.0,0.000273,-97.473663,,,
Dash,20/5/2024,16:0:33,134.070287,6413.877061,-14059.871928,1658.703278,0.0,0.0,0.0,,Gliding,2099,0,0,0.0,0.000273,-97.419891,,,
Movement,20/5/2024,16:0:33,134.53289,6331.315872,-15045.377826,1890.120447,0.0,0.0,0.0,Flying,Descending,2655,0,0,0.0,0.000273,-93.247276,,,
Movement,20/5/2024,16:0:34,135.035403,6268.563296,-16083.853992,1957.374204,0.0,0.0,0.0,Flying,Gliding,2032,0,0,0.0,0.000273,-93.123535,,,
Movement,20/5/2024,16:0:34,135.544738,6218.381822,-17098.351934,2020.404718,0.0,0.0,0.0,Flying,Ascending,1923,0,0,0.0,0.000273,-91.164215,,,
Movement,20/5/2024,16:0:35,136.04848,6204.907195,-18013.046744,2190.760535,0.0,0.0,0.0,Flying,Ascending,1825,0,0,0.0,0.000273,-87.575439,,,
Movement,20/5/2024,16:0:35,136.545581,6347.250826,-18844.601949,2457.170709,0.0,0.0,0.0,Flying,Descending,1745,0,0,0.0,0.000273,-35.385315,,,
Movement,20/5/2024,16:0:36,137.045162,6907.962701,-19487.988349,2595.247691,0.0,0.0,0.0,Flying,Descending,1735,0,0,0.0,0.000273,-30.643799,,,
Dash,20/5/2024,16:0:36,137.393458,7362.782073,-19798.222871,2595.192587,0.0,0.0,0.0,,Gliding,1737,0,0,0.0,0.000273,-31.145935,,,
Movement,20/5/2024,16:0:36,137.533005,7593.255915,-19939.114149,2501.156358,0.0,0.0,0.0,Flying,Descending,1740,0,0,-0.0,0.000273,-30.437897,,,
Movement,20/5/2024,16:0:37,138.049154,8423.694962,-20377.824006,2118.252631,0.0,0.0,0.0,Flying,Ascending,2249,0,0,0.0,0.000273,-20.57785,,,
Movement,20/5/2024,16:0:37,138.549018,9408.859869,-20771.881835,2320.585166,0.0,0.0,0.0,Flying,Ascending,2128,0,0,0.0,0.000273,-19.705902,,,
Movement,20/5/2024,16:0:38,139.047441,10354.387901,-21114.325425,2559.029501,0.0,0.0,0.0,Flying,Descending,2023,0,0,-0.0,0.000273,-22.539154,,,
Dash,20/5/2024,16:0:38,139.100817,10402.374411,-21132.552097,2563.993032,0.0,0.0,0.0,,Gliding,2022,0,0,-0.0,0.000273,-23.319458,,,
Movement,20/5/2024,16:0:38,139.550076,11286.281842,-21529.417629,2540.181301,0.0,0.0,0.0,Flying,Gliding,2553,0,0,-0.0,0.000273,-32.536316,,,
Dash,20/5/2024,16:0:39,139.930388,12024.952282,-21966.047321,2481.670892,0.0,0.0,0.0,,Gliding,2400,0,0,-0.0,0.000273,-32.536316,,,
Movement,20/5/2024,16:0:39,140.039857,12305.428509,-22141.173633,2458.37273,0.0,0.0,0.0,Flying,Gliding,2362,0,0,-0.0,0.000273,-32.536316,,,
Movement,20/5/2024,16:0:39,140.543629,13325.568012,-22788.303002,2372.445304,0.0,0.0,0.0,Flying,Gliding,2452,0,0,-0.0,0.000273,-32.536316,,,
Movement,20/5/2024,16:0:40,141.033259,14275.719588,-23439.32784,2292.632631,0.0,0.0,0.0,Flying,Gliding,2320,0,0,-0.0,0.000273,-54.224426,,,
Movement,20/5/2024,16:0:40,141.529558,14794.035401,-24361.372794,2189.330743,0.0,0.0,0.0,Flying,Descending,2085,0,0,-0.0,0.000273,-109.494751,,,

Movement,20/5/2024,16:0:41,142.036286,14531.351456,-25260.51909,1745.478334,0.0,0.0,0.0,Flying,Descending,2066,0,0,0.0,0.000273,-120.435989,,,
Movement,20/5/2024,16:0:41,142.549475,14288.226078,-26086.574647,1207.896089,0.0,0.0,0.0,Flying,Ascending,1964,0,0,0.0,0.000273,-63.767487,,,
Movement,20/5/2024,16:0:42,143.036361,14616.208115,-26903.4111,986.552152,0.0,0.0,0.0,Flying,Ascending,1866,0,0,0.0,0.000273,-51.52124,,,
Movement,20/5/2024,16:0:42,143.543687,15170.88713,-27641.326629,931.183834,0.0,0.0,0.0,Flying,Ascending,1770,0,0,0.0,0.000273,-43.792999,,,
Movement,20/5/2024,16:0:43,144.031596,15824.066984,-28161.683998,902.073034,0.0,0.0,0.0,Flying,Ascending,1685,0,0,0.0,0.000273,-2.095062,,,
Dash,20/5/2024,16:0:43,144.478625,16500.776981,-28191.718224,929.957628,0.0,0.0,0.0,,Gliding,1616,0,0,-0.0,0.000273,33.733421,,,
Movement,20/5/2024,16:0:43,144.539559,16636.341102,-28146.00526,966.504716,0.0,0.0,0.0,Flying,Ascending,1602,0,0,0.0,0.000273,34.166847,,,
Movement,20/5/2024,16:0:44,145.026056,17273.498059,-27792.701963,1322.528163,0.0,0.0,0.0,Flying,Ascending,2120,0,0,-0.0,0.000273,33.745129,,,
Dash,20/5/2024,16:0:44,145.37143,17767.498834,-27472.506177,1638.635347,0.0,0.0,0.0,,Gliding,2047,0,0,0.0,0.000273,32.330826,,,
Movement,20/5/2024,16:0:44,145.533385,18073.390674,-27275.465923,1755.544713,0.0,0.0,0.0,Flying,Gliding,2005,0,0,0.0,0.000273,32.11694,,,
Movement,20/5/2024,16:0:45,146.041188,19007.937338,-26809.100408,2115.988632,0.0,0.0,0.0,Flying,Ascending,2444,0,0,0.0,0.000273,20.127989,,,
Movement,20/5/2024,16:0:45,146.528375,19882.823783,-26464.003485,2786.425702,0.0,0.0,0.0,Flying,Gliding,2311,0,0,0.0,0.000273,32.225811,,,
Movement,20/5/2024,16:0:46,147.026746,20738.84649,-25935.928829,3292.722027,0.0,0.0,0.0,Flying,Gliding,2184,0,0,0.0,0.000273,38.419163,,,
Movement,20/5/2024,16:0:46,147.534563,21544.97252,-25310.013445,3637.604696,0.0,0.0,0.0,Flying,Gliding,2065,0,0,0.0,0.000273,42.283558,,,
Movement,20/5/2024,16:0:47,148.029857,22154.223893,-24624.026771,3985.468022,0.0,0.0,0.0,Flying,Ascending,1958,0,0,0.0,0.000273,68.693642,,,
Dash,20/5/2024,16:0:47,148.491511,22473.62012,-23954.541682,4355.791643,0.0,0.0,0.0,,Gliding,1875,0,0,0.0,0.000273,68.883354,,,
Movement,20/5/2024,16:0:47,148.547328,22527.98507,-23821.142642,4415.945879,0.0,0.0,0.0,Flying,Descending,1873,0,0,0.0,0.000273,69.43174,,,
Movement,20/5/2024,16:0:48,149.037969,22864.43083,-22937.015203,4504.237515,0.0,0.0,0.0,Flying,Gliding,2084,0,0,-0.0,0.000273,69.986404,,,
Movement,20/5/2024,16:0:48,149.548627,23206.142209,-21995.796026,4674.687052,0.0,0.0,0.0,Flying,Ascending,1973,0,0,0.0,0.000273,70.495468,,,
Movement,20/5/2024,16:0:49,150.038954,23496.359373,-21179.235106,5051.258099,0.0,0.0,0.0,Flying,Ascending,1873,0,0,0.0,0.000273,70.495468,,,
Movement,20/5/2024,16:0:49,150.551956,23730.314509,-20341.340751,5397.418811,0.0,0.0,0.0,Flying,Descending,1803,0,0,0.0,0.000273,97.681984,,,
Movement,20/5/2024,16:0:50,151.032948,23588.135532,-19531.661447,5252.653432,0.0,0.0,0.0,Flying,Descending,1809,0,0,-0.0,0.000273,130.829788,,,
Dash,20/5/2024,16:0:50,151.528292,23220.606723,-18991.872783,4715.040397,0.0,0.0,0.0,,Gliding,1814,0,0,-0.0,0.000273,132.46347,,,
Movement,20/5/2024,16:0:50,151.528292,23196.700414,-18963.162252,4680.769476,0.0,0.0,0.0,Flying,Gliding,1813,0,0,0.0,0.000273,133.085968,,,

Movement,20/5/2024,16:0:51,152.050366,22550.551013,-18395.936858,4286.687605,0.0,0.0,0.0,Flying,Ascending,2310,0,0,0.0,0.000273,166.755753,,,
Movement,20/5/2024,16:0:51,152.54817,21493.69658,-18007.875977,4230.378438,0.0,0.0,0.0,Flying,Gliding,2183,0,0,0.0,0.000273,166.021942,,,
Movement,20/5/2024,16:0:52,153.050196,20540.722924,-17735.281483,3967.327732,0.0,0.0,0.0,Flying,Descending,2078,0,0,0.0,0.000273,162.028931,,,
Dash,20/5/2024,16:0:52,153.155558,20405.674479,-17693.174955,3886.608633,0.0,0.0,0.0,,Gliding,2074,0,0,0.0,0.000273,162.028931,,,
Movement,20/5/2024,16:0:52,153.540302,19719.232111,-17473.784618,3419.800845,0.0,0.0,0.0,Flying,Descending,2056,0,0,0.0,0.000273,162.033722,,,
Dash,20/5/2024,16:0:53,153.952333,19068.424737,-17263.19517,3002.331288,0.0,0.0,0.0,,Gliding,2027,0,0,-0.0,0.000273,161.130905,,,
Movement,20/5/2024,16:0:53,154.037761,18864.188839,-17192.951535,2888.919649,0.0,0.0,0.0,Flying,Gliding,2001,0,0,0.0,0.000273,156.959335,,,
Movement,20/5/2024,16:0:53,154.533233,17948.224063,-16832.85745,2570.089764,0.0,0.0,0.0,Flying,Gliding,2461,0,0,0.0,0.000273,156.949341,,,
Movement,20/5/2024,16:0:54,155.031941,16879.92499,-16379.755488,2290.672215,0.0,0.0,0.0,Flying,Gliding,2324,0,0,0.0,0.000273,156.006226,,,
Dash,20/5/2024,16:0:54,155.242635,16503.701235,-16215.183263,2190.169394,0.0,0.0,0.0,,Gliding,2276,0,0,0.0,0.000273,155.860489,,,
Movement,20/5/2024,16:0:54,155.52759,15871.992541,-15934.639311,2107.889246,0.0,0.0,0.0,Flying,Ascending,2198,0,0,-0.0,0.000273,155.870544,,,
Movement,20/5/2024,16:0:55,156.042482,14763.439035,-15440.221304,2060.078676,0.0,0.0,0.0,Flying,Descending,2094,0,0,-0.0,0.000273,156.788437,,,
Dash,20/5/2024,16:0:55,156.427246,14127.121084,-15162.776373,1828.964632,0.0,0.0,0.0,,Gliding,2059,0,0,0.0,0.000273,156.753159,,,
Movement,20/5/2024,16:0:55,156.543731,13869.494615,-15051.653691,1721.511648,0.0,0.0,0.0,Flying,Gliding,2026,0,0,0.0,0.000273,156.765747,,,
Movement,20/5/2024,16:0:56,157.026442,12924.707427,-14647.607284,1520.488455,0.0,0.0,0.0,Flying,Ascending,2456,0,0,0.0,0.000273,159.8181,,,
Movement,20/5/2024,16:0:56,157.525962,11811.260428,-14300.973355,1600.85196,0.0,0.0,0.0,Flying,Descending,2096,0,0,0.0,0.000273,-171.060181,,,
Movement,20/5/2024,16:0:57,158.038897,10767.128476,-14443.08432,1495.854658,0.0,0.0,0.0,Flying,Gliding,2055,0,0,0.0,0.000273,-150.935013,,,
Dash,20/5/2024,16:0:57,158.200522,10521.944134,-14544.633944,1447.224265,0.0,0.0,0.0,,Gliding,2025,0,0,0.0,0.000273,-143.645432,,,
Movement,20/5/2024,16:0:57,158.55014,9882.064178,-14914.213328,1321.167851,0.0,0.0,0.0,Flying,Gliding,1945,0,0,0.0,0.000273,-143.78363,,,
Movement,20/5/2024,16:0:58,159.027639,8943.527121,-15524.845443,1256.341815,0.0,0.0,0.0,Flying,Gliding,2396,0,0,-0.0,0.000273,-158.769211,,,
Movement,20/5/2024,16:0:58,159.525465,7913.616985,-15950.057121,1203.785558,0.0,0.0,0.0,Flying,Descending,2084,0,0,0.0,0.000273,-166.089355,,,
Dash,20/5/2024,16:0:58,159.689198,7647.084391,-16029.097234,1160.752408,0.0,0.0,0.0,,Gliding,2076,0,0,0.0,0.000273,-166.068741,,,
Movement,20/5/2024,16:0:59,160.026314,6949.505547,-16235.884635,1022.746248,0.0,0.0,0.0,Flying,Gliding,1999,0,0,0.0,0.000273,-159.321793,,,
Movement,20/5/2024,16:0:59,160.525169,5927.62377,-16757.467775,814.052516,0.0,0.0,0.0,Flying,Gliding,2392,0,0,0.0,0.000273,-125.05368,,,
Movement,20/5/2024,16:1:0,161.026945,5266.772442,-17691.693328,829.6271,0.0,0.0,0.0,Flying,Ascending,2259,0,0,0.0,0.000273,-106.186493,,,
Movement,20/5/2024,16:1:0,161.543001,5089.61673,-18726.085653,1207.689631,0.0,0.0,0.0,Flying,Descending,2097,0,0,0.0,0.000273,-61.810181,,,

Movement,20/5/2024,16:1:1,162.054724,5630.201816,-19602.566726,1162.843716,0.0,0.0,0.0,Flying,Descending,2076,0,0,-0.0,0.000273,-10.09494,,,
Dash,20/5/2024,16:1:1,162.177564,5790.165191,-19693.097723,1092.775498,0.0,0.0,0.0,,Gliding,2072,0,0,0.0,0.000273,-0.008911,,,
Movement,20/5/2024,16:1:1,162.551244,6515.903043,-19879.302907,729.479123,0.0,0.0,0.0,Flying,Gliding,2023,0,0,0.0,0.000273,-21.440765,,,
Movement,20/5/2024,16:1:2,163.041785,7592.437513,-20227.702066,436.283062,0.0,0.0,0.0,Flying,Ascending,2389,0,0,-0.0,0.000273,-20.804169,,,
Dash,20/5/2024,16:1:2,163.443492,8408.780785,-20491.27685,349.002678,0.0,0.0,0.0,,Gliding,2291,0,0,0.0,0.000273,-11.351379,,,
Movement,20/5/2024,16:1:2,163.535762,8678.670663,-20558.823595,326.10112,0.0,0.0,0.0,Flying,Ascending,2259,0,0,0.0,0.000273,-11.845764,,,
Movement,20/5/2024,16:1:3,164.046148,9831.224599,-20827.273339,397.792727,0.0,0.0,0.0,Flying,Ascending,2457,0,0,0.0,0.000273,-24.610443,,,
Movement,20/5/2024,16:1:3,164.534607,10853.145436,-21254.538318,702.017963,0.0,0.0,0.0,Flying,Gliding,2325,0,0,0.0,0.000273,-15.011688,,,
Movement,20/5/2024,16:1:4,165.049561,11951.050105,-21569.94074,935.688946,0.0,0.0,0.0,Flying,Gliding,2193,0,0,0.0,0.000273,-18.032349,,,
Dash,20/5/2024,16:1:4,165.303033,12412.822345,-21692.193623,1011.572078,0.0,0.0,0.0,,Gliding,2139,0,0,0.0,0.000273,-20.51532,,,
Movement,20/5/2024,16:1:4,165.544472,12941.152814,-21869.716896,1131.53898,0.0,0.0,0.0,Flying,Ascending,2076,0,0,0.0,0.000273,-23.619293,,,
Movement,20/5/2024,16:1:5,166.040015,13923.18284,-22332.549295,1470.975809,0.0,0.0,0.0,Flying,Ascending,2420,0,0,0.0,0.000273,-37.229858,,,
Movement,20/5/2024,16:1:5,166.544933,14791.112465,-22901.995362,2038.646235,0.0,0.0,0.0,Flying,Ascending,2285,0,0,0.0,0.000273,-27.700684,,,
Movement,20/5/2024,16:1:6,167.029519,15447.251181,-23140.022103,2843.435888,0.0,0.0,0.0,Flying,Gliding,2164,0,0,0.0,0.000273,22.314857,,,
Dash,20/5/2024,16:1:6,167.054943,15447.251181,-23140.022103,2843.435888,0.0,0.0,0.0,,Gliding,2164,0,0,0.0,0.000273,22.314857,,,
Movement,20/5/2024,16:1:6,167.539861,16203.500891,-22925.154135,3608.9748,0.0,0.0,0.0,Flying,Gliding,2491,0,0,0.0,0.000273,28.381275,,,
Movement,20/5/2024,16:1:7,168.045842,17068.303152,-22450.114343,4319.553854,0.0,0.0,0.0,Flying,Ascending,2351,0,0,0.0,0.000273,30.299601,,,
Movement,20/5/2024,16:1:7,168.545327,17785.750386,-22137.966326,5140.680606,0.0,0.0,0.0,Flying,Descending,2226,0,0,-0.0,0.000273,-0.271973,,,
Movement,20/5/2024,16:1:8,169.038458,18601.981613,-22096.009481,5746.482128,0.0,0.0,0.0,Flying,Ascending,2018,0,0,0.0,0.000273,-3.77609,,,
Movement,20/5/2024,16:1:8,169.538873,19313.926756,-22122.215853,6417.707876,0.0,0.0,0.0,Flying,Ascending,1913,0,0,0.0,0.000273,4.011395,,,
Movement,20/5/2024,16:1:9,170.03519,20003.271706,-22097.411406,7031.823447,0.0,0.0,0.0,Flying,Gliding,1816,0,0,-0.0,0.000273,3.308461,,,
Movement,20/5/2024,16:1:9,170.541434,20668.384469,-22060.406996,7629.007853,0.0,0.0,0.0,Flying,Ascending,1724,0,0,0.0,0.000273,3.256117,,,
Movement,20/5/2024,16:1:10,171.036205,21287.420094,-22024.718754,8180.861211,0.0,0.0,0.0,Flying,Descending,1685,0,0,0.0,0.000273,3.430604,,,
Dash,20/5/2024,16:1:10,171.285863,21629.666742,-22004.931857,8335.159952,0.0,0.0,0.0,,Gliding,1666,0,0,0.0,0.000273,2.262234,,,
Movement,20/5/2024,16:1:10,171.548094,22043.092302,-21986.985051,8559.997402,0.0,0.0,0.0,Flying,Ascending,1620,0,0,0.0,0.000273,1.300837,,,

Movement,20/5/2024,16:1:11,172.043943,22776.500883,-21968.245191,9201.534262,0.0,0.0,0.0,Flying,Ascending,2115,0,0,0.0,0.000273,0.856517,,,
Movement,20/5/2024,16:1:11,172.543122,23406.224502,-21957.596739,10003.212068,0.0,0.0,0.0,Flying,Descending,2017,0,0,0.0,0.000273,0.898139,,,
Movement,20/5/2024,16:1:12,173.033897,24166.097694,-21960.254084,10599.006658,0.0,0.0,0.0,Flying,Ascending,1935,0,0,0.0,0.000273,-5.098631,,,
Movement,20/5/2024,16:1:12,173.54198,24884.841124,-21955.774582,11227.164856,0.0,0.0,0.0,Flying,Descending,1865,0,0,-0.0,0.000273,23.043211,,,
Dash,20/5/2024,16:1:12,173.633765,24995.449228,-21933.118829,11292.438987,0.0,0.0,0.0,,Gliding,1863,0,0,-0.0,0.000273,23.043211,,,
Movement,20/5/2024,16:1:13,174.034613,25679.656639,-21721.262756,11613.417094,0.0,0.0,0.0,Flying,Gliding,1807,0,0,0.0,0.000273,16.923603,,,
Dash,20/5/2024,16:1:13,174.158679,25870.679481,-21660.764392,11704.658081,0.0,0.0,0.0,,Gliding,2382,0,0,-0.0,0.000273,16.729773,,,
Movement,20/5/2024,16:1:13,174.541414,26694.89276,-21427.235057,12107.177222,0.0,0.0,0.0,Flying,Gliding,2274,0,0,0.0,0.000273,13.880605,,,
Dash,20/5/2024,16:1:13,174.70557,26970.148772,-21356.539362,12243.238692,0.0,0.0,0.0,,Gliding,2239,0,0,0.0,0.000273,13.880605,,,
Movement,20/5/2024,16:1:14,175.052207,27745.664475,-21162.491883,12627.499781,0.0,0.0,0.0,Flying,Ascending,2442,0,0,0.0,0.000273,13.880605,,,
Movement,20/5/2024,16:1:14,175.541785,28766.365806,-20909.88658,13133.752541,0.0,0.0,0.0,Flying,Ascending,2308,0,0,0.0,0.000273,13.880605,,,
Movement,20/5/2024,16:1:15,176.032953,29805.136651,-20631.978382,13612.970689,0.0,0.0,0.0,Flying,Gliding,2082,0,0,-0.0,0.000273,22.543764,,,
Movement,20/5/2024,16:1:15,176.539369,30761.255267,-20278.712319,13773.68861,0.0,0.0,0.0,Flying,Descending,2017,0,0,0.0,0.000273,19.920795,,,
Movement,20/5/2024,16:1:16,177.03529,31677.464799,-19940.504735,13807.692894,0.0,0.0,0.0,Flying,Ascending,1931,0,0,0.0,0.000273,20.315035,,,
Movement,20/5/2024,16:1:16,177.526583,32541.131819,-19639.752409,13948.21203,0.0,0.0,0.0,Flying,Descending,1860,0,0,-0.0,0.000273,13.431252,,,
Dash,20/5/2024,16:1:17,177.980435,33285.59534,-19444.249494,13785.921779,0.0,0.0,0.0,,Gliding,1837,0,0,0.0,0.000273,12.910396,,,
Movement,20/5/2024,16:1:17,178.026409,33400.669532,-19416.883174,13751.985958,0.0,0.0,0.0,Flying,Gliding,1824,0,0,0.0,0.000273,12.927823,,,
Movement,20/5/2024,16:1:17,178.531194,34334.688817,-19197.640433,13799.24314,0.0,0.0,0.0,Flying,Ascending,2321,0,0,-0.0,0.000273,13.303955,,,
Movement,20/5/2024,16:1:18,179.039965,35398.846396,-18901.64732,14116.71338,0.0,0.0,0.0,Flying,Gliding,2191,0,0,0.0,0.000273,24.891838,,,
Dash,20/5/2024,16:1:18,179.526803,36291.658297,-18522.342157,14274.186919,0.0,0.0,0.0,,Gliding,2082,0,0,0.0,0.000273,24.859932,,,
Movement,20/5/2024,16:1:18,179.526803,36341.426385,-18499.76132,14279.888123,0.0,0.0,0.0,Flying,Gliding,2076,0,0,0.0,0.000273,24.859932,,,
Movement,20/5/2024,16:1:19,180.03789,37322.855483,-18094.598913,14310.087973,0.0,0.0,0.0,Flying,Descending,2096,0,0,0.0,0.000273,17.149529,,,
Movement,20/5/2024,16:1:19,180.548731,38317.714377,-17767.050127,14283.154627,0.0,0.0,0.0,Flying,Gliding,1991,0,0,0.0,0.000273,17.777924,,,
Dash,20/5/2024,16:1:19,180.78667,38708.580981,-17641.391397,14291.716583,0.0,0.0,0.0,,Gliding,1947,0,0,0.0,0.000273,17.777924,,,
Movement,20/5/2024,16:1:20,181.046167,39227.329522,-17474.583767,14307.220535,0.0,0.0,0.0,Flying,Gliding,1889,0,0,0.0,0.000273,18.348658,,,
Dash,20/5/2024,16:1:20,181.436772,39984.394263,-17223.104907,14327.717067,0.0,0.0,0.0,,Gliding,2400,0,0,0.0,0.000273,18.9548,,,
Movement,20/5/2024,16:1:20,181.540386,40276.299756,-17123.972971,14334.408192,0.0,0.0,0.0,Flying,Gliding,2365,0,0,0.0,0.000273,18.9548,,,
Dash,20/5/2024,16:1:20,181.815732,40825.597384,-16936.205375,14346.391111,0.0,0.0,0.0,,Gliding,2298,0,0,0.0,0.000273,18.9548,,,

Movement,20/5/2024,16:1:21,182.042401,41394.370554,-16741.11051,14358.466209,0.0,0.0,0.0,Flying,Gliding,2485,0,0,0.0,0.000273,18.9548,,,
Dash,20/5/2024,16:1:21,182.542659,42475.943883,-16369.651715,14381.19551,0.0,0.0,0.0,,Gliding,2353,0,0,0.0,0.000273,18.9548,,,
Movement,20/5/2024,16:1:21,182.542659,42552.31256,-16343.423243,14382.800309,0.0,0.0,0.0,Flying,Gliding,2344,0,0,0.0,0.000273,18.9548,,,
Movement,20/5/2024,16:1:22,183.050853,43692.443126,-15932.261093,14404.814447,0.0,0.0,0.0,Flying,Gliding,2421,0,0,0.0,0.000273,26.268408,,,
Movement,20/5/2024,16:1:22,183.533601,44746.860633,-15450.933871,14404.693867,0.0,0.0,0.0,Flying,Gliding,2888,0,0,0.0,0.000273,26.268408,,,
Movement,20/5/2024,16:1:23,184.036297,45837.774679,-14917.60997,14397.830389,0.0,0.0,0.0,Flying,Gliding,2359,0,0,0.0,0.000273,25.865845,,,
Movement,20/5/2024,16:1:23,184.531827,46897.096443,-14535.724303,14418.714641,0.0,0.0,0.0,Flying,Gliding,2231,0,0,0.0,0.000273,9.741098,,,
Movement,20/5/2024,16:1:24,185.045691,47992.195011,-14419.433802,14497.686039,0.0,0.0,0.0,Flying,Ascending,2106,0,0,0.0,0.000273,-43.498993,,,
Movement,20/5/2024,16:1:24,185.536444,48852.896318,-14863.14411,14706.577027,0.0,0.0,0.0,Flying,Ascending,1993,0,0,0.0,0.000273,-54.544128,,,
Dash,20/5/2024,16:1:25,185.997148,49338.992852,-15461.457943,15042.037683,0.0,0.0,0.0,,Gliding,1901,0,0,-0.0,0.000273,-79.541687,,,
Movement,20/5/2024,16:1:25,186.048835,49383.991432,-15559.359078,15143.774025,0.0,0.0,0.0,Flying,Ascending,1885,0,0,-0.0,0.000273,-79.541687,,,
Movement,20/5/2024,16:1:25,186.533624,49491.448938,-16138.713979,15872.003222,0.0,0.0,0.0,Flying,Gliding,2384,0,0,0.0,0.000273,-90.035614,,,
Movement,20/5/2024,16:1:26,187.043988,49578.57836,-17059.170464,16478.146919,0.0,0.0,0.0,Flying,Gliding,2067,0,0,0.0,0.000273,-72.58725,,,
Movement,20/5/2024,16:1:26,187.545262,49806.267918,-17963.537823,16856.810993,0.0,0.0,0.0,Flying,Descending,1975,0,0,0.0,0.000273,-86.771606,,,
Dash,20/5/2024,16:1:26,187.8542,49875.282313,-18504.681919,16952.374335,0.0,0.0,0.0,,Gliding,1967,0,0,0.0,0.000273,-100.747406,,,
Movement,20/5/2024,16:1:27,188.038951,49830.473022,-18920.127326,16904.53739,0.0,0.0,0.0,Flying,Gliding,1944,0,0,0.0,0.000273,-124.913879,,,
Movement,20/5/2024,16:1:27,188.547301,49154.974985,-19767.626521,16903.068362,0.0,0.0,0.0,Flying,Ascending,2418,0,0,0.0,0.000273,-153.781876,,,
Movement,20/5/2024,16:1:28,189.046774,48213.859947,-20307.48069,17296.701788,0.0,0.0,0.0,Flying,Ascending,2285,0,0,0.0,0.000273,-153.290466,,,
Movement,20/5/2024,16:1:28,189.529736,47502.068319,-20775.74172,17941.623504,0.0,0.0,0.0,Flying,Gliding,2165,0,0,0.0,0.000273,-129.124084,,,
Movement,20/5/2024,16:1:29,190.035656,46923.164859,-21408.894475,18566.327995,0.0,0.0,0.0,Flying,Descending,2052,0,0,-0.0,0.000273,-137.972855,,,
Dash,20/5/2024,16:1:29,190.351082,46517.507767,-21783.641324,18784.070948,0.0,0.0,0.0,,Gliding,2039,0,0,0.0,0.000273,-146.20845,,,
Movement,20/5/2024,16:1:29,190.541581,46170.503034,-22047.681972,18778.117985,0.0,0.0,0.0,Flying,Descending,2033,0,0,0.0,0.000273,-146.051758,,,
Movement,20/5/2024,16:1:30,191.026113,45248.875385,-22609.531524,18643.681274,0.0,0.0,0.0,Flying,Gliding,2438,0,0,0.0,0.000273,-152.52243,,,
Dash,20/5/2024,16:1:30,191.406194,44529.359364,-22992.266331,18589.938582,0.0,0.0,0.0,,Gliding,2093,0,0,0.0,0.000273,-153.642075,,,
Movement,20/5/2024,16:1:30,191.530652,44257.723277,-23131.838965,18534.9264,0.0,0.0,0.0,Flying,Descending,2085,0,0,0.0,0.000273,-153.679047,,,

Movement,20/5/2024,16:1:31,192.047451,43254.396911,-23632.411445,18256.850443,0.0,0.0,0.0,Flying,Gliding,2445,0,0,0.0,0.000273,-154.201935,,,
Movement,20/5/2024,16:1:31,192.546805,42322.744843,-24068.9358,18014.924488,0.0,0.0,0.0,Flying,Ascending,2023,0,0,0.0,0.000273,-158.885147,,,
Movement,20/5/2024,16:1:32,193.049439,41407.656767,-24414.572297,17970.426635,0.0,0.0,0.0,Flying,Ascending,1918,0,0,0.0,0.000273,-169.806335,,,
Dash,20/5/2024,16:1:32,193.453945,40716.049235,-24534.330277,18096.548189,0.0,0.0,0.0,,Gliding,1843,0,0,0.0,0.000273,178.258011,,,
Movement,20/5/2024,16:1:32,193.526902,40540.477131,-24542.027475,18142.481051,0.0,0.0,0.0,Flying,Ascending,1824,0,0,0.0,0.000273,178.402313,,,
Movement,20/5/2024,16:1:33,194.047191,39709.735964,-24603.888903,18699.257226,0.0,0.0,0.0,Flying,Ascending,2316,0,0,-0.0,0.000273,-170.737488,,,
Movement,20/5/2024,16:1:33,194.542917,38799.612183,-24742.099834,19209.870202,0.0,0.0,0.0,Flying,Descending,2079,0,0,-0.0,0.000273,-170.689514,,,
Movement,20/5/2024,16:1:34,195.029554,37870.847858,-24893.891033,19487.517975,0.0,0.0,0.0,Flying,Ascending,1977,0,0,0.0,0.000273,-170.594452,,,
Dash,20/5/2024,16:1:34,195.142697,37710.272678,-24920.400331,19563.38222,0.0,0.0,0.0,,Gliding,1957,0,0,0.0,0.000273,-170.594452,,,
Movement,20/5/2024,16:1:34,195.538657,37010.400183,-25031.554258,19925.50607,0.0,0.0,0.0,Flying,Gliding,1873,0,0,-0.0,0.000273,-178.356232,,,
Movement,20/5/2024,16:1:35,196.034997,36026.370678,-24947.095427,20190.21805,0.0,0.0,0.0,Flying,Ascending,2027,0,0,-0.0,0.000273,148.833084,,,
Dash,20/5/2024,16:1:35,196.201511,35780.704974,-24845.481725,20296.400506,0.0,0.0,0.0,,Gliding,1996,0,0,0.0,0.000273,142.221939,,,
Movement,20/5/2024,16:1:35,196.534463,35343.623013,-24539.466454,20729.663416,0.0,0.0,0.0,Flying,Gliding,1922,0,0,0.0,0.000273,127.18734,,,
Movement,20/5/2024,16:1:36,197.034696,34721.090775,-23802.956047,21056.115935,0.0,0.0,0.0,Flying,Descending,2086,0,0,0.0,0.000273,128.061768,,,
Movement,20/5/2024,16:1:36,197.549182,34163.212842,-22954.121269,20756.793648,0.0,0.0,0.0,Flying,Gliding,2016,0,0,0.0,0.000273,106.913475,,,
Dash,20/5/2024,16:1:36,197.626667,34121.656765,-22861.096242,20743.015189,0.0,0.0,0.0,,Gliding,2004,0,0,0.0,0.000273,106.913475,,,
Movement,20/5/2024,16:1:37,198.040411,33940.181698,-22037.129964,20773.353257,0.0,0.0,0.0,Flying,Ascending,1913,0,0,-0.0,0.000273,65.344154,,,
Movement,20/5/2024,16:1:37,198.54231,34424.538861,-21012.896143,21127.169353,0.0,0.0,0.0,Flying,Gliding,2371,0,0,0.0,0.000273,51.169582,,,
Movement,20/5/2024,16:1:38,199.034778,35184.687431,-20248.294095,21394.74374,0.0,0.0,0.0,Flying,Descending,2092,0,0,0.0,0.000273,12.830608,,,
Movement,20/5/2024,16:1:38,199.533139,36092.829764,-19787.233616,21299.033332,0.0,0.0,0.0,Flying,Descending,2070,0,0,0.0,0.000273,54.846478,,,
Dash,20/5/2024,16:1:38,199.741994,36357.121875,-19537.012438,21181.947467,0.0,0.0,0.0,,Gliding,2037,0,0,0.0,0.000273,67.988678,,,
Movement,20/5/2024,16:1:39,200.037839,36698.123838,-18995.351814,21100.712074,0.0,0.0,0.0,Flying,Ascending,1967,0,0,0.0,0.000273,55.733368,,,
Movement,20/5/2024,16:1:39,200.540743,37430.782396,-18229.270404,21399.58319,0.0,0.0,0.0,Flying,Descending,2092,0,0,0.0,0.000273,19.798096,,,
Movement,20/5/2024,16:1:40,201.033463,38334.294997,-17799.43441,21270.890554,0.0,0.0,0.0,Flying,Descending,2070,0,0,0.0,0.000273,21.896029,,,
Dash,20/5/2024,16:1:40,201.512119,39174.797922,-17474.104953,21123.398729,0.0,0.0,0.0,,Gliding,1970,0,0,0.0,0.000273,19.25568,,,
Movement,20/5/2024,16:1:40,201.537044,39266.172354,-17441.182245,21121.725837,0.0,0.0,0.0,Flying,Gliding,1960,0,0,0.0,0.000273,19.25568,,,

Movement,20/5/2024,16:1:41,202.037552,40212.022064,-17107.488942,21224.759002,0.0,0.0,0.0,Flying,Gliding,2450,0,0,0.0,0.000273,19.412775,,,
Movement,20/5/2024,16:1:41,202.550657,41257.865558,-16733.458114,21295.286261,0.0,0.0,0.0,Flying,Descending,2075,0,0,-0.0,0.000273,20.055746,,,
Movement,20/5/2024,16:1:42,203.040522,42195.932021,-16391.461784,21200.029343,0.0,0.0,0.0,Flying,Gliding,1991,0,0,0.0,0.000273,20.177935,,,
Dash,20/5/2024,16:1:42,203.115343,42287.269994,-16358.020712,21202.715985,0.0,0.0,0.0,,Gliding,1980,0,0,0.0,0.000273,20.177935,,,
Movement,20/5/2024,16:1:42,203.542666,43099.030978,-16060.109678,21292.62648,0.0,0.0,0.0,Flying,Gliding,1888,0,0,0.0,0.000273,20.151367,,,
Movement,20/5/2024,16:1:43,204.038649,44110.522619,-15691.784134,21284.744015,0.0,0.0,0.0,Flying,Gliding,2064,0,0,-0.0,0.000273,16.335615,,,
Movement,20/5/2024,16:1:43,204.54073,45082.406135,-15533.636323,21176.179335,0.0,0.0,0.0,Flying,Ascending,1955,0,0,-0.0,0.000273,-29.519257,,,
Dash,20/5/2024,16:1:44,204.946136,45719.831571,-15860.461427,21171.651313,0.0,0.0,0.0,,Gliding,1878,0,0,0.0,0.000273,-63.158173,,,
Movement,20/5/2024,16:1:44,205.048005,45877.986974,-16033.331479,21199.959319,0.0,0.0,0.0,Flying,Ascending,1853,0,0,0.0,0.000273,-52.624146,,,
Movement,20/5/2024,16:1:44,205.542416,46560.435595,-16598.775658,21588.418634,0.0,0.0,0.0,Flying,Descending,2351,0,0,0.0,0.000273,-18.879822,,,
Dash,20/5/2024,16:1:44,205.654106,46719.398415,-16677.304572,21653.705715,0.0,0.0,0.0,,Gliding,2093,0,0,0.0,0.000273,-28.219727,,,
Movement,20/5/2024,16:1:45,206.045144,47428.417225,-17064.907392,21899.285725,0.0,0.0,0.0,Flying,Ascending,2001,0,0,0.0,0.000273,-32.48938,,,
Dash,20/5/2024,16:1:45,206.22302,47687.94854,-17228.498057,22048.982408,0.0,0.0,0.0,,Gliding,2487,0,0,0.0,0.000273,-40.374664,,,
Movement,20/5/2024,16:1:45,206.525547,48214.430479,-17654.269905,22456.985667,0.0,0.0,0.0,Flying,Ascending,2396,0,0,-0.0,0.000273,-47.168488,,,
Movement,20/5/2024,16:1:46,207.037596,48938.639627,-18392.190908,23106.892909,0.0,0.0,0.0,Flying,Gliding,2463,0,0,0.0,0.000273,-45.55957,,,
Movement,20/5/2024,16:1:46,207.543815,49693.614681,-19207.932074,23406.00384,0.0,0.0,0.0,Flying,Gliding,2075,0,0,0.0,0.000273,-60.226044,,,
Dash,20/5/2024,16:1:47,208.037166,50147.566299,-20010.631268,23485.811669,0.0,0.0,0.0,,Gliding,1974,0,0,-0.0,0.000273,-83.67157,,,
Movement,20/5/2024,16:1:47,208.037166,50162.957686,-20056.127855,23492.744703,0.0,0.0,0.0,Flying,Gliding,1969,0,0,-0.0,0.000273,-83.67157,,,
Movement,20/5/2024,16:1:47,208.529723,50340.680326,-20995.742811,23683.178104,0.0,0.0,0.0,Flying,Ascending,2464,0,0,0.0,0.000273,-83.670624,,,
Dash,20/5/2024,16:1:47,208.67555,50377.516059,-21288.42894,23749.649452,0.0,0.0,0.0,,Gliding,2429,0,0,0.0,0.000273,-82.998108,,,
Dash,20/5/2024,16:1:48,208.926958,50448.634032,-21859.210052,23923.770029,0.0,0.0,0.0,,Gliding,2360,0,0,0.0,0.000273,-82.635376,,,
Movement,20/5/2024,16:1:48,209.02815,50482.160218,-22123.185436,24023.450605,0.0,0.0,0.0,Flying,Ascending,2328,0,0,0.0,0.000273,-82.635376,,,
Movement,20/5/2024,16:1:48,209.539368,50631.489931,-23300.96904,24323.97839,0.0,0.0,0.0,Flying,Gliding,2418,0,0,0.0,0.000273,-85.949799,,,
Dash,20/5/2024,16:1:48,209.615723,50645.319621,-23434.759418,24334.934944,0.0,0.0,0.0,,Gliding,2402,0,0,0.0,0.000273,-88.697784,,,
Dash,20/5/2024,16:1:49,209.966156,50657.588382,-24227.050918,24542.163634,0.0,0.0,0.0,,Gliding,2308,0,0,0.0,0.000273,-105.690918,,,
Movement,20/5/2024,16:1:49,210.046798,50624.034396,-24451.599089,24651.13334,0.0,0.0,0.0,Flying,Ascending,2487,0,0,0.0,0.000273,-113.718079,,,
Dash,20/5/2024,16:1:49,210.368486,50441.405178,-25050.903762,25032.228587,0.0,0.0,0.0,,Gliding,2402,0,0,0.0,0.000273,-126.144653,,,
Dash,20/5/2024,16:1:49,210.534881,50291.327948,-25337.711519,25259.243981,0.0,0.0,0.0,,Gliding,2357,0,0,0.0,0.000273,-128.407074,,,
Movement,20/5/2024,16:1:49,210.534881,50272.754336,-25368.237192,25285.578191,0.0,0.0,0.0,Flying,Gliding,2352,0,0,0.0,0.000273,-128.407074,,,
Movement,20/5/2024,16:1:50,211.038542,49708.327803,-26143.503652,26030.6329,0.0,0.0,0.0,Flying,Ascending,2428,0,0,0.0,0.000273,-128.429077,,,
Movement,20/5/2024,16:1:50,211.531373,49134.109518,-26857.533369,26758.143479,0.0,0.0,0.0,Flying,Ascending,2295,0,0,-0.0,0.000273,-152.372238,,,

Movement,20/5/2024,16:1:51,212.041789,48321.273795,-27341.542513,27513.282741,0.0,0.0,0.0,Flying,Descending,2092,0,0,0.0,0.000273,151.140625,,,
Movement,20/5/2024,16:1:51,212.536318,47449.993226,-27037.82563,27931.314698,0.0,0.0,0.0,Flying,Descending,2064,0,0,0.0,0.000273,108.300835,,,
Movement,20/5/2024,16:1:52,213.051542,46982.672431,-26191.056077,27664.525593,0.0,0.0,0.0,Flying,Descending,2039,0,0,0.0,0.000273,55.466991,,,
Movement,20/5/2024,16:1:52,213.535567,47313.841263,-25583.030591,27096.283176,0.0,0.0,0.0,Flying,Ascending,1944,0,0,0.0,0.000273,3.112526,,,
Movement,20/5/2024,16:1:53,214.031898,48177.126696,-25604.090285,26850.455883,0.0,0.0,0.0,Flying,Gliding,1846,0,0,0.0,0.000273,-52.334351,,,
Movement,20/5/2024,16:1:53,214.532686,48627.108971,-26290.59137,26570.047229,0.0,0.0,0.0,Flying,Ascending,1762,0,0,0.0,0.000273,-109.194412,,,
Movement,20/5/2024,16:1:54,215.044042,48274.22863,-27040.151056,26441.186222,0.0,0.0,0.0,Flying,Ascending,1673,0,0,0.0,0.000273,-166.857803,,,
Movement,20/5/2024,16:1:54,215.541382,47499.837185,-27160.745303,26497.912457,0.0,0.0,0.0,Flying,Ascending,1593,0,0,0.0,0.000273,139.859314,,,
Dash,20/5/2024,16:1:54,215.587431,47465.821827,-27149.094312,26501.833306,0.0,0.0,0.0,,Gliding,1589,0,0,0.0,0.000273,139.875824,,,
Movement,20/5/2024,16:1:55,216.035372,46810.432107,-26899.393841,26718.866529,0.0,0.0,0.0,Flying,Ascending,2118,0,0,0.0,0.000273,-173.663757,,,
Movement,20/5/2024,16:1:55,216.544584,45853.848025,-26854.209525,27154.100522,0.0,0.0,0.0,Flying,Descending,2019,0,0,0.0,0.000273,161.682144,,,
Movement,20/5/2024,16:1:56,217.05003,44955.421159,-26441.858693,27123.038988,0.0,0.0,0.0,Flying,Descending,2000,0,0,0.0,0.000273,123.859451,,,
Dash,20/5/2024,16:1:56,217.075437,44955.421159,-26441.858693,27123.038988,0.0,0.0,0.0,,Gliding,2000,0,0,0.0,0.000273,123.859451,,,
Movement,20/5/2024,16:1:56,217.532707,44361.507431,-25709.2634,26881.516702,0.0,0.0,0.0,Flying,Descending,2575,0,0,0.0,0.000273,123.859451,,,
Movement,20/5/2024,16:1:57,218.032888,43792.955944,-24878.260714,26609.729145,0.0,0.0,0.0,Flying,Descending,2069,0,0,0.0,0.000273,123.859451,,,
Dash,20/5/2024,16:1:57,218.459448,43351.007644,-24216.882772,26423.507086,0.0,0.0,0.0,,Gliding,2001,0,0,0.0,0.000273,122.93203,,,
Movement,20/5/2024,16:1:57,218.540743,43232.920947,-24037.155731,26402.931312,0.0,0.0,0.0,Flying,Gliding,1978,0,0,0.0,0.000273,122.93203,,,
Movement,20/5/2024,16:1:58,219.030982,42702.706627,-23148.962593,26396.00504,0.0,0.0,0.0,Flying,Gliding,2462,0,0,-0.0,0.000273,116.908043,,,
Dash,20/5/2024,16:1:58,219.371223,42352.434396,-22482.149816,26433.839798,0.0,0.0,0.0,,Gliding,2375,0,0,-0.0,0.000273,116.752396,,,
Movement,20/5/2024,16:1:58,219.55015,42136.172998,-22056.42399,26454.904708,0.0,0.0,0.0,Flying,Descending,2325,0,0,0.0,0.000273,115.337891,,,
Movement,20/5/2024,16:1:59,220.027408,41752.602941,-21121.967877,26381.17528,0.0,0.0,0.0,Flying,Descending,2087,0,0,0.0,0.000273,105.007805,,,
Movement,20/5/2024,16:1:59,220.54391,41465.854022,-20126.699031,26231.32954,0.0,0.0,0.0,Flying,Gliding,1982,0,0,0.0,0.000273,105.099129,,,
Movement,20/5/2024,16:2:0,221.038316,41213.28802,-19206.759651,26120.592574,0.0,0.0,0.0,Flying,Gliding,1880,0,0,0.0,0.000273,106.649681,,,
Movement,20/5/2024,16:2:0,221.539207,40958.488603,-18332.922061,26030.140504,0.0,0.0,0.0,Flying,Descending,1819,0,0,0.0,0.000273,107.74836,,,

ID,Date, Day Time,Time Stamp,PosX,PosY,PosZ,Roll(X),Pitch(Y),Yaw(Z),Movement State,Flying State,Velocity,Stamina,Number of Objects Detected,ObjectXPosX,ObjectXPosY,ObjectXPosZ,ObjectXType,Zone,Note
Movement,20/5/2024,16:8:59,0.0,33689.929619,9431.837777,234.770463,0.0,0.0,0.0,Walking,Ascending,0,0,0,0.0,0.0,22.320892,,,
Movement,20/5/2024,16:9:0,0.604227,33689.929619,9431.837777,234.770463,0.0,0.0,0.0,Walking,Ascending,0,0,0,0.0,0.0,22.320892,,,
Movement,20/5/2024,16:9:0,1.058019,33689.929619,9431.837777,226.109996,0.0,0.0,0.0,Walking,Ascending,210,0,0,0.0,0.0,22.320892,,,
Movement,20/5/2024,16:9:1,1.538999,33689.929619,9431.837777,151.022471,0.0,0.0,0.0,Walking,Ascending,0,0,0,0.0,0.0,22.320892,,,
Movement,20/5/2024,16:9:1,2.0479,33689.929619,9431.837777,151.022471,0.0,0.0,0.0,Walking,Ascending,0,0,0,0.0,0.0,22.320892,,,
Movement,20/5/2024,16:9:2,2.539544,33689.929619,9431.837777,151.022471,0.0,0.0,0.0,Walking,Ascending,0,0,0,0.0,0.0,22.320892,,,
Movement,20/5/2024,16:9:2,3.044719,33689.929619,9431.837777,151.022471,0.0,0.0,0.0,Walking,Ascending,0,0,0,0.0,0.0,22.320892,,,
Movement,20/5/2024,16:9:3,3.540892,33689.929619,9431.837777,151.022471,0.0,0.0,0.0,Walking,Ascending,0,0,0,0.0,0.0,22.320892,,,
Movement,20/5/2024,16:9:3,4.041695,33689.929619,9431.837777,151.022471,0.0,0.0,0.0,Walking,Ascending,0,0,0,0.0,0.0,22.320892,,,
Movement,20/5/2024,16:9:4,4.539931,33689.929619,9431.837777,151.022471,0.0,0.0,0.0,Walking,Ascending,0,0,0,0.0,0.0,22.320892,,,
Movement,20/5/2024,16:9:4,5.052735,33689.929619,9431.837777,151.022471,0.0,0.0,0.0,Walking,Ascending,0,0,0,0.0,0.0,22.320892,,,
Movement,20/5/2024,16:9:5,5.551095,33689.946834,9433.566361,150.777578,0.0,0.0,0.0,Walking,Ascending,61,0,0,0.0,0.0,41.893105,,,
Dash,20/5/2024,16:9:5,5.947673,33713.230511,9522.280803,322.191785,0.0,0.0,0.0,,Gliding,600,0,0,0.0,0.0,88.298088,,,
Movement,20/5/2024,16:9:5,6.059336,33715.895643,9604.925535,316.425984,0.0,0.0,0.0,Flying,Ascending,599,0,0,0.0,0.0,80.880035,,,
Dash,20/5/2024,16:9:5,6.136109,33718.393477,9634.922345,317.317293,0.0,0.0,0.0,,Gliding,600,0,0,0.0,0.0,78.568977,,,
Movement,20/5/2024,16:9:6,6.550666,33764.754571,9989.581482,390.321129,0.0,0.0,0.0,Flying,Descending,1214,0,0,0.0,0.0,83.416992,,,
Dash,20/5/2024,16:9:6,6.693633,33785.719906,10132.07207,399.183701,0.0,0.0,0.0,,Gliding,1222,0,0,0.0,0.0,83.416992,,,
Dash,20/5/2024,16:9:6,6.951118,33827.163052,10446.182094,386.496873,0.0,0.0,0.0,,Gliding,1239,0,0,0.0,0.0,82.405052,,,
Movement,20/5/2024,16:9:6,7.055698,33855.851069,10601.839168,372.74767,0.0,0.0,0.0,Flying,Gliding,1231,0,0,0.0,0.0,68.293694,,,
Dash,20/5/2024,16:9:6,7.235525,33923.334915,10813.11788,354.911991,0.0,0.0,0.0,,Gliding,1813,0,0,0.0,0.0,52.286026,,,
Dash,20/5/2024,16:9:7,7.531163,34181.497595,11270.825461,381.262356,0.0,0.0,0.0,,Gliding,1765,0,0,0.0,0.0,46.01696,,,
Movement,20/5/2024,16:9:7,7.557307,34235.511883,11343.135873,395.64121,0.0,0.0,0.0,Flying,Ascending,1756,0,0,0.0,0.0,45.760948,,,
Dash,20/5/2024,16:9:7,7.965348,34722.811453,11794.618015,503.463519,0.0,0.0,0.0,,Gliding,2287,0,0,0.0,0.0,30.479794,,,
Movement,20/5/2024,16:9:7,8.049067,34922.389119,11937.3709,534.515767,0.0,0.0,0.0,Flying,Gliding,2259,0,0,0.0,0.0,31.043547,,,
Dash,20/5/2024,16:9:8,8.411573,35536.632191,12353.500831,617.732822,0.0,0.0,0.0,,Gliding,2175,0,0,0.0,0.0,34.380611,,,
Movement,20/5/2024,16:9:8,8.550145,35829.403845,12550.845482,654.897892,0.0,0.0,0.0,Flying,Gliding,2136,0,0,0.0,0.0,34.380611,,,
Dash,20/5/2024,16:9:8,8.978479,36608.727219,13081.668167,752.325031,0.0,0.0,0.0,,Gliding,2442,0,0,0.0,0.0,34.3853,,,
Movement,20/5/2024,16:9:8,9.034545,36778.800778,13197.896267,773.451422,0.0,0.0,0.0,Flying,Gliding,2418,0,0,0.0,0.0,34.398411,,,
Movement,20/5/2024,16:9:9,9.561669,37737.484337,13854.286899,830.646578,0.0,0.0,0.0,Flying,Gliding,2083,0,0,0.0,0.0,34.436871,,,
Dash,20/5/2024,16:9:9,9.649382,37840.932604,13925.190431,828.925205,0.0,0.0,0.0,,Gliding,2070,0,0,0.0,0.0,34.436871,,,
Movement,20/5/2024,16:9:9,10.057541,38572.65991,14424.215898,804.237792,0.0,0.0,0.0,Flying,Gliding,1974,0,0,0.0,0.0,33.81374,,,
Movement,20/5/2024,16:9:10,10.539382,39525.358025,15032.850628,750.546263,0.0,0.0,0.0,Flying,Gliding,2404,0,0,0.0,0.0,22.827374,,,
Movement,20/5/2024,16:9:10,11.042891,40575.485805,15505.826397,661.299946,0.0,0.0,0.0,Flying,Gliding,2272,0,0,0.0,0.0,21.065619,,,
Movement,20/5/2024,16:9:11,11.557232,41625.507024,15933.014877,564.033309,0.0,0.0,0.0,Flying,Gliding,2145,0,0,0.0,0.0,23.013273,,,
Dash,20/5/2024,16:9:11,11.911836,42256.715449,16196.871575,506.707524,0.0,0.0,0.0,,Gliding,2069,0,0,0.0,0.0,21.074736,,,

Movement,20/5/2024,16:9:11,12.04287,42562.438193,16317.327236,494.456401,0.0,0.0,0.0,Flying,Ascending,2033,0,0,0.0,0.0,19.070667,,,
Dash,20/5/2024,16:9:11,12.273308,42940.200166,16458.34621,510.188721,0.0,0.0,0.0,,Gliding,1990,0,0,0.0,0.0,16.725101,,,
Movement,20/5/2024,16:9:12,12.547073,43636.951955,16637.004036,577.587182,0.0,0.0,0.0,Flying,Gliding,2449,0,0,0.0,0.0,5.106569,,,
Dash,20/5/2024,16:9:12,13.001684,44613.071008,16779.906058,699.525569,0.0,0.0,0.0,,Gliding,2334,0,0,0.0,0.0,5.106569,,,
Movement,20/5/2024,16:9:12,13.034153,44745.417977,16793.966765,716.814259,0.0,0.0,0.0,Flying,Gliding,2319,0,0,0.0,0.0,5.106569,,,
Movement,20/5/2024,16:9:13,13.540873,45920.144217,16904.059232,839.841988,0.0,0.0,0.0,Flying,Descending,2089,0,0,0.0,0.0,4.868708,,,
Dash,20/5/2024,16:9:13,13.901171,46624.35942,16964.106947,793.960346,0.0,0.0,0.0,,Gliding,2500,0,0,0.0,0.0,3.795746,,,
Movement,20/5/2024,16:9:13,14.043291,47031.258719,16994.676557,793.52448,0.0,0.0,0.0,Flying,Ascending,2452,0,0,0.0,0.0,3.461488,,,
Movement,20/5/2024,16:9:14,14.554424,48235.740008,17073.446661,1024.454941,0.0,0.0,0.0,Flying,Gliding,2311,0,0,0.0,0.0,3.457608,,,
Movement,20/5/2024,16:9:14,15.04574,49260.682468,17135.465479,1150.119242,0.0,0.0,0.0,Flying,Gliding,2019,0,0,0.0,0.0,3.414325,,,
Dash,20/5/2024,16:9:14,15.333634,49786.237169,17166.891423,1150.198511,0.0,0.0,0.0,,Gliding,1963,0,0,0.0,0.0,3.422863,,,
Movement,20/5/2024,16:9:15,15.540484,50235.737204,17194.864148,1136.628022,0.0,0.0,0.0,Flying,Descending,1949,0,0,0.0,0.0,3.960143,,,
Movement,20/5/2024,16:9:15,16.049994,51269.240081,17273.511234,972.970469,0.0,0.0,0.0,Flying,Gliding,2070,0,0,0.0,0.0,10.488933,,,
Movement,20/5/2024,16:9:16,16.55443,52250.04978,17420.697344,771.682116,0.0,0.0,0.0,Flying,Gliding,1960,0,0,0.0,0.0,10.488933,,,
Movement,20/5/2024,16:9:16,17.035117,53133.687126,17568.570664,588.782668,0.0,0.0,0.0,Flying,Gliding,1864,0,0,0.0,0.0,1.977273,,,
Dash,20/5/2024,16:9:17,17.527399,53970.656054,17500.176961,528.771847,0.0,0.0,0.0,,Gliding,1775,0,0,0.0,0.0,-40.942383,,,
Movement,20/5/2024,16:9:17,17.549493,54042.695112,17469.014968,541.749858,0.0,0.0,0.0,Flying,Ascending,1767,0,0,0.0,0.0,-45.429382,,,
Movement,20/5/2024,16:9:17,18.054205,54551.762607,16885.607658,971.080757,0.0,0.0,0.0,Flying,Ascending,2271,0,0,0.0,0.0,-92.214172,,,
Dash,20/5/2024,16:9:17,18.209,54606.278695,16673.976414,1164.648619,0.0,0.0,0.0,,Gliding,2238,0,0,0.0,0.0,-92.214172,,,
Dash,20/5/2024,16:9:17,18.390257,54635.622313,16381.863011,1437.51305,0.0,0.0,0.0,,Gliding,2193,0,0,0.0,0.0,-98.251404,,,
Movement,20/5/2024,16:9:18,18.544779,54609.469426,16092.627296,1697.691635,0.0,0.0,0.0,Flying,Descending,2154,0,0,0.0,0.0,-115.081696,,,
Dash,20/5/2024,16:9:18,18.570212,54609.469426,16092.627296,1697.691635,0.0,0.0,0.0,,Gliding,2100,0,0,0.0,0.0,-115.081696,,,
Dash,20/5/2024,16:9:18,18.766989,54519.222762,15747.037838,1933.697624,0.0,0.0,0.0,,Gliding,2100,0,0,0.0,0.0,-118.203415,,,
Dash,20/5/2024,16:9:18,18.960345,54375.150923,15395.292111,2069.996032,0.0,0.0,0.0,,Gliding,2092,0,0,0.0,0.0,-119.704834,,,
Movement,20/5/2024,16:9:18,19.047035,54268.79116,15174.628474,2107.927646,0.0,0.0,0.0,Flying,Descending,2085,0,0,0.0,0.0,-119.715027,,,
Dash,20/5/2024,16:9:18,19.13545,54215.963145,15070.946756,2119.475097,0.0,0.0,0.0,,Gliding,2072,0,0,0.0,0.0,-119.763855,,,
Dash,20/5/2024,16:9:18,19.318922,54040.205581,14742.507209,2168.133479,0.0,0.0,0.0,,Gliding,2031,0,0,0.0,0.0,-119.76812,,,
Dash,20/5/2024,16:9:19,19.554913,53790.208424,14325.934774,2292.700579,0.0,0.0,0.0,,Gliding,2492,0,0,0.0,0.0,-133.825226,,,
Movement,20/5/2024,16:9:19,19.554913,53752.757196,14274.442112,2312.138955,0.0,0.0,0.0,Flying,Gliding,2484,0,0,0.0,0.0,-136.72876,,,
Dash,20/5/2024,16:9:19,19.777626,53474.907717,13918.639495,2476.185102,0.0,0.0,0.0,,Gliding,2429,0,0,0.0,0.0,-137.490585,,,
Dash,20/5/2024,16:9:19,19.968734,53191.643076,13605.156634,2653.890246,0.0,0.0,0.0,,Gliding,2376,0,0,0.0,0.0,-135.154602,,,
Movement,20/5/2024,16:9:19,20.050699,53021.966961,13429.91361,2735.861882,0.0,0.0,0.0,Flying,Gliding,2346,0,0,0.0,0.0,-135.154602,,,
Dash,20/5/2024,16:9:19,20.202241,52825.134147,13231.036711,2808.969131,0.0,0.0,0.0,,Gliding,2313,0,0,0.0,0.0,-135.154602,,,
Dash,20/5/2024,16:9:20,20.500735,52366.267502,12768.485292,2921.088638,0.0,0.0,0.0,,Gliding,2087,0,0,0.0,0.0,-134.179031,,,
Movement,20/5/2024,16:9:20,20.561553,52232.624432,12633.053293,2926.411913,0.0,0.0,0.0,Flying,Descending,2082,0,0,0.0,0.0,-134.179031,,,
Movement,20/5/2024,16:9:20,21.064909,51498.720733,11882.18639,2898.362272,0.0,0.0,0.0,Flying,Gliding,2492,0,0,0.0,0.0,-134.224442,,,
Movement,20/5/2024,16:9:21,21.559153,50664.253774,11025.211602,2981.331618,0.0,0.0,0.0,Flying,Gliding,2353,0,0,0.0,0.0,-134.189682,,,

Movement,20/5/2024,16:9:21,22.045544,49893.975895,10233.431974,3085.683422,0.0,0.0,0.0,Flying,Gliding,2228,0,0,0.0,0.0,-134.189682,,,
Movement,20/5/2024,16:9:22,22.551922,49125.717522,9443.246789,3203.560833,0.0,0.0,0.0,Flying,Gliding,2105,0,0,0.0,0.0,-134.189682,,,
Movement,20/5/2024,16:9:22,23.049429,48424.920853,8722.350155,3313.396975,0.0,0.0,0.0,Flying,Gliding,1994,0,0,0.0,0.0,-134.189682,,,
Dash,20/5/2024,16:9:22,23.292331,48134.573828,8423.672474,3358.972315,0.0,0.0,0.0,,Gliding,1950,0,0,0.0,0.0,-134.189682,,,
Movement,20/5/2024,16:9:23,23.540924,47758.243125,8036.543773,3418.051018,0.0,0.0,0.0,Flying,Gliding,1892,0,0,0.0,0.0,-134.189682,,,
Dash,20/5/2024,16:9:23,23.854881,47341.019613,7623.529511,3483.394093,0.0,0.0,0.0,,Gliding,2426,0,0,0.0,0.0,-148.497101,,,
Movement,20/5/2024,16:9:23,24.033767,46968.188166,7301.092024,3567.888242,0.0,0.0,0.0,Flying,Ascending,2368,0,0,0.0,0.0,-149.863663,,,
Dash,20/5/2024,16:9:23,24.243683,46648.222714,7056.317669,3687.654404,0.0,0.0,0.0,,Gliding,2320,0,0,0.0,0.0,-149.863663,,,
Movement,20/5/2024,16:9:24,24.559475,46027.797436,6646.95023,4007.939921,0.0,0.0,0.0,Flying,Ascending,2491,0,0,0.0,0.0,-149.863663,,,
Dash,20/5/2024,16:9:24,24.759636,45705.662727,6451.340322,4196.18798,0.0,0.0,0.0,,Gliding,2442,0,0,0.0,0.0,-149.85556,,,
Movement,20/5/2024,16:9:24,25.039037,45154.882525,6125.146678,4519.503693,0.0,0.0,0.0,Flying,Descending,2094,0,0,0.0,0.0,-149.741608,,,
Dash,20/5/2024,16:9:25,25.444845,44487.312444,5734.033974,4719.149973,0.0,0.0,0.0,,Gliding,2092,0,0,0.0,0.0,-149.509048,,,
Movement,20/5/2024,16:9:25,25.53742,44264.877815,5603.559872,4725.766623,0.0,0.0,0.0,Flying,Descending,2084,0,0,0.0,0.0,-149.509048,,,
Movement,20/5/2024,16:9:25,26.056224,43344.731128,5043.654273,4626.263577,0.0,0.0,0.0,Flying,Gliding,2492,0,0,0.0,0.0,-144.812637,,,
Movement,20/5/2024,16:9:26,26.546925,42374.653626,4383.705112,4486.956429,0.0,0.0,0.0,Flying,Ascending,2355,0,0,0.0,0.0,-139.437042,,,
Movement,20/5/2024,16:9:26,27.038413,41493.461804,3680.515891,4483.658964,0.0,0.0,0.0,Flying,Ascending,2227,0,0,0.0,0.0,-137.161728,,,
Dash,20/5/2024,16:9:26,27.226836,41229.20895,3448.742672,4534.082273,0.0,0.0,0.0,,Gliding,2187,0,0,0.0,0.0,-137.161972,,,
Movement,20/5/2024,16:9:27,27.539042,40705.716712,2973.074799,4691.89047,0.0,0.0,0.0,Flying,Ascending,2107,0,0,0.0,0.0,-137.608109,,,
Movement,20/5/2024,16:9:27,28.045895,39978.890734,2275.998689,5333.209001,0.0,0.0,0.0,Flying,Ascending,2394,0,0,0.0,0.0,-134.066116,,,
Movement,20/5/2024,16:9:28,28.542668,39407.546678,1738.542129,6112.105808,0.0,0.0,0.0,Flying,Descending,2089,0,0,0.0,0.0,-143.833282,,,
Movement,20/5/2024,16:9:28,29.052581,38597.450421,1112.265929,6318.088861,0.0,0.0,0.0,Flying,Gliding,2022,0,0,0.0,0.0,-144.350967,,,
Movement,20/5/2024,16:9:29,29.554653,37810.254186,541.855781,6498.81429,0.0,0.0,0.0,Flying,Gliding,1916,0,0,0.0,0.0,-144.350967,,,
Movement,20/5/2024,16:9:29,30.037858,37097.456863,29.714172,6698.342595,0.0,0.0,0.0,Flying,Gliding,1822,0,0,0.0,0.0,-144.350967,,,
Movement,20/5/2024,16:9:30,30.554517,36375.496611,-488.185136,6907.323918,0.0,0.0,0.0,Flying,Gliding,1729,0,0,0.0,0.0,-144.348434,,,
Dash,20/5/2024,16:9:30,30.785481,36094.952176,-689.503255,6988.45951,0.0,0.0,0.0,,Gliding,1693,0,0,0.0,0.0,-144.232422,,,
Movement,20/5/2024,16:9:30,31.05882,35691.027143,-982.392217,7088.931613,0.0,0.0,0.0,Flying,Descending,1673,0,0,0.0,0.0,-143.083389,,,
Movement,20/5/2024,16:9:31,31.553506,34918.589876,-1564.060372,7043.548073,0.0,0.0,0.0,Flying,Descending,2085,0,0,0.0,0.0,-142.233994,,,
Dash,20/5/2024,16:9:31,31.581897,34918.589876,-1564.060372,7043.548073,0.0,0.0,0.0,,Gliding,2085,0,0,0.0,0.0,-142.233994,,,

Movement,20/5/2024,16:9:31,32.04534,34125.594979,-2176.00891,6820.929487,0.0,0.0,0.0,Flying,Descending,2618,0,0,0.0,0.0,-142.222397,,,
Dash,20/5/2024,16:9:31,32.260959,33823.593503,-2409.900453,6732.705172,0.0,0.0,0.0,,Gliding,2086,0,0,0.0,0.0,-142.222397,,,
Movement,20/5/2024,16:9:32,32.551209,33311.974143,-2806.389792,6582.777126,0.0,0.0,0.0,Flying,Gliding,2050,0,0,0.0,0.0,-142.21991,,,
Movement,20/5/2024,16:9:32,33.033953,32477.13091,-3453.928261,6341.160399,0.0,0.0,0.0,Flying,Gliding,2433,0,0,0.0,0.0,-141.975571,,,
Movement,20/5/2024,16:9:33,33.542058,31544.689178,-4194.69828,6307.038919,0.0,0.0,0.0,Flying,Ascending,2295,0,0,0.0,0.0,-140.605453,,,
Movement,20/5/2024,16:9:33,34.04198,30716.319631,-4871.406022,6598.913353,0.0,0.0,0.0,Flying,Gliding,2171,0,0,0.0,0.0,-140.623077,,,
Movement,20/5/2024,16:9:34,34.53622,29919.034966,-5523.908149,6738.104882,0.0,0.0,0.0,Flying,Descending,2080,0,0,0.0,0.0,-140.8004,,,
Dash,20/5/2024,16:9:34,34.634827,29803.313466,-5618.419225,6723.645322,0.0,0.0,0.0,,Gliding,2076,0,0,0.0,0.0,-140.761932,,,
Movement,20/5/2024,16:9:34,35.052058,29115.573493,-6181.312479,6618.716686,0.0,0.0,0.0,Flying,Gliding,1979,0,0,0.0,0.0,-140.595169,,,
Movement,20/5/2024,16:9:35,35.55359,28176.134048,-6952.56387,6526.89797,0.0,0.0,0.0,Flying,Gliding,2372,0,0,0.0,0.0,-140.626038,,,
Movement,20/5/2024,16:9:35,36.056182,27334.407124,-7642.166721,6406.663917,0.0,0.0,0.0,Flying,Descending,2076,0,0,0.0,0.0,-140.77536,,,
Movement,20/5/2024,16:9:36,36.535922,26592.462552,-8248.142934,6235.767623,0.0,0.0,0.0,Flying,Descending,2046,0,0,0.0,0.0,-140.786346,,,
Movement,20/5/2024,16:9:36,37.047184,25798.67631,-8855.095478,6053.516202,0.0,0.0,0.0,Flying,Gliding,1936,0,0,0.0,0.0,-160.783432,,,
Movement,20/5/2024,16:9:37,37.5413,24922.712532,-9135.011287,5965.78024,0.0,0.0,0.0,Flying,Ascending,1838,0,0,0.0,0.0,-176.376068,,,
Dash,20/5/2024,16:9:37,37.611269,24838.047604,-9146.259339,5963.41624,0.0,0.0,0.0,,Gliding,1830,0,0,0.0,0.0,-176.376068,,,
Movement,20/5/2024,16:9:37,38.050547,24017.22137,-9250.035137,5931.321719,0.0,0.0,0.0,Flying,Descending,1769,0,0,0.0,0.0,-165.362,,,
Movement,20/5/2024,16:9:38,38.545657,23028.570109,-9471.261082,5706.308887,0.0,0.0,0.0,Flying,Descending,2068,0,0,0.0,0.0,-165.362,,,
Dash,20/5/2024,16:9:38,38.594103,22980.930434,-9483.301437,5693.299903,0.0,0.0,0.0,,Gliding,2066,0,0,0.0,0.0,-165.362,,,
Movement,20/5/2024,16:9:38,39.050712,22044.551084,-9725.038731,5429.736537,0.0,0.0,0.0,Flying,Descending,2634,0,0,0.0,0.0,-165.361282,,,
Dash,20/5/2024,16:9:39,39.50632,21219.325227,-9941.204617,5197.980568,0.0,0.0,0.0,,Gliding,2007,0,0,0.0,0.0,-164.954025,,,
Movement,20/5/2024,16:9:39,39.558065,21077.556823,-9978.897826,5161.382229,0.0,0.0,0.0,Flying,Gliding,1991,0,0,0.0,0.0,-164.730408,,,
Movement,20/5/2024,16:9:39,40.036484,20140.2743,-10238.820289,5009.545711,0.0,0.0,0.0,Flying,Ascending,2479,0,0,0.0,0.0,-163.590454,,,
Movement,20/5/2024,16:9:40,40.556874,18944.429643,-10587.401424,4940.792223,0.0,0.0,0.0,Flying,Gliding,2335,0,0,0.0,0.0,-163.520615,,,
Movement,20/5/2024,16:9:40,41.047725,17878.707059,-10904.150308,4893.04324,0.0,0.0,0.0,Flying,Gliding,2210,0,0,0.0,0.0,-163.248947,,,
Movement,20/5/2024,16:9:41,41.552262,16845.627968,-11214.644458,4844.844348,0.0,0.0,0.0,Flying,Gliding,2090,0,0,0.0,0.0,-163.248947,,,

Movement,20/5/2024,16:9:41,42.050125,15874.796821,-11506.927605,4795.925959,0.0,0.0,0.0,Flying,Gliding,1980,0,0,0.0,0.0,-163.218155,,,
Dash,20/5/2024,16:9:41,42.190454,15653.755287,-11573.540195,4778.617551,0.0,0.0,0.0,,Gliding,1967,0,0,0.0,0.0,-163.206116,,,
Movement,20/5/2024,16:9:42,42.563731,14905.17102,-11799.357474,4687.617385,0.0,0.0,0.0,Flying,Descending,1947,0,0,0.0,0.0,-163.200287,,,
Movement,20/5/2024,16:9:42,43.045835,13961.981257,-12084.081996,4548.748353,0.0,0.0,0.0,Flying,Gliding,2039,0,0,0.0,0.0,-163.200287,,,
Movement,20/5/2024,16:9:43,43.546214,13024.404902,-12367.145085,4407.191185,0.0,0.0,0.0,Flying,Gliding,1933,0,0,0.0,0.0,-163.200287,,,
Movement,20/5/2024,16:9:43,44.053099,12147.883002,-12711.927657,4277.363518,0.0,0.0,0.0,Flying,Gliding,1833,0,0,0.0,0.0,-132.305603,,,
Movement,20/5/2024,16:9:44,44.53493,11628.213374,-13380.237962,4233.876152,0.0,0.0,0.0,Flying,Ascending,1744,0,0,0.0,0.0,-92.103577,,,
Movement,20/5/2024,16:9:44,45.041054,11476.742675,-14225.481147,4272.205828,0.0,0.0,0.0,Flying,Gliding,1657,0,0,0.0,0.0,-88.307251,,,
Movement,20/5/2024,16:9:45,45.539682,11585.746379,-15008.87957,4319.430294,0.0,0.0,0.0,Flying,Gliding,1577,0,0,0.0,0.0,-31.629181,,,
Movement,20/5/2024,16:9:45,46.059503,12169.718552,-15538.741838,4344.910436,0.0,0.0,0.0,Flying,Gliding,1498,0,0,0.0,0.0,-17.617981,,,
Movement,20/5/2024,16:9:46,46.54368,12782.322603,-15777.686186,4356.819555,0.0,0.0,0.0,Flying,Gliding,1261,0,0,0.0,0.0,-17.617981,,,
Movement,20/5/2024,16:9:46,47.050689,13300.373158,-15946.534798,4365.839332,0.0,0.0,0.0,Braking,Gliding,841,0,0,0.0,0.0,-17.617981,,,
Movement,20/5/2024,16:9:47,47.547815,13601.904394,-16044.28425,4371.073995,0.0,0.0,0.0,Flying,Gliding,498,0,0,0.0,0.0,-17.617981,,,
Movement,20/5/2024,16:9:47,48.047239,13822.15634,-16115.434385,4374.948955,0.0,0.0,0.0,Flying,Gliding,436,0,0,0.0,0.0,-17.656544,,,
Movement,20/5/2024,16:9:48,48.542601,14015.456099,-16177.607846,4380.829664,0.0,0.0,0.0,Flying,Ascending,386,0,0,0.0,0.0,-17.79657,,,
Movement,20/5/2024,16:9:48,49.056905,14205.590861,-16238.835732,4499.085479,0.0,0.0,0.0,Flying,Ascending,600,0,0,0.0,0.0,-18.00174,,,
Movement,20/5/2024,16:9:49,49.55748,14362.836835,-16292.268251,4732.47897,0.0,0.0,0.0,Braking,Gliding,473,0,0,0.0,0.0,-26.972778,,,
Movement,20/5/2024,16:9:49,50.033682,14454.239474,-16324.717921,4860.889345,0.0,0.0,0.0,Braking,Gliding,235,0,0,0.0,0.0,-40.098785,,,
Movement,20/5/2024,16:9:50,50.534903,14494.791045,-16339.114497,4917.859717,0.0,0.0,0.0,Braking,Gliding,70,0,0,0.0,0.0,-47.49823,,,
Movement,20/5/2024,16:9:50,51.046839,14572.070936,-16415.808977,4755.502171,0.0,0.0,0.0,Braking,Gliding,500,0,0,0.0,0.0,-45.981232,,,
Movement,20/5/2024,16:9:51,51.537464,14635.56503,-16481.496347,4516.245322,0.0,0.0,0.0,Walking,Gliding,0,0,0,0.0,0.0,-45.981232,,,

Movement,20/5/2024,16:9:51,52.046596,14635.56503,-16481.496347,4514.71016,0.0,0.0,0.0,Walking,Gliding,0,0,0,0.0,0.0,-45.981232,,,
Movement,20/5/2024,16:9:52,52.554461,14635.56503,-16481.496347,4514.71016,0.0,0.0,0.0,Walking,Gliding,0,0,0,0.0,0.0,-45.981232,,,
Movement,20/5/2024,16:9:52,53.043017,14635.652022,-16481.474986,4514.71016,0.0,0.0,0.0,Walking,Gliding,3,0,0,0.0,0.0,-15.896332,,,
Movement,20/5/2024,16:9:53,53.540699,14636.690424,-16481.150353,4514.71016,0.0,0.0,0.0,Walking,Gliding,0,0,0,0.0,0.0,22.868122,,,
Movement,20/5/2024,16:9:53,54.041885,14636.690424,-16481.150353,4514.71016,0.0,0.0,0.0,Walking,Gliding,0,0,0,0.0,0.0,22.868122,,,
Movement,20/5/2024,16:9:54,54.538361,14636.690424,-16481.150353,4514.71016,0.0,0.0,0.0,Walking,Gliding,0,0,0,0.0,0.0,22.868122,,,
Movement,20/5/2024,16:9:54,55.050327,14636.690424,-16481.150353,4514.71016,0.0,0.0,0.0,Walking,Gliding,0,0,0,0.0,0.0,22.868122,,,
Movement,20/5/2024,16:9:55,55.538076,14636.690424,-16481.150353,4514.71016,0.0,0.0,0.0,Walking,Gliding,0,0,0,0.0,0.0,22.868122,,,
Movement,20/5/2024,16:9:55,56.045682,14659.010565,-16484.751879,4514.71016,0.0,0.0,0.0,Walking,Gliding,0,0,0,0.0,0.0,-9.166077,,,
Movement,20/5/2024,16:9:56,56.5475,14659.010565,-16484.751879,4514.71016,0.0,0.0,0.0,Walking,Gliding,0,0,0,0.0,0.0,-9.166077,,,
Movement,20/5/2024,16:9:56,57.03565,14659.010565,-16484.751879,4514.71016,0.0,0.0,0.0,Walking,Gliding,0,0,0,0.0,0.0,-9.166077,,,
Movement,20/5/2024,16:9:57,57.549061,14659.010565,-16484.751879,4514.71016,0.0,0.0,0.0,Walking,Gliding,0,0,0,0.0,0.0,-9.166077,,,
Movement,20/5/2024,16:9:57,58.039489,14659.010565,-16484.751879,4514.71016,0.0,0.0,0.0,Walking,Gliding,0,0,0,0.0,0.0,-9.166077,,,
Movement,20/5/2024,16:9:58,58.541573,14659.010565,-16484.751879,4514.71016,0.0,0.0,0.0,Walking,Gliding,0,0,0,0.0,0.0,-9.166077,,,
Movement,20/5/2024,16:9:58,59.055,14659.010565,-16484.751879,4514.71016,0.0,0.0,0.0,Walking,Gliding,0,0,0,0.0,0.0,-9.166077,,,
Movement,20/5/2024,16:9:59,59.553669,14659.010565,-16484.751879,4514.71016,0.0,0.0,0.0,Walking,Gliding,0,0,0,0.0,0.0,-9.166077,,,
Movement,20/5/2024,16:9:59,60.046056,14659.010565,-16484.751879,4514.71016,0.0,0.0,0.0,Walking,Gliding,0,0,0,0.0,0.0,-9.166077,,,
Movement,20/5/2024,16:10:0,60.539799,14748.469312,-16542.639139,4514.71016,0.0,0.0,0.0,Walking,Gliding,240,0,0,0.0,0.0,-15.046112,,,
Movement,20/5/2024,16:10:0,61.049604,14748.469312,-16542.639139,4514.71016,0.0,0.0,0.0,Walking,Gliding,0,0,0,0.0,0.0,-15.046112,,,
Movement,20/5/2024,16:10:1,61.552214,14748.469312,-16542.639139,4514.71016,0.0,0.0,0.0,Walking,Gliding,0,0,0,0.0,0.0,-15.046112,,,

Movement,20/5/2024,16:10:2,62.326006,14748.469312,-16542.639139,4514.71016,0.0,0.0,0.0,Walking,Gliding,0,0,0,0.0,0.0,-15.046112,,,
Movement,20/5/2024,16:10:2,62.659339,14748.469312,-16542.639139,4514.71016,0.0,0.0,0.0,Walking,Gliding,0,0,0,0.0,0.0,-15.046112,,,
Movement,20/5/2024,16:10:3,63.326007,14748.469312,-16542.639139,4514.71016,0.0,0.0,0.0,Walking,Gliding,0,0,0,0.0,0.0,-15.046112,,,
Movement,20/5/2024,16:10:3,63.659341,14748.469312,-16542.639139,4514.71016,0.0,0.0,0.0,Walking,Gliding,0,0,0,0.0,0.0,-15.046112,,,
Movement,20/5/2024,16:10:3,64.056855,14748.469312,-16542.639139,4514.71016,0.0,0.0,0.0,Walking,Gliding,0,0,0,0.0,0.0,-15.046112,,,
Movement,20/5/2024,16:10:4,64.533794,14748.469312,-16542.639139,4514.71016,0.0,0.0,0.0,Walking,Gliding,0,0,0,0.0,0.0,-15.046112,,,
Movement,20/5/2024,16:10:4,65.055871,14748.469312,-16542.639139,4514.71016,0.0,0.0,0.0,Walking,Gliding,0,0,0,0.0,0.0,-15.046112,,,
Movement,20/5/2024,16:10:5,65.54225,14748.469312,-16542.639139,4514.71016,0.0,0.0,0.0,Walking,Gliding,0,0,0,0.0,0.0,-15.046112,,,
Movement,20/5/2024,16:10:5,66.036255,14748.469312,-16542.639139,4514.71016,0.0,0.0,0.0,Walking,Gliding,0,0,0,0.0,0.0,-15.046112,,,
Movement,20/5/2024,16:10:6,66.544962,14751.252086,-16531.128714,4514.71016,0.0,0.0,0.0,Walking,Gliding,239,0,0,0.0,0.0,19.493139,,,
Movement,20/5/2024,16:10:6,67.052331,14697.717178,-16458.599094,4514.71016,0.0,0.0,0.0,Walking,Gliding,239,0,0,0.0,0.0,-173.307709,,,
Movement,20/5/2024,16:10:7,67.539673,14658.769411,-16563.82474,4514.71016,0.0,0.0,0.0,Walking,Gliding,240,0,0,0.0,0.0,-123.059662,,,
Movement,20/5/2024,16:10:7,68.060013,14645.462266,-16482.906788,4514.71016,0.0,0.0,0.0,Walking,Gliding,240,0,0,0.0,0.0,57.088894,,,
Movement,20/5/2024,16:10:8,68.542469,14679.329029,-16380.85245,4514.71016,0.0,0.0,0.0,Walking,Gliding,239,0,0,0.0,0.0,57.088894,,,
Movement,20/5/2024,16:10:8,69.054223,14778.661695,-16432.563396,4514.71016,0.0,0.0,0.0,Walking,Gliding,240,0,0,0.0,0.0,-51.601868,,,
Movement,20/5/2024,16:10:9,69.549042,14702.903757,-16494.894964,4514.71016,0.0,0.0,0.0,Walking,Gliding,239,0,0,0.0,0.0,175.603897,,,
Movement,20/5/2024,16:10:9,70.03449,14718.784997,-16475.1829,4514.71016,0.0,0.0,0.0,Walking,Gliding,239,0,0,0.0,0.0,-79.924988,,,
Movement,20/5/2024,16:10:10,70.535556,14702.821753,-16524.284973,4514.71016,0.0,0.0,0.0,Walking,Gliding,0,0,0,0.0,0.0,-83.889435,,,
Movement,20/5/2024,16:10:10,71.050162,14702.821753,-16524.284973,4514.71016,0.0,0.0,0.0,Walking,Gliding,0,0,0,0.0,0.0,-83.889435,,,
Movement,20/5/2024,16:10:11,71.536682,14724.064804,-16533.683573,4514.71016,0.0,0.0,0.0,Walking,Gliding,0,0,0,0.0,0.0,-23.866119,,,

ID,Date, Day Time,Time Stamp,PosX,PosY,PosZ,Roll(X),Pitch(Y),Yaw(Z),Movement State,Flying State,Velocity,Stamina,Number of Objects Detected,ObjectXPosX,ObjectXPosY,ObjectXPosZ,ObjectXType,Zone,Note
Movement,20/5/2024,16:11:24,0.0,44653.429882,-29219.955312,28569.777177,0.0,0.0,0.0,Walking,Ascending,0,0,0,0.0,0.0,-14.461109,,,
Movement,20/5/2024,16:11:24,0.538646,44653.429882,-29219.955312,28569.777177,0.0,0.0,0.0,Walking,Ascending,0,0,0,0.0,0.0,-14.461109,,,
Movement,20/5/2024,16:11:25,1.032485,44653.429882,-29219.955312,28567.439244,0.0,0.0,0.0,Walking,Ascending,109,0,0,0.0,0.0,-14.461109,,,
Movement,20/5/2024,16:11:25,1.526212,44650.139703,-29238.056091,28492.387465,0.0,0.0,0.0,Walking,Ascending,240,0,0,0.0,0.0,-86.325836,,,
Movement,20/5/2024,16:11:26,2.031275,44623.400554,-29355.50496,28592.161859,0.0,0.0,0.0,Walking,Ascending,434,0,0,0.0,0.0,-86.853485,,,
Dash,20/5/2024,16:11:26,2.183366,44629.325978,-29375.934829,28657.200235,0.0,0.0,0.0,,Gliding,600,0,0,0.0,0.0,-38.627228,,,
Dash,20/5/2024,16:11:26,2.352394,44703.900438,-29441.709627,28643.758158,0.0,0.0,0.0,,Gliding,600,0,0,0.0,0.0,-57.129028,,,
Dash,20/5/2024,16:11:26,2.531745,44770.127448,-29526.023511,28641.919463,0.0,0.0,0.0,,Gliding,600,0,0,0.0,0.0,-77.651672,,,
Movement,20/5/2024,16:11:26,2.531745,44776.108003,-29536.341801,28642.6153,0.0,0.0,0.0,Flying,Gliding,600,0,0,0.0,0.0,-80.044586,,,
Dash,20/5/2024,16:11:26,2.725313,44827.521473,-29684.686481,28658.924607,0.0,0.0,0.0,,Gliding,1196,0,0,0.0,0.0,-98.980316,,,
Dash,20/5/2024,16:11:27,2.933252,44832.32778,-29928.521671,28693.331424,0.0,0.0,0.0,,Gliding,1187,0,0,0.0,0.0,-123.154572,,,
Movement,20/5/2024,16:11:27,3.03133,44792.178281,-30063.377812,28715.607846,0.0,0.0,0.0,Flying,Gliding,1180,0,0,0.0,0.0,-136.885391,,,
Dash,20/5/2024,16:11:27,3.098503,44769.396873,-30109.941615,28724.047943,0.0,0.0,0.0,,Gliding,1177,0,0,0.0,0.0,-141.86113,,,
Dash,20/5/2024,16:11:27,3.236284,44676.126161,-30238.496732,28750.21342,0.0,0.0,0.0,,Gliding,1167,0,0,0.0,0.0,-157.175079,,,
Dash,20/5/2024,16:11:27,3.419998,44514.540631,-30378.27493,28774.672906,0.0,0.0,0.0,,Gliding,1179,0,0,0.0,0.0,-148.792358,,,
Movement,20/5/2024,16:11:27,3.554798,44280.078714,-30545.399016,28763.038956,0.0,0.0,0.0,Flying,Descending,1778,0,0,0.0,0.0,-146.494827,,,
Dash,20/5/2024,16:11:27,3.65296,44175.947673,-30614.195327,28747.024139,0.0,0.0,0.0,,Gliding,1778,0,0,0.0,0.0,-146.494827,,,
Dash,20/5/2024,16:11:28,3.899151,43829.457999,-30871.911019,28677.815602,0.0,0.0,0.0,,Gliding,1772,0,0,0.0,0.0,-126.088181,,,
Movement,20/5/2024,16:11:28,4.024298,43643.261027,-31050.713457,28648.261078,0.0,0.0,0.0,Flying,Gliding,1752,0,0,0.0,0.0,-125.401718,,,
Dash,20/5/2024,16:11:28,4.117361,43560.251939,-31141.340792,28640.121903,0.0,0.0,0.0,,Gliding,1740,0,0,0.0,0.0,-120.946121,,,
Dash,20/5/2024,16:11:28,4.492716,43225.98488,-31819.110871,28583.68429,0.0,0.0,0.0,,Gliding,2083,0,0,0.0,0.0,-83.080414,,,
Movement,20/5/2024,16:11:28,4.536898,43201.073395,-31952.483,28563.594789,0.0,0.0,0.0,Flying,Descending,2079,0,0,0.0,0.0,-83.080414,,,
Dash,20/5/2024,16:11:28,4.779946,43177.84023,-32402.693352,28483.105816,0.0,0.0,0.0,,Gliding,2066,0,0,0.0,0.0,-83.080414,,,
Movement,20/5/2024,16:11:29,5.044142,43221.026005,-33002.883987,28362.086438,0.0,0.0,0.0,Flying,Descending,2093,0,0,0.0,0.0,-83.080414,,,
Dash,20/5/2024,16:11:29,5.163979,43240.793865,-33194.370358,28322.320648,0.0,0.0,0.0,,Gliding,2087,0,0,0.0,0.0,-83.080414,,,
Dash,20/5/2024,16:11:29,5.535123,43327.001685,-33943.638907,28164.968625,0.0,0.0,0.0,,Gliding,2065,0,0,0.0,0.0,-83.080414,,,
Movement,20/5/2024,16:11:29,5.535123,43332.755142,-33991.8387,28154.804962,0.0,0.0,0.0,Flying,Gliding,2063,0,0,0.0,0.0,-83.080414,,,
Dash,20/5/2024,16:11:30,6.038518,43451.319773,-34973.797796,27947.478389,0.0,0.0,0.0,,Gliding,2076,0,0,0.0,0.0,-83.015228,,,
Movement,20/5/2024,16:11:30,6.038518,43457.463979,-35024.17158,27936.852332,0.0,0.0,0.0,Flying,Gliding,2070,0,0,0.0,0.0,-82.97937,,,
Dash,20/5/2024,16:11:30,6.493024,43564.79111,-35891.988607,27869.84626,0.0,0.0,0.0,,Gliding,2500,0,0,0.0,0.0,-82.771515,,,
Movement,20/5/2024,16:11:30,6.536739,43583.220588,-36038.726686,27870.397157,0.0,0.0,0.0,Flying,Descending,2097,0,0,0.0,0.0,-82.696594,,,
Dash,20/5/2024,16:11:31,6.93336,43679.642272,-36794.305944,27719.084314,0.0,0.0,0.0,,Gliding,2077,0,0,0.0,0.0,-82.611511,,,
Movement,20/5/2024,16:11:31,7.042213,43712.055359,-37045.47422,27628.036028,0.0,0.0,0.0,Flying,Descending,2070,0,0,0.0,0.0,-82.611511,,,
Dash,20/5/2024,16:11:31,7.277364,43766.543264,-37466.525136,27461.001241,0.0,0.0,0.0,,Gliding,2098,0,0,0.0,0.0,-82.611511,,,
Dash,20/5/2024,16:11:31,7.483915,43817.940043,-37863.177313,27297.298208,0.0,0.0,0.0,,Gliding,2087,0,0,0.0,0.0,-82.611511,,,
Movement,20/5/2024,16:11:31,7.525507,43833.809679,-37985.603314,27246.184479,0.0,0.0,0.0,Flying,Descending,2083,0,0,0.0,0.0,-82.611511,,,
Dash,20/5/2024,16:11:31,7.629239,43853.878492,-38140.406047,27181.331857,0.0,0.0,0.0,,Gliding,2078,0,0,0.0,0.0,-82.611511,,,
Dash,20/5/2024,16:11:31,7.806699,43897.517756,-38476.983144,27039.845809,0.0,0.0,0.0,,Gliding,2064,0,0,0.0,0.0,-82.611511,,,
Dash,20/5/2024,16:11:32,7.975571,43938.45101,-38792.664852,26906.834923,0.0,0.0,0.0,,Gliding,2026,0,0,0.0,0.0,-82.611511,,,
Movement,20/5/2024,16:11:32,8.039683,43963.554765,-38986.109454,26825.213199,0.0,0.0,0.0,Flying,Gliding,2487,0,0,0.0,0.0,-82.569916,,,
Dash,20/5/2024,16:11:32,8.144345,43987.35334,-39168.629031,26748.258074,0.0,0.0,0.0,,Gliding,2464,0,0,0.0,0.0,-82.420502,,,
Dash,20/5/2024,16:11:32,8.346353,44047.158517,-39618.880339,26561.156113,0.0,0.0,0.0,,Gliding,2407,0,0,0.0,0.0,-81.964752,,,
Movement,20/5/2024,16:11:32,8.530107,44108.879428,-40069.240809,26384.071685,0.0,0.0,0.0,Flying,Gliding,2351,0,0,0.0,0.0,-81.88385,,,
Dash,20/5/2024,16:11:32,8.551661,44108.879428,-40069.240809,26384.071685,0.0,0.0,0.0,,Gliding,2351,0,0,0.0,0.0,-81.88385,,,
Dash,20/5/2024,16:11:32,8.741179,44166.156141,-40477.708517,26229.838815,0.0,0.0,0.0,,Gliding,2301,0,0,0.0,0.0,-81.872925,,,
Dash,20/5/2024,16:11:33,8.930886,44228.598797,-40918.071386,26066.320056,0.0,0.0,0.0,,Gliding,2457,0,0,0.0,0.0,-81.868065,,,
Movement,20/5/2024,16:11:33,9.035018,44269.868639,-41207.919814,25959.360962,0.0,0.0,0.0,Flying,Gliding,2421,0,0,0.0,0.0,-81.868065,,,
Dash,20/5/2024,16:11:33,9.122818,44290.31582,-41351.320797,25906.552201,0.0,0.0,0.0,,Gliding,2403,0,0,0.0,0.0,-81.868065,,,
Dash,20/5/2024,16:11:33,9.331431,44356.032876,-41811.694259,25737.288013,0.0,0.0,0.0,,Gliding,2346,0,0,0.0,0.0,-81.868065,,,
Dash,20/5/2024,16:11:33,9.52391,44415.363337,-42226.91873,25584.839614,0.0,0.0,0.0,,Gliding,2296,0,0,0.0,0.0,-81.868065,,,
Movement,20/5/2024,16:11:33,9.52391,44422.997777,-42280.347612,25565.223773,0.0,0.0,0.0,Flying,Gliding,2889,0,0,0.0,0.0,-81.868065,,,
Dash,20/5/2024,16:11:33,9.722424,44481.683483,-42691.053796,25414.437407,0.0,0.0,0.0,,Gliding,2448,0,0,0.0,0.0,-81.868065,,,
Dash,20/5/2024,16:11:33,9.891006,44535.971315,-43070.981884,25274.95089,0.0,0.0,0.0,,Gliding,2401,0,0,0.0,0.0,-81.868065,,,
Movement,20/5/2024,16:11:34,10.029792,44586.011856,-43421.185722,25146.377312,0.0,0.0,0.0,Flying,Gliding,2358,0,0,0.0,0.0,-81.868065,,,
Dash,20/5/2024,16:11:34,10.107422,44604.148888,-43548.115966,25099.776237,0.0,0.0,0.0,,Gliding,2343,0,0,0.0,0.0,-81.868065,,,
Dash,20/5/2024,16:11:34,10.387571,44693.730592,-44175.04477,24869.60606,0.0,0.0,0.0,,Gliding,2476,0,0,0.0,0.0,-81.868065,,,
Movement,20/5/2024,16:11:34,10.521551,44743.653964,-44524.428613,24741.333535,0.0,0.0,0.0,Flying,Gliding,2433,0,0,0.0,0.0,-81.868065,,,
Dash,20/5/2024,16:11:34,10.619289,44768.927141,-44701.300471,24676.396932,0.0,0.0,0.0,,Gliding,2411,0,0,0.0,0.0,-81.868065,,,
Dash,20/5/2024,16:11:34,10.843908,44839.940355,-45198.279514,24493.936414,0.0,0.0,0.0,,Gliding,2100,0,0,0.0,0.0,-81.868065,,,
Movement,20/5/2024,16:11:35,11.033348,44900.598511,-45622.789695,24338.082061,0.0,0.0,0.0,Flying,Descending,2683,0,0,0.0,0.0,-81.868065,,,
Movement,20/5/2024,16:11:35,11.529618,45038.85875,-46590.390469,23982.837829,0.0,0.0,0.0,Flying,Descending,2066,0,0,0.0,0.0,-81.868065,,,
Dash,20/5/2024,16:11:35,11.596617,45050.270154,-46670.252063,23953.517503,0.0,0.0,0.0,,Gliding,2064,0,0,0.0,0.0,-81.868065,,,

Movement,20/5/2024,16:11:36,12.040241,45180.522591,-47581.81102,23618.848423,0.0,0.0,0.0,Flying,Descending,2083,0,0,0.0,0.0,-81.868065,,,
Dash,20/5/2024,16:11:36,12.226459,45225.793403,-47898.634377,23502.53013,0.0,0.0,0.0,,Gliding,2073,0,0,0.0,0.0,-81.868065,,,
Movement,20/5/2024,16:11:36,12.538718,45317.766846,-48542.301531,23266.214648,0.0,0.0,0.0,Flying,Descending,2053,0,0,0.0,0.0,-81.868065,,,
Movement,20/5/2024,16:11:37,13.035376,45457.5463,-49520.534384,22907.066963,0.0,0.0,0.0,Flying,Descending,2071,0,0,0.0,0.0,-81.868065,,,
Dash,20/5/2024,16:11:37,13.103557,45469.527663,-49604.384787,22876.282189,0.0,0.0,0.0,,Gliding,2068,0,0,0.0,0.0,-81.868065,,,
Movement,20/5/2024,16:11:37,13.543061,45598.545125,-50507.300888,22544.78624,0.0,0.0,0.0,Flying,Descending,2087,0,0,0.0,0.0,-81.868065,,,
Dash,20/5/2024,16:11:37,13.761907,45653.102965,-50889.118606,22404.605966,0.0,0.0,0.0,,Gliding,2076,0,0,0.0,0.0,-81.868065,,,
Movement,20/5/2024,16:11:38,14.039528,45736.174013,-51470.483218,22191.164193,0.0,0.0,0.0,Flying,Descending,2059,0,0,0.0,0.0,-81.868065,,,
Dash,20/5/2024,16:11:38,14.522397,45865.183397,-52373.342785,21859.689001,0.0,0.0,0.0,,Gliding,2076,0,0,0.0,0.0,-81.868065,,,
Movement,20/5/2024,16:11:38,14.522397,45870.977424,-52413.891723,21844.801894,0.0,0.0,0.0,Flying,Gliding,2075,0,0,0.0,0.0,-81.868065,,,
Movement,20/5/2024,16:11:39,15.034782,46013.878367,-53413.970011,21477.633893,0.0,0.0,0.0,Flying,Descending,2088,0,0,0.0,0.0,-81.868065,,,
Dash,20/5/2024,16:11:39,15.262841,46071.393578,-53816.484597,21329.854986,0.0,0.0,0.0,,Gliding,2076,0,0,0.0,0.0,-81.868065,,,
Movement,20/5/2024,16:11:39,15.531572,46151.158267,-54374.70998,21124.908533,0.0,0.0,0.0,Flying,Descending,2061,0,0,0.0,0.0,-81.868065,,,
Movement,20/5/2024,16:11:40,16.029419,46291.239803,-55355.056924,20764.984682,0.0,0.0,0.0,Flying,Descending,2075,0,0,0.0,0.0,-81.868065,,,
Dash,20/5/2024,16:11:40,16.09289,46302.30563,-55432.500036,20736.552276,0.0,0.0,0.0,,Gliding,2073,0,0,0.0,0.0,-81.868065,,,
Movement,20/5/2024,16:11:40,16.531958,46431.152791,-56334.224301,20405.493898,0.0,0.0,0.0,Flying,Descending,2088,0,0,0.0,0.0,-81.868065,,,
Movement,20/5/2024,16:11:41,17.037185,46571.161751,-57314.06333,20045.756523,0.0,0.0,0.0,Flying,Descending,2061,0,0,0.0,0.0,-81.868065,,,
Movement,20/5/2024,16:11:41,17.531923,46710.049437,-58286.055233,19688.900136,0.0,0.0,0.0,Flying,Descending,2075,0,0,0.0,0.0,-81.868065,,,
Movement,20/5/2024,16:11:42,18.02262,45208.488988,-52186.654818,19026.259356,0.0,0.0,0.0,Flying,Descending,2036,0,0,0.000001,-60.215191,99.384979,,,
Movement,20/5/2024,16:11:42,18.521453,44970.295852,-51726.344339,18177.008041,0.0,0.0,0.0,Flying,Descending,2020,0,0,0.000001,-60.215191,99.384979,,,
Movement,20/5/2024,16:11:43,19.027917,44863.554341,-51195.269985,17321.175854,0.0,0.0,0.0,Flying,Ascending,1960,0,0,0.000001,-60.215179,102.046478,,,
Movement,20/5/2024,16:11:43,19.531639,44690.64502,-50398.702351,16832.356856,0.0,0.0,0.0,Flying,Ascending,1858,0,0,0.000001,-60.215179,103.339142,,,
Dash,20/5/2024,16:11:44,19.916914,44547.748464,-49788.061939,16645.984381,0.0,0.0,0.0,,Gliding,1790,0,0,0.000001,-60.215179,103.339142,,,
Movement,20/5/2024,16:11:44,20.023898,44494.469551,-49562.550462,16583.716095,0.0,0.0,0.0,Flying,Ascending,1765,0,0,0.000001,-60.215179,103.339142,,,
Movement,20/5/2024,16:11:44,20.538695,44271.240411,-48620.244029,16331.220368,0.0,0.0,0.0,Flying,Gliding,2258,0,0,0.000001,-60.215179,103.339142,,,
Dash,20/5/2024,16:11:44,20.89484,44108.045802,-47931.939594,16148.542558,0.0,0.0,0.0,,Gliding,2177,0,0,0.000001,-60.215179,103.339142,,,
Movement,20/5/2024,16:11:45,21.031349,44029.299048,-47599.831019,16060.46324,0.0,0.0,0.0,Flying,Gliding,2138,0,0,0.000001,-60.215179,103.339142,,,
Movement,20/5/2024,16:11:45,21.529378,43777.459486,-46537.791452,15778.828434,0.0,0.0,0.0,Flying,Gliding,2447,0,0,0.000001,-60.215179,103.362923,,,

Movement,20/5/2024,16:11:46,22.037301,43499.595954,-45376.474937,15542.708859,0.0,0.0,0.0,Flying,Ascending,2307,0,0,0.000001,-60.215179,103.944221,,,
Dash,20/5/2024,16:11:46,22.334275,43357.232218,-44793.726976,15551.226083,0.0,0.0,0.0,,Gliding,2239,0,0,0.000001,-60.215179,103.970169,,,
Movement,20/5/2024,16:11:46,22.542663,43235.942964,-44304.169343,15674.788075,0.0,0.0,0.0,Flying,Ascending,2180,0,0,0.000001,-60.215179,103.999908,,,
Movement,20/5/2024,16:11:47,23.040761,43000.322653,-43328.685009,16200.656062,0.0,0.0,0.0,Flying,Descending,2092,0,0,0.000001,-60.215179,101.63916,,,
Dash,20/5/2024,16:11:47,23.300685,42900.184312,-42877.625108,16304.988471,0.0,0.0,0.0,,Gliding,2065,0,0,0.000001,-60.215179,101.077873,,,
Movement,20/5/2024,16:11:47,23.528122,42796.314349,-42370.009237,16382.349983,0.0,0.0,0.0,Flying,Gliding,2008,0,0,0.000001,-60.215179,99.121078,,,
Dash,20/5/2024,16:11:47,23.666588,42756.691423,-42161.480068,16420.791408,0.0,0.0,0.0,,Gliding,1984,0,0,0.000001,-60.215179,99.121078,,,
Dash,20/5/2024,16:11:48,23.957091,42646.358265,-41514.180558,16598.538441,0.0,0.0,0.0,,Gliding,2446,0,0,0.000001,-60.215179,99.121078,,,
Movement,20/5/2024,16:11:48,24.04704,42602.296739,-41244.692191,16681.415908,0.0,0.0,0.0,Flying,Ascending,2413,0,0,0.000001,-60.215179,99.121078,,,
Dash,20/5/2024,16:11:48,24.133436,42580.680407,-41111.648589,16722.991599,0.0,0.0,0.0,,Gliding,2397,0,0,0.000001,-60.215179,99.121078,,,
Dash,20/5/2024,16:11:48,24.289084,42524.401329,-40763.699725,16832.955887,0.0,0.0,0.0,,Gliding,2355,0,0,0.000001,-60.215179,99.121078,,,
Movement,20/5/2024,16:11:48,24.525283,42426.03285,-40152.870873,17028.086536,0.0,0.0,0.0,Flying,Ascending,2880,0,0,0.000001,-60.215179,99.121078,,,
Dash,20/5/2024,16:11:48,24.770538,42347.553672,-39664.775106,17184.612958,0.0,0.0,0.0,,Gliding,2439,0,0,0.000001,-60.215179,99.121078,,,
Dash,20/5/2024,16:11:49,24.974252,42273.415777,-39203.153132,17333.060687,0.0,0.0,0.0,,Gliding,2383,0,0,0.000001,-60.215179,99.121078,,,
Movement,20/5/2024,16:11:49,25.023565,42246.577991,-39035.993209,17386.857537,0.0,0.0,0.0,Flying,Ascending,2363,0,0,0.000001,-60.215179,99.121078,,,
Dash,20/5/2024,16:11:49,25.153998,42209.446522,-38804.718548,17461.288528,0.0,0.0,0.0,,Gliding,2335,0,0,0.000001,-60.215179,99.121078,,,
Dash,20/5/2024,16:11:49,25.336745,42143.386178,-38393.259351,17593.708222,0.0,0.0,0.0,,Gliding,2500,0,0,0.000001,-60.215179,99.121078,,,
Dash,20/5/2024,16:11:49,25.478384,42090.414933,-38063.326075,17699.890474,0.0,0.0,0.0,,Gliding,2459,0,0,0.000001,-60.215179,99.121078,,,
Movement,20/5/2024,16:11:49,25.536932,42057.42916,-37857.873017,17766.011323,0.0,0.0,0.0,Flying,Ascending,2434,0,0,0.000001,-60.215179,99.121078,,,
Dash,20/5/2024,16:11:49,25.664943,42022.012526,-37637.279254,17837.004896,0.0,0.0,0.0,,Gliding,2406,0,0,0.000001,-60.215179,99.121078,,,
Dash,20/5/2024,16:11:49,25.850489,41956.443241,-37221.945505,17970.618852,0.0,0.0,0.0,,Gliding,2356,0,0,0.000001,-60.215179,97.43428,,,
Movement,20/5/2024,16:11:50,26.030889,41900.892909,-36770.754603,18116.107243,0.0,0.0,0.0,Flying,Ascending,2301,0,0,0.000001,-60.215179,90.985931,,,
Dash,20/5/2024,16:11:50,26.055753,41900.892909,-36770.754603,18116.107243,0.0,0.0,0.0,,Gliding,2301,0,0,0.000001,-60.215179,90.985931,,,
Dash,20/5/2024,16:11:50,26.234891,41874.707956,-36343.136108,18258.005188,0.0,0.0,0.0,,Gliding,2463,0,0,0.000001,-60.215179,85.281364,,,
Dash,20/5/2024,16:11:50,26.456716,41889.782823,-35835.288516,18436.689739,0.0,0.0,0.0,,Gliding,2401,0,0,0.000001,-60.215179,78.23806,,,
Movement,20/5/2024,16:11:50,26.532155,41916.893827,-35598.995772,18525.049534,0.0,0.0,0.0,Flying,Ascending,2372,0,0,0.000001,-60.215179,75.065285,,,
Dash,20/5/2024,16:11:50,26.704607,41971.825254,-35293.99783,18644.730557,0.0,0.0,0.0,,Gliding,2334,0,0,0.000001,-60.215179,71.091454,,,
Movement,20/5/2024,16:11:51,27.030609,42179.635532,-34531.507434,18974.524431,0.0,0.0,0.0,Flying,Ascending,2444,0,0,0.000001,-60.215179,70.908302,,,
Movement,20/5/2024,16:11:51,27.526995,42518.985846,-33509.04741,19446.111716,0.0,0.0,0.0,Flying,Ascending,2309,0,0,0.000001,-60.215179,72.231438,,,
Movement,20/5/2024,16:11:52,28.031719,42837.604493,-32487.572533,20052.179504,0.0,0.0,0.0,Flying,Ascending,2378,0,0,0.000001,-60.215179,75.954163,,,
Movement,20/5/2024,16:11:52,28.546632,43084.79553,-31554.448393,20705.292035,0.0,0.0,0.0,Flying,Descending,2088,0,0,0.000001,-60.215179,79.454498,,,
Movement,20/5/2024,16:11:53,29.038161,43286.529564,-30596.699479,20987.109796,0.0,0.0,0.0,Flying,Gliding,2043,0,0,0.000001,-60.215179,80.080177,,,
Movement,20/5/2024,16:11:53,29.533344,43452.511217,-29648.600029,21172.079186,0.0,0.0,0.0,Flying,Gliding,1976,0,0,0.000001,-60.215179,81.030319,,,
Movement,20/5/2024,16:11:54,30.034929,43573.788714,-28891.038419,21436.904717,0.0,0.0,0.0,Braking,Gliding,1247,0,0,0.000001,-60.215179,70.24012,,,
Movement,20/5/2024,16:11:54,30.532624,43644.631265,-28448.654829,21591.420039,0.0,0.0,0.0,Braking,Gliding,727,0,0,0.000001,-60.215179,67.971504,,,
Movement,20/5/2024,16:11:55,31.048928,43700.617531,-28135.146625,21681.106666,0.0,0.0,0.0,Flying,Descending,663,0,0,0.000001,-60.215179,77.186607,,,
Movement,20/5/2024,16:11:55,31.526101,43766.910945,-27872.742,21492.473424,0.0,0.0,0.0,Flying,Descending,753,0,0,0.000001,-60.215179,77.200409,,,
Dash,20/5/2024,16:11:56,31.984924,43812.953396,-27661.568957,21245.84364,0.0,0.0,0.0,,Gliding,739,0,0,0.000001,-60.215179,81.224785,,,

Movement,20/5/2024,16:11:56,32.032853,43822.132024,-27606.406636,21213.532298,0.0,0.0,0.0,Flying,Ascending,737,0,0,0.000001,-60.215179,85.369209,,,
Movement,20/5/2024,16:11:56,32.5465,43738.213457,-27162.440486,21140.480197,0.0,0.0,0.0,Flying,Descending,1317,0,0,0.000001,-60.215179,122.95945,,,
Movement,20/5/2024,16:11:57,33.0221,43534.331033,-26607.667946,20968.297238,0.0,0.0,0.0,Flying,Descending,1339,0,0,0.000001,-60.215179,104.109291,,,
Dash,20/5/2024,16:11:57,33.526292,43312.779841,-26073.689735,20717.726789,0.0,0.0,0.0,,Gliding,1305,0,0,0.000001,-60.215179,144.216721,,,
Movement,20/5/2024,16:11:57,33.526292,43290.481226,-26044.159713,20701.930321,0.0,0.0,0.0,Flying,Gliding,1302,0,0,0.000001,-60.215179,147.882111,,,
Movement,20/5/2024,16:11:58,34.036413,42795.59386,-25632.426031,20442.954195,0.0,0.0,0.0,Flying,Gliding,1840,0,0,0.000001,-60.215179,149.912994,,,
Movement,20/5/2024,16:11:58,34.536301,42106.901454,-25200.890399,20167.755614,0.0,0.0,0.0,Braking,Ascending,1456,0,0,0.000001,-60.215179,147.781769,,,
Movement,20/5/2024,16:11:59,35.022025,41663.369586,-24921.489329,20012.376826,0.0,0.0,0.0,Flying,Gliding,943,0,0,0.000001,-60.215179,143.148773,,,
Movement,20/5/2024,16:11:59,35.542789,41395.560175,-24733.116467,19804.022833,0.0,0.0,0.0,Walking,Gliding,0,0,0,0.0,0.0,142.972061,,,
Movement,20/5/2024,16:12:0,36.034897,41360.173348,-24704.866698,19798.022931,0.0,0.0,0.0,Walking,Gliding,240,0,0,0.0,0.0,136.825211,,,
Movement,20/5/2024,16:12:0,36.53654,41265.167178,-24631.458041,19790.029859,0.0,0.0,0.0,Walking,Gliding,239,0,0,0.0,0.0,144.617386,,,
Movement,20/5/2024,16:12:1,37.03739,41177.432857,-24549.567727,19894.431724,0.0,0.0,0.0,Walking,Gliding,392,0,0,0.0,0.0,132.815842,,,
Dash,20/5/2024,16:12:1,37.217415,41134.938263,-24493.532429,19946.459436,0.0,0.0,0.0,,Gliding,599,0,0,0.000001,0.0,125.007896,,,
Dash,20/5/2024,16:12:1,37.378471,41079.123971,-24415.547194,19957.15674,0.0,0.0,0.0,,Gliding,599,0,0,0.000001,0.0,124.949791,,,
Movement,20/5/2024,16:12:1,37.533308,41020.215499,-24330.255013,19983.044289,0.0,0.0,0.0,Flying,Gliding,600,0,0,0.000001,0.0,120.357681,,,
Dash,20/5/2024,16:12:1,37.669888,40983.800333,-24274.219171,19995.453502,0.0,0.0,0.0,,Gliding,599,0,0,0.000001,0.0,119.586449,,,
Dash,20/5/2024,16:12:2,38.010553,40776.061333,-23928.313361,20025.957873,0.0,0.0,0.0,,Gliding,1177,0,0,0.000001,0.0,119.241707,,,
Movement,20/5/2024,16:12:2,38.037776,40745.832163,-23875.728297,20029.293278,0.0,0.0,0.0,Flying,Gliding,1174,0,0,0.000001,0.0,119.105888,,,
Movement,20/5/2024,16:12:2,38.534219,40451.03615,-23310.805558,20122.601635,0.0,0.0,0.0,Flying,Gliding,1722,0,0,0.000001,0.0,107.336647,,,
Movement,20/5/2024,16:12:3,39.025742,40174.753825,-22549.479667,20276.724517,0.0,0.0,0.0,Flying,Gliding,1640,0,0,0.000001,0.0,107.336647,,,
Movement,20/5/2024,16:12:3,39.530592,39868.734078,-21606.063099,20458.939993,0.0,0.0,0.0,Flying,Descending,2091,0,0,0.000001,0.0,108.988541,,,
Movement,20/5/2024,16:12:4,40.039955,39536.815209,-20618.365044,20545.99482,0.0,0.0,0.0,Flying,Gliding,1990,0,0,0.000001,-0.0,109.109383,,,
Movement,20/5/2024,16:12:4,40.534179,39193.721297,-19733.952225,20577.157176,0.0,0.0,0.0,Flying,Gliding,1889,0,0,0.000001,0.0,125.14817,,,
Movement,20/5/2024,16:12:5,41.026306,38828.337347,-18906.52401,20614.81622,0.0,0.0,0.0,Flying,Ascending,1793,0,0,0.000001,0.0,72.817352,,,
Dash,20/5/2024,16:12:5,41.541053,38966.096582,-18109.826453,20799.992882,0.0,0.0,0.0,,Gliding,1709,0,0,0.000001,0.0,20.374624,,,
Movement,20/5/2024,16:12:5,41.541053,38987.441134,-18081.034284,20809.652326,0.0,0.0,0.0,Flying,Gliding,1708,0,0,0.000001,0.0,19.451338,,,

Movement,20/5/2024,16:12:6,42.029481,39667.513411,-17563.85334,20841.300059,0.0,0.0,0.0,Flying,Gliding,2291,0,0,0.000001,0.0,41.197666,,,
Dash,20/5/2024,16:12:6,42.175708,39894.421657,-17414.389008,20791.557281,0.0,0.0,0.0,,Gliding,2260,0,0,0.000001,0.0,32.460045,,,
Dash,20/5/2024,16:12:6,42.540059,40574.147899,-16990.875417,20726.539786,0.0,0.0,0.0,,Gliding,2169,0,0,0.000001,0.0,23.278503,,,
Movement,20/5/2024,16:12:6,42.540059,40626.78139,-16961.786577,20729.892398,0.0,0.0,0.0,Flying,Gliding,2162,0,0,0.000001,0.0,23.278503,,,
Movement,20/5/2024,16:12:7,43.039853,41670.914751,-16460.020182,20867.63076,0.0,0.0,0.0,Flying,Gliding,2417,0,0,0.000001,0.0,22.949827,,,
Movement,20/5/2024,16:12:7,43.526308,42755.935616,-16056.866053,20856.772609,0.0,0.0,0.0,Flying,Gliding,2883,0,0,0.000001,0.0,8.371422,,,
Movement,20/5/2024,16:12:8,44.031583,43965.772925,-15931.966129,20818.507693,0.0,0.0,0.0,Flying,Ascending,2357,0,0,0.000001,0.0,-22.340515,,,
Movement,20/5/2024,16:12:8,44.523735,44989.743915,-16326.400144,20910.228587,0.0,0.0,0.0,Flying,Ascending,2226,0,0,0.000001,0.0,-78.068665,,,
Dash,20/5/2024,16:12:8,44.591647,45061.909164,-16393.291608,20932.807302,0.0,0.0,0.0,,Gliding,2214,0,0,0.000001,0.0,-83.286682,,,
Movement,20/5/2024,16:12:9,45.034478,45391.920209,-17247.513192,21249.313094,0.0,0.0,0.0,Flying,Descending,2088,0,0,0.000001,0.0,-133.43576,,,
Dash,20/5/2024,16:12:9,45.513843,44938.059564,-18067.943116,21365.921445,0.0,0.0,0.0,,Gliding,2068,0,0,0.000001,0.0,-150.159912,,,
Movement,20/5/2024,16:12:9,45.540199,44857.31659,-18141.668241,21363.989826,0.0,0.0,0.0,Flying,Descending,2064,0,0,0.000001,0.0,-150.159912,,,
Movement,20/5/2024,16:12:10,46.027759,44074.32608,-18790.947911,21295.636892,0.0,0.0,0.0,Flying,Gliding,2486,0,0,0.000001,0.0,-104.364288,,,
Dash,20/5/2024,16:12:10,46.518286,43613.60961,-19791.351224,21190.14579,0.0,0.0,0.0,,Gliding,2350,0,0,0.000001,0.0,-54.930389,,,
Movement,20/5/2024,16:12:10,46.539824,43612.670313,-19892.821172,21180.217645,0.0,0.0,0.0,Flying,Gliding,2338,0,0,0.000001,0.0,-54.930389,,,
Movement,20/5/2024,16:12:11,47.043789,43971.950525,-21005.128127,21068.738354,0.0,0.0,0.0,Flying,Gliding,2478,0,0,0.000001,0.0,-72.332458,,,
Movement,20/5/2024,16:12:11,47.534835,44406.904659,-22090.745237,20993.541536,0.0,0.0,0.0,Flying,Gliding,2343,0,0,0.000001,0.0,-72.332458,,,
Movement,20/5/2024,16:12:12,48.025755,44759.784255,-23151.889131,20941.540964,0.0,0.0,0.0,Flying,Gliding,2217,0,0,0.000001,0.0,-72.332458,,,
Movement,20/5/2024,16:12:12,48.529384,45089.371621,-24182.071787,20894.387181,0.0,0.0,0.0,Flying,Gliding,2097,0,0,0.000001,0.0,-72.332458,,,
Movement,20/5/2024,16:12:13,49.036114,45402.570744,-25165.145125,20849.711967,0.0,0.0,0.0,Flying,Gliding,1985,0,0,0.000001,0.0,-72.331505,,,
Dash,20/5/2024,16:12:13,49.301897,45548.229801,-25622.401626,20835.842757,0.0,0.0,0.0,,Gliding,1933,0,0,0.000001,0.0,-72.314667,,,
Movement,20/5/2024,16:12:13,49.5412,45698.227416,-26092.600945,20898.871684,0.0,0.0,0.0,Flying,Ascending,1880,0,0,0.000001,0.0,-72.195251,,,
Movement,20/5/2024,16:12:14,50.022439,45996.602404,-27025.33191,21276.444828,0.0,0.0,0.0,Flying,Gliding,2361,0,0,0.000001,0.0,-72.520691,,,
Dash,20/5/2024,16:12:14,50.209692,46106.810897,-27371.636483,21408.858931,0.0,0.0,0.0,,Gliding,2317,0,0,0.000001,0.0,-72.520691,,,
Movement,20/5/2024,16:12:14,50.533839,46334.136393,-28090.171822,21626.129316,0.0,0.0,0.0,Flying,Gliding,2229,0,0,0.000001,0.0,-72.534729,,,
Movement,20/5/2024,16:12:15,51.020852,46639.66539,-29072.456978,21820.796143,0.0,0.0,0.0,Flying,Descending,2080,0,0,0.000001,-0.0,-74.855164,,,
Movement,20/5/2024,16:12:15,51.540819,46806.871824,-30114.677462,21800.659941,0.0,0.0,0.0,Flying,Ascending,1990,0,0,0.000001,0.0,-128.332916,,,
Dash,20/5/2024,16:12:16,51.960098,46490.795808,-30794.201838,21871.024643,0.0,0.0,0.0,,Gliding,1903,0,0,0.000001,0.0,-173.439896,,,

Movement,20/5/2024,16:12:16,52.025943,46360.33481,-30901.850271,21910.124532,0.0,0.0,0.0,Flying,Gliding,1883,0,0,0.000001,0.0,177.831726,,,
Movement,20/5/2024,16:12:16,52.5446,45413.272879,-31155.969622,22051.935215,0.0,0.0,0.0,Flying,Descending,2093,0,0,0.000001,0.0,-175.973648,,,
Dash,20/5/2024,16:12:16,52.743901,45058.297209,-31182.878179,21988.327779,0.0,0.0,0.0,,Gliding,2077,0,0,0.000001,0.0,171.792084,,,
Movement,20/5/2024,16:12:17,53.024591,44455.467815,-31151.096519,21829.848514,0.0,0.0,0.0,Flying,Ascending,2008,0,0,0.000001,0.0,139.764465,,,
Movement,20/5/2024,16:12:17,53.532114,43501.390915,-30518.284834,21801.519016,0.0,0.0,0.0,Flying,Gliding,2400,0,0,0.000001,0.0,83.83506,,,
Dash,20/5/2024,16:12:17,53.838006,43241.318903,-29915.610273,21864.496159,0.0,0.0,0.0,,Gliding,2322,0,0,0.000001,0.0,103.738037,,,
Movement,20/5/2024,16:12:18,54.027261,43127.372132,-29438.776917,21903.57442,0.0,0.0,0.0,Flying,Gliding,2266,0,0,0.000001,0.0,111.968544,,,
Movement,20/5/2024,16:12:18,54.532001,42829.857344,-28387.959767,21912.329704,0.0,0.0,0.0,Flying,Gliding,2076,0,0,0.000001,0.0,106.104874,,,
Movement,20/5/2024,16:12:19,55.040871,42532.303718,-27413.332296,21880.003586,0.0,0.0,0.0,Flying,Ascending,1963,0,0,0.000001,0.0,110.26149,,,
Dash,20/5/2024,16:12:19,55.222101,42443.410118,-27143.791411,21985.747077,0.0,0.0,0.0,,Gliding,1929,0,0,0.000001,0.0,110.656662,,,
Movement,20/5/2024,16:12:19,55.540779,42286.083562,-26694.26371,22410.453503,0.0,0.0,0.0,Flying,Ascending,1859,0,0,0.000001,0.0,108.284012,,,
Movement,20/5/2024,16:12:20,56.034493,42056.972275,-25993.268071,23159.207666,0.0,0.0,0.0,Flying,Descending,2082,0,0,0.000001,0.0,103.999817,,,
Dash,20/5/2024,16:12:20,56.223122,41974.638292,-25701.77583,23297.522023,0.0,0.0,0.0,,Gliding,2072,0,0,0.000001,0.0,103.97438,,,
Movement,20/5/2024,16:12:20,56.540065,41810.438663,-25056.61031,23480.000334,0.0,0.0,0.0,Flying,Gliding,2001,0,0,0.000001,0.0,100.980042,,,
Movement,20/5/2024,16:12:21,57.032136,41571.85013,-24044.399862,23880.152203,0.0,0.0,0.0,Flying,Descending,2093,0,0,0.000001,0.0,127.049484,,,
Movement,20/5/2024,16:12:21,57.539693,41052.7282,-23147.123315,24063.00356,0.0,0.0,0.0,Flying,Gliding,2055,0,0,0.000001,0.0,136.202774,,,
Movement,20/5/2024,16:12:22,58.031067,40372.483916,-22444.745151,24062.675129,0.0,0.0,0.0,Flying,Gliding,1950,0,0,0.000001,0.0,153.586685,,,
Dash,20/5/2024,16:12:22,58.080751,40335.731227,-22412.977108,24064.321247,0.0,0.0,0.0,,Gliding,1948,0,0,0.000001,0.0,155.155212,,,
Movement,20/5/2024,16:12:22,58.526922,39567.060919,-21917.057657,23952.445438,0.0,0.0,0.0,Flying,Descending,2523,0,0,0.000001,0.0,150.486938,,,
Dash,20/5/2024,16:12:22,58.897975,39066.060379,-21629.915214,23531.306103,0.0,0.0,0.0,,Gliding,2058,0,0,0.000001,0.0,128.852463,,,
Movement,20/5/2024,16:12:23,59.03773,38868.33216,-21471.188969,23300.241083,0.0,0.0,0.0,Flying,Gliding,2020,0,0,0.000001,0.0,128.965225,,,
Movement,20/5/2024,16:12:23,59.535315,38343.400963,-20923.779738,22621.948218,0.0,0.0,0.0,Flying,Gliding,2073,0,0,0.000001,0.0,134.208313,,,
Movement,20/5/2024,16:12:24,60.023259,37852.500624,-20409.254645,21949.899131,0.0,0.0,0.0,Flying,Ascending,1965,0,0,0.000001,0.0,136.780579,,,
Movement,20/5/2024,16:12:24,60.539247,37183.979537,-19799.616412,21547.74585,0.0,0.0,0.0,Flying,Gliding,1860,0,0,0.000001,0.0,155.812103,,,
Movement,20/5/2024,16:12:25,61.040762,36463.145133,-19331.129014,21284.165426,0.0,0.0,0.0,Flying,Ascending,1766,0,0,0.000001,0.0,121.858414,,,
Dash,20/5/2024,16:12:25,61.248154,36225.290552,-19123.849538,21246.159935,0.0,0.0,0.0,,Gliding,1733,0,0,0.000001,0.0,121.858414,,,
Movement,20/5/2024,16:12:25,61.535555,35883.09403,-18704.524517,21263.780686,0.0,0.0,0.0,Flying,Descending,1683,0,0,0.000001,0.0,116.053841,,,

Movement,20/5/2024,16:12:26,62.043185,35510.330516,-17823.085265,21068.210727,0.0,0.0,0.0,Flying,Gliding,2043,0,0,0.000001,0.0,62.455841,,,
Dash,20/5/2024,16:12:26,62.336283,35555.487518,-17332.525774,20869.347585,0.0,0.0,0.0,,Gliding,1982,0,0,0.000001,0.0,32.755081,,,
Movement,20/5/2024,16:12:26,62.545007,35782.102236,-16967.12431,20733.457626,0.0,0.0,0.0,Flying,Ascending,1929,0,0,0.000001,0.0,5.745857,,,
Movement,20/5/2024,16:12:27,63.044243,36785.317224,-16679.639459,20684.94097,0.0,0.0,0.0,Flying,Gliding,2372,0,0,0.000001,0.0,-50.935913,,,
Dash,20/5/2024,16:12:27,63.512697,37659.596613,-17059.659158,20739.784189,0.0,0.0,0.0,,Gliding,2055,0,0,0.000001,-0.0,-15.009338,,,
Movement,20/5/2024,16:12:27,63.537336,37740.753148,-17108.874554,20735.511997,0.0,0.0,0.0,Flying,Gliding,2045,0,0,0.000001,0.0,-9.504852,,,
Movement,20/5/2024,16:12:28,64.040873,38748.990389,-17383.842273,20728.255723,0.0,0.0,0.0,Flying,Ascending,2477,0,0,0.000001,0.0,16.775764,,,
Dash,20/5/2024,16:12:28,64.450031,39650.989582,-17258.917672,20891.799677,0.0,0.0,0.0,,Gliding,2368,0,0,0.000001,0.0,22.744299,,,
Movement,20/5/2024,16:12:28,64.549773,39929.186413,-17178.926259,20924.551462,0.0,0.0,0.0,Flying,Gliding,2335,0,0,0.000001,0.0,22.744299,,,
Movement,20/5/2024,16:12:29,65.034099,41006.328133,-16777.829217,20935.343259,0.0,0.0,0.0,Flying,Gliding,2459,0,0,0.000001,0.0,23.472536,,,
Movement,20/5/2024,16:12:29,65.528446,42037.216094,-16222.855136,20881.986271,0.0,0.0,0.0,Flying,Gliding,2322,0,0,0.000001,0.0,54.832874,,,
Dash,20/5/2024,16:12:29,65.757227,42380.050633,-15902.771178,20857.974497,0.0,0.0,0.0,,Gliding,2269,0,0,0.000001,0.0,54.832874,,,
Movement,20/5/2024,16:12:30,66.025308,42808.104436,-15393.279505,20823.747116,0.0,0.0,0.0,Flying,Gliding,2194,0,0,0.000001,0.0,54.832874,,,
Movement,20/5/2024,16:12:30,66.521164,43544.366858,-14488.503104,20769.868799,0.0,0.0,0.0,Flying,Ascending,2410,0,0,0.000001,0.0,14.40492,,,
Movement,20/5/2024,16:12:31,67.028586,44597.343599,-14040.207198,20816.552899,0.0,0.0,0.0,Flying,Ascending,2269,0,0,0.000001,0.0,-43.529022,,,
Movement,20/5/2024,16:12:31,67.528221,45498.853022,-14552.904835,21010.272426,0.0,0.0,0.0,Flying,Gliding,2137,0,0,0.000001,-0.0,-96.512024,,,
Movement,20/5/2024,16:12:32,68.032667,45629.790685,-15566.273618,21128.763588,0.0,0.0,0.0,Flying,Descending,2063,0,0,0.000001,0.0,-111.314056,,,
Movement,20/5/2024,16:12:32,68.539034,45332.804135,-16543.523467,21060.603314,0.0,0.0,0.0,Flying,Gliding,1959,0,0,0.000001,0.0,-111.314056,,,
Dash,20/5/2024,16:12:32,68.592192,45315.566904,-16590.172507,21055.957483,0.0,0.0,0.0,,Gliding,1954,0,0,0.000001,0.0,-111.314056,,,
Movement,20/5/2024,16:12:33,69.038462,44982.32535,-17441.994391,20969.670903,0.0,0.0,0.0,Flying,Ascending,2454,0,0,0.000001,0.0,-123.933167,,,
Movement,20/5/2024,16:12:33,69.542085,44424.510088,-18473.245688,21077.083066,0.0,0.0,0.0,Flying,Gliding,2317,0,0,0.000001,0.0,-110.358963,,,
Movement,20/5/2024,16:12:34,70.025117,44069.576314,-19422.889963,21292.306591,0.0,0.0,0.0,Flying,Descending,2078,0,0,0.000001,0.0,-73.413239,,,
Dash,20/5/2024,16:12:34,70.137962,44065.379577,-19610.639695,21308.19754,0.0,0.0,0.0,,Gliding,2072,0,0,0.000001,0.0,-73.413239,,,
Movement,20/5/2024,16:12:34,70.540465,44171.663964,-20479.525492,21299.739797,0.0,0.0,0.0,Flying,Descending,2049,0,0,0.000001,0.0,-83.199829,,,
Movement,20/5/2024,16:12:35,71.034811,44353.642294,-21487.296157,21161.080236,0.0,0.0,0.0,Flying,Gliding,2024,0,0,0.000001,0.0,-45.202972,,,
Dash,20/5/2024,16:12:35,71.512813,44862.873236,-22189.309307,21017.390829,0.0,0.0,0.0,,Gliding,1924,0,0,0.000001,0.0,-13.51825,,,
Movement,20/5/2024,16:12:35,71.533666,44931.193374,-22233.813537,21004.202778,0.0,0.0,0.0,Flying,Gliding,1915,0,0,0.000001,0.0,-14.396698,,,

Movement,20/5/2024,16:12:36,72.024873,45776.361476,-22671.735949,20968.602759,0.0,0.0,0.0,Flying,Ascending,2401,0,0,0.000001,-0.0,-54.196289,,,
Movement,20/5/2024,16:12:36,72.542882,46485.101587,-23384.318592,21571.760343,0.0,0.0,0.0,Flying,Ascending,2257,0,0,0.000001,0.0,-106.100555,,,
Movement,20/5/2024,16:12:37,73.041416,46431.521489,-24067.836658,22360.398038,0.0,0.0,0.0,Flying,Descending,2078,0,0,0.000001,0.0,-159.640137,,,
Dash,20/5/2024,16:12:37,73.092782,46405.958924,-24105.218413,22396.337522,0.0,0.0,0.0,,Gliding,2076,0,0,0.000001,0.0,-162.317383,,,
Movement,20/5/2024,16:12:37,73.529789,45760.00829,-24484.295559,22911.387755,0.0,0.0,0.0,Flying,Gliding,1970,0,0,0.000001,0.0,145.112289,,,
Movement,20/5/2024,16:12:38,74.023755,44881.021697,-24213.700575,23424.520604,0.0,0.0,0.0,Flying,Descending,2076,0,0,0.000001,0.0,163.562088,,,
Dash,20/5/2024,16:12:38,74.361154,44297.286046,-23962.046252,23480.44271,0.0,0.0,0.0,,Gliding,2062,0,0,0.000001,0.0,175.0746,,,
Movement,20/5/2024,16:12:38,74.538312,43893.881305,-23858.086859,23431.301232,0.0,0.0,0.0,Flying,Descending,2052,0,0,0.000001,0.0,175.271027,,,
Movement,20/5/2024,16:12:39,75.043226,42786.622236,-23775.312223,23221.420533,0.0,0.0,0.0,Flying,Gliding,2436,0,0,0.000001,0.0,-171.687012,,,
Movement,20/5/2024,16:12:39,75.533183,41674.172953,-23872.677305,23095.132843,0.0,0.0,0.0,Flying,Descending,2091,0,0,0.000001,0.0,-172.054321,,,
Dash,20/5/2024,16:12:39,75.876851,41026.528824,-23959.041815,22985.548486,0.0,0.0,0.0,,Gliding,2034,0,0,0.000001,0.0,-171.796417,,,
Movement,20/5/2024,16:12:40,76.023845,40688.164049,-24006.325066,22941.802601,0.0,0.0,0.0,Flying,Gliding,1997,0,0,0.000001,0.0,-171.796417,,,
Movement,20/5/2024,16:12:40,76.526458,39590.639239,-24160.923818,22922.387001,0.0,0.0,0.0,Flying,Descending,2096,0,0,0.000001,0.0,-176.780975,,,
Movement,20/5/2024,16:12:41,77.021554,38617.927224,-24198.323429,22697.636465,0.0,0.0,0.0,Flying,Gliding,2053,0,0,0.000001,0.0,142.078476,,,
Movement,20/5/2024,16:12:41,77.527813,37819.517915,-23804.22689,22247.849326,0.0,0.0,0.0,Flying,Ascending,1942,0,0,0.000001,0.0,121.48259,,,
Movement,20/5/2024,16:12:42,78.041658,37283.198654,-23056.616044,21966.638302,0.0,0.0,0.0,Flying,Ascending,1838,0,0,0.000001,0.0,110.453934,,,
Movement,20/5/2024,16:12:42,78.525212,36951.394834,-22271.311746,21841.166088,0.0,0.0,0.0,Flying,Gliding,1749,0,0,0.000001,0.0,110.453934,,,
Movement,20/5/2024,16:12:43,79.047255,36640.444518,-21448.707247,21734.511711,0.0,0.0,0.0,Flying,Gliding,1660,0,0,0.000001,0.0,110.453934,,,
Movement,20/5/2024,16:12:43,79.526054,36371.715517,-20728.092574,21643.33003,0.0,0.0,0.0,Flying,Gliding,1585,0,0,0.000001,0.0,105.66082,,,
Movement,20/5/2024,16:12:44,80.036572,36237.428201,-19957.904833,21580.632673,0.0,0.0,0.0,Flying,Ascending,1508,0,0,0.000001,0.0,66.407814,,,
Movement,20/5/2024,16:12:44,80.520553,36379.764912,-19278.440668,21543.152925,0.0,0.0,0.0,Flying,Descending,1420,0,0,0.000001,0.0,76.699272,,,
Movement,20/5/2024,16:12:45,81.023016,36621.241809,-18685.228796,21413.782356,0.0,0.0,0.0,Flying,Ascending,1196,0,0,0.000001,0.0,24.039505,,,
Movement,20/5/2024,16:12:45,81.532851,37063.652542,-18365.74053,21455.904557,0.0,0.0,0.0,Flying,Gliding,1009,0,0,0.000001,0.0,16.510204,,,

Movement,20/5/2024,16:12:46,82.024074,37491.769052,-18209.609312,21425.000665,0.0,0.0,0.0,Flying,Gliding,866,0,0,0.000001,0.0,12.008606,,,
Dash,20/5/2024,16:12:46,82.093367,37527.583588,-18199.372579,21419.194764,0.0,0.0,0.0,,Gliding,849,0,0,-0.0,0.0,15.452719,,,
Movement,20/5/2024,16:12:46,82.52632,37871.718131,-18094.614318,21367.421227,0.0,0.0,0.0,Flying,Gliding,749,0,0,0.0,0.0,23.179317,,,
Movement,20/5/2024,16:12:47,83.033653,38432.470065,-17776.728071,21286.872458,0.0,0.0,0.0,Flying,Gliding,1196,0,0,0.0,0.0,41.632839,,,
Movement,20/5/2024,16:12:47,83.544803,38803.504506,-17366.401105,21217.775294,0.0,0.0,0.0,Flying,Gliding,1009,0,0,-0.0,0.0,60.356907,,,
Movement,20/5/2024,16:12:48,84.026615,38980.637858,-16959.216588,21162.362548,0.0,0.0,0.0,Flying,Gliding,868,0,0,0.0,0.0,77.676918,,,
Hit,20/5/2024,16:12:48,84.290724,39021.316244,-16749.933325,21135.274358,0.0,0.0,0.0,Collision,Gliding,0,0,0,0.0,0.0,87.384048,,,
Movement,20/5/2024,16:12:48,84.5222,39125.971969,-16905.87946,21132.778179,0.0,0.0,0.0,Collision,Gliding,775,0,0,-0.0,0.0,37.321304,,,
Movement,20/5/2024,16:12:49,85.037003,39324.013802,-17200.97902,21128.054531,0.0,0.0,0.0,Collision,Gliding,619,0,0,-0.0,0.0,12.002841,,,
Movement,20/5/2024,16:12:49,85.538199,39476.54377,-17428.261944,21124.416312,0.0,0.0,0.0,Collision,Gliding,477,0,0,-0.0,0.0,12.002841,,,
Dash,20/5/2024,16:12:49,85.808503,39537.189427,-17518.629249,21122.969721,0.0,0.0,0.0,,Gliding,411,0,0,-0.0,0.0,12.002841,,,
Movement,20/5/2024,16:12:50,86.034715,39675.339652,-17499.029167,21125.389126,0.0,0.0,0.0,Flying,Gliding,600,0,0,-0.0,0.0,12.006979,,,
Movement,20/5/2024,16:12:50,86.536353,40110.595576,-17316.314122,21142.717756,0.0,0.0,0.0,Flying,Gliding,1172,0,0,-0.0,0.0,43.666218,,,
Movement,20/5/2024,16:12:51,87.037582,40584.162727,-16956.368253,21093.374298,0.0,0.0,0.0,Flying,Gliding,1192,0,0,-0.0,0.0,31.881937,,,
Dash,20/5/2024,16:12:51,87.139264,40656.203592,-16906.996735,21078.632632,0.0,0.0,0.0,,Gliding,1185,0,0,-0.0,0.0,26.193169,,,
Movement,20/5/2024,16:12:51,87.520884,41060.513719,-16671.325807,21027.107698,0.0,0.0,0.0,Flying,Gliding,1149,0,0,-0.0,0.0,26.189344,,,
Movement,20/5/2024,16:12:52,88.028461,41814.72969,-16292.781986,20965.959776,0.0,0.0,0.0,Flying,Gliding,1665,0,0,-0.0,0.0,26.173576,,,
Sing,20/5/2024,16:12:52,88.466759,42418.445589,-16003.124146,20921.563365,0.0,0.0,0.0,Flying,,0,0,0,-0.0,0.0,24.774073,,,DA_Note_SOL
Movement,20/5/2024,16:12:52,88.719156,42849.38322,-15802.02693,20891.399145,0.0,0.0,0.0,Flying,Gliding,1552,0,0,-0.0,0.0,24.774073,,,
Movement,20/5/2024,16:12:53,89.050436,43311.66302,-15587.198218,20859.250885,0.0,0.0,0.0,Flying,Gliding,1503,0,0,-0.0,0.0,24.774073,,,
Movement,20/5/2024,16:12:53,89.538754,43916.643954,-15307.431641,20817.501802,0.0,0.0,0.0,Flying,Gliding,1442,0,0,-0.0,0.0,24.774073,,,
Movement,20/5/2024,16:12:54,90.046034,44548.979104,-15048.107585,20775.067983,0.0,0.0,0.0,Flying,Gliding,1251,0,0,-0.0,0.0,-6.680664,,,
Sing,20/5/2024,16:12:54,90.252868,44768.655699,-15029.708171,20766.566954,0.0,0.0,0.0,Flying,,0,0,0,-0.0,0.0,-11.940521,,,DA_Note_SOL
Movement,20/5/2024,16:12:54,90.523442,45125.927169,-15066.821885,20764.354714,0.0,0.0,0.0,Flying,Gliding,1198,0,0,-0.0,0.0,-11.940521,,,
Sing,20/5/2024,16:12:55,90.96517,45582.349371,-15150.476687,20767.04201,0.0,0.0,0.0,Flying,,0,0,0,-0.0,0.0,-11.940521,,,DA_Note_FA
Movement,20/5/2024,16:12:55,91.023855,45665.58,-15167.44747,20767.79173,0.0,0.0,0.0,Flying,Gliding,1014,0,0,-0.0,0.0,-11.940521,,,
Movement,20/5/2024,16:12:55,91.527735,46125.477329,-15263.647945,20772.301195,0.0,0.0,0.0,Flying,Gliding,867,0,0,-0.0,0.0,-11.940521,,,
Sing,20/5/2024,16:12:55,91.853197,46370.068484,-15315.335303,20774.778708,0.0,0.0,0.0,Flying,,0,0,0,-0.0,0.0,-11.940521,,,DA_Note_MI

Movement,20/5/2024,16:12:56,92.02892,46521.636597,-15347.387216,20776.317344,0.0,0.0,0.0,Flying,Gliding,750,0,0,-0.0,0.0,-11.940521,,,
Movement,20/5/2024,16:12:56,92.530779,46865.906919,-15420.190737,20779.812355,0.0,0.0,0.0,Flying,Gliding,656,0,0,-0.0,0.0,-11.940521,,,
Sing,20/5/2024,16:12:56,92.662214,46931.842346,-15434.134237,20780.481728,0.0,0.0,0.0,Flying,,0,0,0,-0.0,0.0,-11.940521,,,DA_Note_DO
Movement,20/5/2024,16:12:57,93.039722,47170.951547,-15484.699147,20782.909153,0.0,0.0,0.0,Flying,Gliding,581,0,0,-0.0,0.0,-11.940521,,,
Movement,20/5/2024,16:12:57,93.521738,47451.076718,-15522.181569,20785.609295,0.0,0.0,0.0,Flying,Gliding,599,0,0,-0.0,0.0,21.826597,,,
Movement,20/5/2024,16:12:58,94.026173,47710.490728,-15380.599556,20792.199796,0.0,0.0,0.0,Flying,Gliding,599,0,0,-0.0,0.0,79.176773,,,
Movement,20/5/2024,16:12:58,94.542726,47744.269903,-15089.707849,20810.227346,0.0,0.0,0.0,Flying,Gliding,599,0,0,-0.0,0.0,137.901825,,,
Dash,20/5/2024,16:12:59,94.997953,47562.726215,-14918.856021,20836.234759,0.0,0.0,0.0,,Gliding,599,0,0,-0.0,0.0,-172.904251,,,
Movement,20/5/2024,16:12:59,95.022292,47536.472791,-14911.629138,20839.608335,0.0,0.0,0.0,Flying,Ascending,599,0,0,-0.0,0.0,-167.578094,,,
Movement,20/5/2024,16:12:59,95.542343,47168.015522,-14976.6682,20894.654354,0.0,0.0,0.0,Flying,Gliding,1188,0,0,-0.0,0.0,-176.791412,,,
Dash,20/5/2024,16:12:59,95.681027,47034.89652,-15006.343549,20913.877481,0.0,0.0,0.0,,Gliding,1178,0,0,-0.0,0.0,-177.083817,,,
Movement,20/5/2024,16:13:0,96.029532,46612.754232,-15076.098239,20966.807587,0.0,0.0,0.0,Flying,Descending,1155,0,0,-0.0,0.0,-151.481689,,,
Dash,20/5/2024,16:13:0,96.445927,46094.031402,-15360.271696,20946.444215,0.0,0.0,0.0,,Gliding,1767,0,0,-0.0,0.0,-135.265625,,,
Movement,20/5/2024,16:13:0,96.53903,45938.113829,-15488.685718,20920.110292,0.0,0.0,0.0,Flying,Descending,1766,0,0,-0.0,0.0,-135.265625,,,
Movement,20/5/2024,16:13:1,97.033494,45372.46603,-16181.805419,20771.788807,0.0,0.0,0.0,Flying,Descending,2095,0,0,-0.0,0.0,-112.207794,,,
Movement,20/5/2024,16:13:1,97.525263,44923.113743,-17077.627289,20592.599712,0.0,0.0,0.0,Flying,Gliding,2024,0,0,-0.0,0.0,-113.311966,,,
Movement,20/5/2024,16:13:2,98.041599,44516.951949,-18014.629762,20561.177066,0.0,0.0,0.0,Flying,Gliding,1914,0,0,-0.0,0.0,-113.311966,,,
Movement,20/5/2024,16:13:2,98.53978,44157.013066,-18860.933273,20606.875637,0.0,0.0,0.0,Flying,Gliding,1818,0,0,-0.0,0.0,-106.374603,,,
Movement,20/5/2024,16:13:3,99.037417,43915.012982,-19700.101908,20660.820549,0.0,0.0,0.0,Flying,Gliding,1728,0,0,-0.0,0.0,-71.413574,,,
Movement,20/5/2024,16:13:3,99.535703,44104.521074,-20517.506977,20621.424146,0.0,0.0,0.0,Flying,Descending,1719,0,0,-0.0,0.0,-46.979462,,,
Movement,20/5/2024,16:13:4,100.041085,44477.563635,-21144.977506,20174.622538,0.0,0.0,0.0,Flying,Ascending,1693,0,0,-0.0,0.0,-91.199188,,,
Movement,20/5/2024,16:13:4,100.542495,44580.719316,-21884.633147,19851.849728,0.0,0.0,0.0,Flying,Ascending,1633,0,0,-0.0,0.0,-88.693146,,,
Movement,20/5/2024,16:13:5,101.034204,44610.226336,-22661.230118,19978.684795,0.0,0.0,0.0,Flying,Ascending,1596,0,0,-0.0,0.0,-87.458679,,,
Movement,20/5/2024,16:13:5,101.523334,44642.702998,-23423.733488,20023.725265,0.0,0.0,0.0,Flying,Ascending,1535,0,0,-0.0,0.0,-87.458679,,,

Movement,20/5/2024,16:13:6,102.040447,44644.775262,-24195.640922,19990.619859,0.0,0.0,0.0,Flying,Ascending,1408,0,0,-0.0,0.0,-122.658325,,,
Movement,20/5/2024,16:13:6,102.521501,44340.79773,-24721.855063,20010.931877,0.0,0.0,0.0,Flying,Ascending,1187,0,0,-0.0,0.0,-177.536682,,,
Movement,20/5/2024,16:13:7,103.039409,43812.369338,-24789.212729,20081.894665,0.0,0.0,0.0,Flying,Ascending,998,0,0,-0.0,0.0,147.361832,,,
Dash,20/5/2024,16:13:7,103.316965,43592.218288,-24693.182274,20124.541425,0.0,0.0,0.0,,Gliding,915,0,0,-0.0,0.0,155.776215,,,
Movement,20/5/2024,16:13:7,103.528687,43409.284262,-24606.16068,20162.396048,0.0,0.0,0.0,Flying,Gliding,857,0,0,-0.0,0.0,161.823425,,,
Movement,20/5/2024,16:13:8,104.041886,42869.846966,-24406.788632,20273.010109,0.0,0.0,0.0,Flying,Gliding,1336,0,0,-0.0,0.0,160.301514,,,
Movement,20/5/2024,16:13:8,104.541762,42293.663101,-24210.020085,20377.790127,0.0,0.0,0.0,Flying,Descending,1196,0,0,-0.0,0.0,168.098022,,,
Movement,20/5/2024,16:13:9,105.036296,41713.527631,-24069.216154,20309.415789,0.0,0.0,0.0,Flying,Gliding,1197,0,0,-0.0,0.0,178.117233,,,
Dash,20/5/2024,16:13:9,105.472125,41264.206971,-24055.468161,20252.565285,0.0,0.0,0.0,,Gliding,1060,0,0,-0.0,0.0,-164.066467,,,
Movement,20/5/2024,16:13:9,105.536333,41173.882253,-24073.149764,20259.780936,0.0,0.0,0.0,Flying,Gliding,1053,0,0,-0.0,0.0,-164.125961,,,
Movement,20/5/2024,16:13:10,106.025799,40603.994634,-24196.822312,20196.429202,0.0,0.0,0.0,Flying,Descending,1669,0,0,-0.0,0.0,-171.736145,,,
Dash,20/5/2024,16:13:10,106.399334,40094.850571,-24281.314213,19919.802347,0.0,0.0,0.0,,Gliding,1680,0,0,-0.0,0.0,-171.317535,,,
Movement,20/5/2024,16:13:10,106.527845,39867.782288,-24316.293698,19801.699336,0.0,0.0,0.0,Flying,Descending,1693,0,0,-0.0,0.0,-171.428482,,,
Movement,20/5/2024,16:13:11,107.046804,38908.041857,-24390.378925,19640.034075,0.0,0.0,0.0,Flying,Descending,2095,0,0,-0.0,0.0,170.452301,,,
Movement,20/5/2024,16:13:11,107.542032,38034.467285,-24290.829765,19126.647295,0.0,0.0,0.0,Flying,Descending,2079,0,0,-0.0,0.0,160.327209,,,
Movement,20/5/2024,16:13:12,108.043506,37252.116602,-23842.927235,18702.096394,0.0,0.0,0.0,Flying,Ascending,1971,0,0,-0.0,0.0,105.51236,,,
Movement,20/5/2024,16:13:12,108.542021,36816.989102,-23002.740202,18645.682707,0.0,0.0,0.0,Flying,Ascending,1870,0,0,-0.0,0.0,103.678658,,,
Movement,20/5/2024,16:13:13,109.029686,36603.304199,-22142.190882,18695.657508,0.0,0.0,0.0,Flying,Gliding,1777,0,0,-0.0,0.0,69.117088,,,
Movement,20/5/2024,16:13:13,109.5409,36705.667864,-21266.809743,18701.960248,0.0,0.0,0.0,Flying,Descending,1736,0,0,-0.0,0.0,89.328224,,,
Dash,20/5/2024,16:13:13,109.844957,36716.924536,-20832.454018,18494.258004,0.0,0.0,0.0,,Gliding,1738,0,0,-0.0,0.0,119.285515,,,
Movement,20/5/2024,16:13:14,110.027132,36623.973166,-20546.27433,18300.539719,0.0,0.0,0.0,Flying,Ascending,1706,0,0,-0.0,0.0,131.485672,,,
Movement,20/5/2024,16:13:14,110.545551,36221.240838,-19651.652002,18087.54655,0.0,0.0,0.0,Flying,Gliding,2196,0,0,-0.0,0.0,90.925339,,,
Dash,20/5/2024,16:13:14,110.64722,36187.191944,-19493.270557,18065.237424,0.0,0.0,0.0,,Gliding,2178,0,0,-0.0,0.0,90.925339,,,
Movement,20/5/2024,16:13:15,111.042456,36042.253756,-18637.329694,17848.076639,0.0,0.0,0.0,Flying,Gliding,2079,0,0,-0.0,0.0,107.972237,,,
Movement,20/5/2024,16:13:15,111.521959,35732.556557,-17566.120134,17517.577556,0.0,0.0,0.0,Flying,Gliding,2380,0,0,-0.0,0.0,108.057846,,,

Movement,20/5/2024,16:13:16,112.033246,35398.873771,-16503.257409,17181.009611,0.0,0.0,0.0,Flying,Descending,2093,0,0,-0.0,0.0,95.864075,,,
Movement,20/5/2024,16:13:16,112.531487,35227.933026,-15571.203355,16751.698477,0.0,0.0,0.0,Flying,Descending,2072,0,0,-0.0,0.0,92.009216,,,
Movement,20/5/2024,16:13:17,113.034576,35182.408267,-14890.109293,15984.643583,0.0,0.0,0.0,Flying,Descending,2059,0,0,-0.0,0.0,91.851814,,,
Movement,20/5/2024,16:13:17,113.530492,35187.467685,-14341.463909,15129.037201,0.0,0.0,0.0,Flying,Gliding,2012,0,0,-0.0,0.0,64.374519,,,
Movement,20/5/2024,16:13:18,114.042095,35386.912985,-13842.258798,14296.767693,0.0,0.0,0.0,Flying,Gliding,1905,0,0,-0.0,0.0,27.584709,,,
Movement,20/5/2024,16:13:18,114.528816,35825.401117,-13533.576553,13579.035542,0.0,0.0,0.0,Flying,Ascending,1810,0,0,-0.0,0.0,3.256589,,,
Movement,20/5/2024,16:13:19,115.039879,36469.647397,-13453.446656,12952.582534,0.0,0.0,0.0,Flying,Ascending,1716,0,0,-0.0,0.0,-16.794739,,,
Movement,20/5/2024,16:13:19,115.521447,37126.693286,-13588.31585,12524.430784,0.0,0.0,0.0,Flying,Ascending,1636,0,0,-0.0,0.0,-20.007507,,,
Movement,20/5/2024,16:13:20,116.040538,37829.461692,-13824.163637,12165.279475,0.0,0.0,0.0,Flying,Ascending,1556,0,0,-0.0,0.0,-15.074799,,,
Dash,20/5/2024,16:13:20,116.529982,38477.041477,-13992.889638,11925.217186,0.0,0.0,0.0,,Gliding,1489,0,0,-0.0,0.0,-3.39389,,,
Movement,20/5/2024,16:13:20,116.529982,38508.627155,-13997.463524,11917.219789,0.0,0.0,0.0,Flying,Gliding,1486,0,0,-0.0,0.0,-2.87381,,,
Movement,20/5/2024,16:13:21,117.046115,39296.035595,-14034.617329,11790.019696,0.0,0.0,0.0,Flying,Ascending,2010,0,0,-0.0,0.0,1.382303,,,
Dash,20/5/2024,16:13:21,117.415145,39971.472084,-14036.336773,11701.548427,0.0,0.0,0.0,,Gliding,1937,0,0,-0.0,0.0,-2.420837,,,
Movement,20/5/2024,16:13:21,117.537577,40244.529397,-14043.034361,11647.977393,0.0,0.0,0.0,Flying,Gliding,1907,0,0,-0.0,0.0,-2.420837,,,
Movement,20/5/2024,16:13:22,118.028392,41251.58826,-14080.972874,11419.928263,0.0,0.0,0.0,Flying,Gliding,2394,0,0,-0.0,0.0,-0.2789,,,
Movement,20/5/2024,16:13:22,118.529113,42373.144714,-13989.600723,11160.417238,0.0,0.0,0.0,Flying,Gliding,2260,0,0,-0.0,0.0,55.125423,,,
Movement,20/5/2024,16:13:23,119.044169,43141.978582,-13246.565628,10950.221812,0.0,0.0,0.0,Flying,Ascending,2126,0,0,-0.0,0.0,113.654076,,,
Movement,20/5/2024,16:13:23,119.542586,42966.109828,-12275.772774,10813.211735,0.0,0.0,0.0,Flying,Gliding,2003,0,0,-0.0,0.0,170.145996,,,
Movement,20/5/2024,16:13:24,120.027723,42152.235084,-11920.396451,10719.577787,0.0,0.0,0.0,Flying,Gliding,1896,0,0,-0.0,0.0,-138.604385,,,
Movement,20/5/2024,16:13:24,120.544126,41288.027222,-12306.629296,10638.651844,0.0,0.0,0.0,Flying,Gliding,1793,0,0,-0.0,0.0,-133.766388,,,
Movement,20/5/2024,16:13:25,121.03963,40741.645376,-12943.904329,10566.856735,0.0,0.0,0.0,Flying,Gliding,1705,0,0,-0.0,0.0,-99.84024,,,
Dash,20/5/2024,16:13:25,121.351907,40581.796874,-13400.413607,10519.437361,0.0,0.0,0.0,,Gliding,1656,0,0,-0.0,0.0,-99.84024,,,
Movement,20/5/2024,16:13:25,121.522735,40503.409746,-13708.39367,10488.861632,0.0,0.0,0.0,Flying,Ascending,1624,0,0,-0.0,0.0,-116.347382,,,

Movement,20/5/2024,16:13:26,122.024485,40175.548672,-14584.083653,10519.387123,0.0,0.0,0.0,Flying,Gliding,2125,0,0,-0.0,0.0,-126.004303,,,
Movement,20/5/2024,16:13:26,122.526859,39565.738918,-15404.843472,10642.120601,0.0,0.0,0.0,Flying,Gliding,2009,0,0,-0.0,0.0,-154.540924,,,
Dash,20/5/2024,16:13:27,122.944385,38913.944072,-15797.690416,10747.447024,0.0,0.0,0.0,,Gliding,1926,0,0,-0.0,0.0,-165.002914,,,
Movement,20/5/2024,16:13:27,123.023005,38735.335867,-15873.406574,10774.358747,0.0,0.0,0.0,Flying,Gliding,1905,0,0,-0.0,0.0,-165.002914,,,
Movement,20/5/2024,16:13:27,123.536438,37750.018468,-16199.17915,10916.360759,0.0,0.0,0.0,Flying,Gliding,2391,0,0,-0.0,0.0,-150.749252,,,
Movement,20/5/2024,16:13:28,124.0225,36836.713482,-16676.748204,10992.256305,0.0,0.0,0.0,Flying,Descending,2073,0,0,-0.0,0.0,-132.140137,,,
Dash,20/5/2024,16:13:28,124.04737,36836.713482,-16676.748204,10992.256305,0.0,0.0,0.0,,Gliding,2073,0,0,-0.0,0.0,-132.140137,,,
Movement,20/5/2024,16:13:28,124.539833,36052.102878,-17423.877137,10912.566049,0.0,0.0,0.0,Flying,Gliding,2486,0,0,-0.0,0.0,-132.860046,,,
Dash,20/5/2024,16:13:28,124.752837,35732.196422,-17762.097835,10878.880721,0.0,0.0,0.0,,Gliding,2432,0,0,-0.0,0.0,-132.858215,,,
Movement,20/5/2024,16:13:29,125.031632,35239.840974,-18288.985259,10837.081708,0.0,0.0,0.0,Flying,Gliding,2349,0,0,-0.0,0.0,-132.693085,,,
Movement,20/5/2024,16:13:29,125.539403,34407.406618,-19188.04631,10781.330561,0.0,0.0,0.0,Flying,Gliding,2419,0,0,-0.0,0.0,-132.661392,,,
Dash,20/5/2024,16:13:30,125.990979,33762.606563,-19884.913519,10718.505835,0.0,0.0,0.0,,Gliding,2077,0,0,-0.0,0.0,-133.673615,,,
Movement,20/5/2024,16:13:30,126.035695,33662.560549,-19991.775096,10696.446722,0.0,0.0,0.0,Flying,Gliding,2060,0,0,-0.0,0.0,-135.273743,,,
Movement,20/5/2024,16:13:30,126.537312,32919.918659,-20735.253129,10621.169695,0.0,0.0,0.0,Flying,Gliding,2473,0,0,-0.0,0.0,-137.58493,,,
Movement,20/5/2024,16:13:31,127.045987,31978.380318,-21510.440362,10714.496873,0.0,0.0,0.0,Flying,Gliding,2331,0,0,-0.0,0.0,-170.647446,,,
Dash,20/5/2024,16:13:31,127.095108,31929.761689,-21539.11684,10720.45142,0.0,0.0,0.0,,Gliding,2325,0,0,-0.0,0.0,-170.647446,,,
Movement,20/5/2024,16:13:31,127.527116,30967.875332,-21912.837861,10828.957769,0.0,0.0,0.0,Flying,Gliding,2206,0,0,-0.0,0.0,-160.737213,,,
Movement,20/5/2024,16:13:32,128.043662,29914.061052,-22239.227173,10883.021212,0.0,0.0,0.0,Flying,Descending,2068,0,0,-0.0,0.0,-160.746506,,,
Movement,20/5/2024,16:13:32,128.533016,28985.087974,-22551.635282,10849.981558,0.0,0.0,0.0,Flying,Gliding,1970,0,0,-0.0,0.0,-173.319077,,,
Dash,20/5/2024,16:13:32,128.81384,28503.333957,-22668.405398,10835.711402,0.0,0.0,0.0,,Gliding,1916,0,0,-0.0,0.0,179.280838,,,
Movement,20/5/2024,16:13:33,129.028971,28051.767688,-22719.399737,10846.236052,0.0,0.0,0.0,Flying,Gliding,1868,0,0,-0.0,0.0,179.246552,,,
Movement,20/5/2024,16:13:33,129.529098,27050.215953,-22723.888842,10866.308388,0.0,0.0,0.0,Flying,Descending,2087,0,0,-0.0,0.0,171.809906,,,
Dash,20/5/2024,16:13:34,129.997665,26194.088641,-22585.686114,10608.496019,0.0,0.0,0.0,,Gliding,2027,0,0,-0.0,0.0,127.445251,,,
Movement,20/5/2024,16:13:34,130.023483,26103.46113,-22546.774161,10567.393462,0.0,0.0,0.0,Flying,Gliding,2015,0,0,-0.0,0.0,122.505356,,,
Movement,20/5/2024,16:13:34,130.526013,25402.888392,-21860.055892,10231.615291,0.0,0.0,0.0,Flying,Gliding,2474,0,0,-0.0,0.0,88.141281,,,
Movement,20/5/2024,16:13:35,131.035594,25045.537571,-20819.649844,9915.320437,0.0,0.0,0.0,Flying,Descending,2085,0,0,-0.0,0.0,131.062027,,,
Movement,20/5/2024,16:13:35,131.533867,24613.809361,-20043.363265,9422.244868,0.0,0.0,0.0,Flying,Descending,2063,0,0,-0.0,0.0,140.445908,,,

Movement,20/5/2024,16:13:36,132.023978,24106.992551,-19599.625549,8684.43692,0.0,0.0,0.0,Flying,Gliding,2001,0,0,-0.0,0.0,157.558304,,,
Dash,20/5/2024,16:13:36,132.460472,23552.139419,-19323.853917,8178.808702,0.0,0.0,0.0,,Gliding,1914,0,0,-0.0,0.0,157.453506,,,
Movement,20/5/2024,16:13:36,132.539591,23389.947084,-19252.942257,8073.920493,0.0,0.0,0.0,Flying,Ascending,1892,0,0,-0.0,0.0,157.419235,,,
Movement,20/5/2024,16:13:37,133.040448,22529.235772,-18890.253367,7746.217574,0.0,0.0,0.0,Flying,Gliding,2384,0,0,-0.0,0.0,157.419235,,,
Dash,20/5/2024,16:13:37,133.4808,21661.052575,-18528.603306,7529.224794,0.0,0.0,0.0,,Gliding,2274,0,0,-0.0,0.0,157.419235,,,
Movement,20/5/2024,16:13:37,133.531925,21508.511822,-18465.132581,7493.811945,0.0,0.0,0.0,Flying,Gliding,2255,0,0,-0.0,0.0,157.419235,,,
Movement,20/5/2024,16:13:38,134.036958,20465.429056,-18031.274798,7258.091352,0.0,0.0,0.0,Flying,Gliding,2473,0,0,-0.0,0.0,157.419235,,,
Movement,20/5/2024,16:13:38,134.52434,19406.407234,-17590.857944,7021.708059,0.0,0.0,0.0,Flying,Gliding,2338,0,0,-0.0,0.0,157.419235,,,
Movement,20/5/2024,16:13:39,135.03,18363.618095,-17157.197031,6789.170851,0.0,0.0,0.0,Flying,Gliding,2208,0,0,-0.0,0.0,157.419235,,,
Sing,20/5/2024,16:13:39,135.209992,18060.007444,-17030.935682,6721.471484,0.0,0.0,0.0,Flying,,0,0,0,-0.0,0.0,157.419235,,,DA_Note_DO
Movement,20/5/2024,16:13:39,135.54155,17376.946847,-16746.874021,6569.16302,0.0,0.0,0.0,Flying,Gliding,2087,0,0,-0.0,0.0,157.419235,,,
Movement,20/5/2024,16:13:40,136.040779,16454.720929,-16363.351651,6363.526042,0.0,0.0,0.0,Flying,Gliding,1977,0,0,-0.0,0.0,157.419235,,,
Movement,20/5/2024,16:13:40,136.541259,15591.053318,-16004.18169,6170.946374,0.0,0.0,0.0,Flying,Gliding,1875,0,0,-0.0,0.0,157.419235,,,
Movement,20/5/2024,16:13:41,137.024925,14784.233212,-15668.65267,5991.042503,0.0,0.0,0.0,Flying,Gliding,1783,0,0,-0.0,0.0,157.419235,,,
Movement,20/5/2024,16:13:41,137.543869,13977.7658,-15333.270324,5811.217276,0.0,0.0,0.0,Flying,Gliding,1692,0,0,-0.0,0.0,158.138687,,,
Movement,20/5/2024,16:13:42,138.02454,13223.674069,-15142.328774,5643.969163,0.0,0.0,0.0,Flying,Descending,1658,0,0,-0.0,0.0,-154.35878,,,
Movement,20/5/2024,16:13:42,138.524444,12515.668684,-15283.168686,5263.663495,0.0,0.0,0.0,Flying,Gliding,1663,0,0,-0.0,0.0,-166.515625,,,
Movement,20/5/2024,16:13:43,139.042619,11895.153343,-15448.49931,4722.52881,0.0,0.0,0.0,Flying,Descending,1584,0,0,-0.0,0.0,-168.182236,,,
Movement,20/5/2024,16:13:43,139.537499,11315.664101,-15539.699572,4208.767259,0.0,0.0,0.0,Flying,Gliding,1582,0,0,-0.0,0.0,156.502289,,,
Movement,20/5/2024,16:13:44,140.033541,10806.240592,-15384.833173,3652.182078,0.0,0.0,0.0,Flying,Gliding,1508,0,0,-0.0,0.0,150.249344,,,
Dash,20/5/2024,16:13:44,140.316777,10555.585279,-15250.033449,3395.582579,0.0,0.0,0.0,,Gliding,1512,0,0,-0.0,0.0,150.442337,,,
Movement,20/5/2024,16:13:44,140.529781,10368.235886,-15145.306711,3109.214414,0.0,0.0,0.0,Flying,Descending,1519,0,0,-0.0,0.0,149.071762,,,
Movement,20/5/2024,16:13:45,141.024971,9854.100111,-14809.110069,2451.17993,0.0,0.0,0.0,Flying,Gliding,2026,0,0,-0.0,0.0,142.927002,,,
Dash,20/5/2024,16:13:45,141.129004,9759.844177,-14740.225851,2354.888925,0.0,0.0,0.0,,Gliding,2010,0,0,-0.0,0.0,139.590942,,,
Movement,20/5/2024,16:13:45,141.521896,9206.763605,-14279.92263,1976.421077,0.0,0.0,0.0,Flying,Ascending,1922,0,0,-0.0,0.0,130.479691,,,

Movement,20/5/2024,16:13:46,142.023193,8426.616328,-13400.142043,1757.355715,0.0,0.0,0.0,Flying,Ascending,2378,0,0,-0.0,0.0,114.352905,,,
Movement,20/5/2024,16:13:46,142.527411,7868.358147,-12390.290065,1931.769689,0.0,0.0,0.0,Flying,Ascending,2245,0,0,-0.0,0.0,114.757874,,,
Movement,20/5/2024,16:13:47,143.030265,7302.956833,-11473.965107,2096.277495,0.0,0.0,0.0,Flying,Gliding,2123,0,0,-0.0,0.0,129.960251,,,
Movement,20/5/2024,16:13:47,143.522167,6668.12055,-10686.8317,2112.357659,0.0,0.0,0.0,Flying,Gliding,2013,0,0,-0.0,0.0,129.960251,,,
Movement,20/5/2024,16:13:48,144.026729,6034.615377,-9928.078471,2111.806205,0.0,0.0,0.0,Flying,Gliding,1907,0,0,-0.0,0.0,129.960251,,,
Movement,20/5/2024,16:13:48,144.521137,5439.468274,-9217.73276,2109.760084,0.0,0.0,0.0,Flying,Gliding,1810,0,0,-0.0,0.0,129.960251,,,
Movement,20/5/2024,16:13:49,145.025709,4846.126137,-8565.058124,2096.117407,0.0,0.0,0.0,Flying,Descending,1746,0,0,-0.0,0.0,154.478134,,,
Movement,20/5/2024,16:13:49,145.531431,4109.891485,-8153.002206,1851.512611,0.0,0.0,0.0,Flying,Gliding,1724,0,0,-0.0,0.0,138.517838,,,
Movement,20/5/2024,16:13:50,146.024038,3593.02791,-7565.626726,1651.166341,0.0,0.0,0.0,Flying,Descending,1650,0,0,-0.0,0.0,95.678894,,,
Movement,20/5/2024,16:13:50,146.521509,3495.187257,-6844.848643,1307.550687,0.0,0.0,0.0,Flying,Ascending,1610,0,0,-0.0,0.0,61.923183,,,
Movement,20/5/2024,16:13:51,147.043824,3778.928788,-6115.780989,1080.003749,0.0,0.0,0.0,Flying,Ascending,1531,0,0,-0.0,0.0,59.211246,,,
Dash,20/5/2024,16:13:51,147.121075,3815.239336,-6046.004936,1061.154572,0.0,0.0,0.0,,Gliding,1524,0,0,-0.0,0.0,55.735222,,,
Movement,20/5/2024,16:13:51,147.52857,4182.431079,-5530.246144,1075.880305,0.0,0.0,0.0,Flying,Ascending,1464,0,0,-0.0,0.0,45.874584,,,
Movement,20/5/2024,16:13:52,148.027014,4796.112815,-4813.386444,1380.286755,0.0,0.0,0.0,Flying,Ascending,1957,0,0,-0.0,0.0,51.188015,,,
Movement,20/5/2024,16:13:52,148.539067,5379.004433,-4080.040393,1660.019859,0.0,0.0,0.0,Flying,Gliding,1854,0,0,-0.0,0.0,52.965549,,,
Movement,20/5/2024,16:13:53,149.042144,5913.847047,-3381.242211,1843.984168,0.0,0.0,0.0,Flying,Gliding,1761,0,0,-0.0,0.0,52.443501,,,
Dash,20/5/2024,16:13:53,149.31607,6171.7592,-3045.628859,1946.825819,0.0,0.0,0.0,,Gliding,1717,0,0,-0.0,0.0,52.165668,,,
Movement,20/5/2024,16:13:53,149.525633,6403.84451,-2745.133074,2054.276866,0.0,0.0,0.0,Flying,Ascending,1677,0,0,-0.0,0.0,52.165668,,,
Movement,20/5/2024,16:13:54,150.034959,6992.789667,-1985.959838,2360.134595,0.0,0.0,0.0,Flying,Ascending,2170,0,0,-0.0,0.0,52.165668,,,
Movement,20/5/2024,16:13:54,150.523356,7590.306468,-1221.85659,2671.686049,0.0,0.0,0.0,Flying,Gliding,2057,0,0,-0.0,0.0,50.138798,,,
Movement,20/5/2024,16:13:55,151.035556,8242.655279,-453.152546,2903.510748,0.0,0.0,0.0,Flying,Descending,2001,0,0,-0.0,0.0,47.135143,,,
Movement,20/5/2024,16:13:55,151.523332,8893.740129,260.057746,3005.193912,0.0,0.0,0.0,Flying,Descending,1976,0,0,-0.0,0.0,49.302998,,,
Dash,20/5/2024,16:13:55,151.649183,9024.2967,408.166996,3019.851193,0.0,0.0,0.0,,Gliding,1959,0,0,-0.0,0.0,52.919491,,,

Movement,20/5/2024,16:13:56,152.035208,9502.316303,1038.886758,3074.01718,0.0,0.0,0.0,Flying,Gliding,1875,0,0,-0.0,0.0,57.687294,,,
Movement,20/5/2024,16:13:56,152.547015,10147.928815,2034.306913,3185.693757,0.0,0.0,0.0,Flying,Ascending,2339,0,0,-0.0,0.0,57.929462,,,
Dash,20/5/2024,16:13:56,152.739805,10347.997586,2351.224966,3266.575443,0.0,0.0,0.0,,Gliding,2295,0,0,-0.0,0.0,57.967621,,,
Movement,20/5/2024,16:13:57,153.026279,10694.640743,2907.599961,3516.541762,0.0,0.0,0.0,Flying,Ascending,2216,0,0,-0.0,0.0,60.038177,,,
Movement,20/5/2024,16:13:57,153.528727,11167.400985,3855.619121,4046.83296,0.0,0.0,0.0,Flying,Descending,2093,0,0,-0.0,0.0,72.871063,,,
Movement,20/5/2024,16:13:58,154.021247,11490.02516,4795.158957,4246.642061,0.0,0.0,0.0,Flying,Descending,2066,0,0,-0.0,0.0,72.084862,,,
Movement,20/5/2024,16:13:58,154.532778,11817.299153,5777.706372,4353.247379,0.0,0.0,0.0,Flying,Ascending,1975,0,0,-0.0,0.0,64.384201,,,
Dash,20/5/2024,16:13:58,154.709589,11929.413946,6028.66152,4430.104047,0.0,0.0,0.0,,Gliding,1947,0,0,-0.0,0.0,49.140579,,,
Movement,20/5/2024,16:13:59,155.044687,12363.776677,6520.714723,4635.738253,0.0,0.0,0.0,Flying,Gliding,1873,0,0,-0.0,0.0,10.308745,,,
Dash,20/5/2024,16:13:59,155.441402,13111.33133,6817.232378,4852.266958,0.0,0.0,0.0,,Gliding,2378,0,0,-0.0,0.0,12.750154,,,
Movement,20/5/2024,16:13:59,155.533589,13379.673025,6891.622484,4929.004098,0.0,0.0,0.0,Flying,Ascending,2345,0,0,-0.0,0.0,17.424845,,,
Movement,20/5/2024,16:14:0,156.045849,14335.363742,7196.258712,5569.926658,0.0,0.0,0.0,Flying,Ascending,2466,0,0,-0.0,0.0,21.157913,,,
Movement,20/5/2024,16:14:0,156.521753,15082.521403,7446.619368,6350.569835,0.0,0.0,0.0,Flying,Descending,2091,0,0,-0.0,0.0,14.245394,,,
Movement,20/5/2024,16:14:1,157.04032,16080.886999,7720.488413,6558.919748,0.0,0.0,0.0,Flying,Descending,2076,0,0,-0.0,0.0,19.451002,,,
Movement,20/5/2024,16:14:1,157.546014,17002.157015,8007.649422,6223.2938,0.0,0.0,0.0,Flying,Gliding,2012,0,0,-0.0,0.0,20.02384,,,
Dash,20/5/2024,16:14:1,157.570408,17002.157015,8007.649422,6223.2938,0.0,0.0,0.0,,Gliding,2012,0,0,-0.0,0.0,20.02384,,,
Movement,20/5/2024,16:14:2,158.027784,17888.208039,8309.656328,6003.206808,0.0,0.0,0.0,Flying,Ascending,2504,0,0,-0.0,0.0,3.999254,,,
Movement,20/5/2024,16:14:2,158.542125,19074.322042,8465.220029,6212.231872,0.0,0.0,0.0,Flying,Ascending,2350,0,0,-0.0,0.0,-27.58017,,,
Movement,20/5/2024,16:14:3,159.026673,20016.314633,8261.359228,6656.568635,0.0,0.0,0.0,Flying,Descending,2084,0,0,-0.0,0.0,-7.146912,,,
Movement,20/5/2024,16:14:3,159.526335,20814.199856,8092.693282,6092.334228,0.0,0.0,0.0,Flying,Ascending,1985,0,0,-0.0,0.0,-8.026093,,,
Movement,20/5/2024,16:14:4,160.036656,21689.221514,7963.621774,5663.265434,0.0,0.0,0.0,Flying,Ascending,1877,0,0,-0.0,0.0,-8.202484,,,
Movement,20/5/2024,16:14:4,160.524171,22556.323883,7838.754163,5507.140901,0.0,0.0,0.0,Flying,Ascending,1785,0,0,-0.0,0.0,-8.202484,,,
Movement,20/5/2024,16:14:5,161.045296,23437.665269,7711.739015,5388.371911,0.0,0.0,0.0,Flying,Gliding,1694,0,0,-0.0,0.0,-8.202484,,,
Dash,20/5/2024,16:14:5,161.282413,23786.498465,7661.457356,5343.08525,0.0,0.0,0.0,,Gliding,1658,0,0,-0.0,0.0,-8.202484,,,
Movement,20/5/2024,16:14:5,161.528898,24225.0424,7598.321533,5286.143905,0.0,0.0,0.0,Flying,Gliding,1614,0,0,-0.0,0.0,-8.020996,,,

Dash,20/5/2024,16:14:6,162.021333,25041.738867,7489.28003,4988.991637,0.0,0.0,0.0,,Gliding,2090,0,0,-0.0,0.0,-5.53183,,,
Movement,20/5/2024,16:14:6,162.021333,25087.464442,7483.83443,4953.484501,0.0,0.0,0.0,Flying,Gliding,2089,0,0,-0.0,0.0,-5.53183,,,
Movement,20/5/2024,16:14:6,162.5348,25941.042946,7388.52945,4278.461208,0.0,0.0,0.0,Flying,Ascending,2490,0,0,-0.0,0.0,-7.172394,,,
Movement,20/5/2024,16:14:7,163.037897,27087.935584,7248.65221,3924.531203,0.0,0.0,0.0,Flying,Gliding,2350,0,0,-0.0,0.0,-7.172394,,,
Movement,20/5/2024,16:14:7,163.532667,28184.102721,7173.53355,3675.352359,0.0,0.0,0.0,Flying,Gliding,2222,0,0,-0.0,0.0,33.825809,,,
Movement,20/5/2024,16:14:8,164.021087,29041.160708,7565.825333,3388.026292,0.0,0.0,0.0,Flying,Descending,2065,0,0,-0.0,0.0,68.550926,,,
Movement,20/5/2024,16:14:8,164.53109,29548.934029,8378.520252,2977.513064,0.0,0.0,0.0,Flying,Descending,2036,0,0,-0.0,0.0,68.550926,,,
Dash,20/5/2024,16:14:8,164.780167,29711.675637,8757.232225,2789.502139,0.0,0.0,0.0,,Gliding,2025,0,0,-0.0,0.0,68.550926,,,
Movement,20/5/2024,16:14:9,165.026665,29898.513221,9227.365082,2556.115402,0.0,0.0,0.0,Flying,Descending,2012,0,0,-0.0,0.0,68.550926,,,
Movement,20/5/2024,16:14:9,165.547402,30260.156833,10137.334117,2108.955792,0.0,0.0,0.0,Flying,Gliding,2058,0,0,-0.0,0.0,66.238403,,,
Movement,20/5/2024,16:14:10,166.047736,30640.30392,11030.161645,1874.311551,0.0,0.0,0.0,Flying,Gliding,1950,0,0,-0.0,0.0,66.296288,,,
Movement,20/5/2024,16:14:10,166.528747,31003.842321,11862.902756,1743.213507,0.0,0.0,0.0,Flying,Gliding,1853,0,0,-0.0,0.0,66.296288,,,
Dash,20/5/2024,16:14:10,166.584161,31024.236823,11909.434588,1736.66834,0.0,0.0,0.0,,Gliding,1848,0,0,-0.0,0.0,66.296288,,,
Movement,20/5/2024,16:14:11,167.038162,31379.741293,12720.058299,1639.232283,0.0,0.0,0.0,Flying,Ascending,2354,0,0,-0.0,0.0,66.385406,,,
Movement,20/5/2024,16:14:11,167.540055,31835.312726,13760.679547,1735.986426,0.0,0.0,0.0,Flying,Ascending,2224,0,0,-0.0,0.0,66.385406,,,
Dash,20/5/2024,16:14:11,167.568745,31835.312726,13760.679547,1735.986426,0.0,0.0,0.0,,Gliding,2224,0,0,-0.0,0.0,66.385406,,,
Movement,20/5/2024,16:14:12,168.033944,32261.996291,14736.924723,1937.798833,0.0,0.0,0.0,Flying,Descending,2688,0,0,-0.0,0.0,66.472847,,,
Movement,20/5/2024,16:14:12,168.546067,32687.808923,15713.939919,1806.495663,0.0,0.0,0.0,Flying,Descending,2070,0,0,-0.0,0.0,66.481804,,,
Dash,20/5/2024,16:14:12,168.818478,32870.387242,16133.326806,1642.488415,0.0,0.0,0.0,,Gliding,2057,0,0,-0.0,0.0,66.481804,,,
Movement,20/5/2024,16:14:13,169.03188,33054.660021,16552.111406,1457.264454,0.0,0.0,0.0,Flying,Gliding,2022,0,0,-0.0,0.0,60.539886,,,
Movement,20/5/2024,16:14:13,169.539066,33606.690595,17518.170367,1313.801056,0.0,0.0,0.0,Flying,Ascending,2425,0,0,-0.0,0.0,46.458149,,,
Dash,20/5/2024,16:14:13,169.750059,33854.667546,17852.751793,1460.756865,0.0,0.0,0.0,,Gliding,2371,0,0,-0.0,0.0,46.479572,,,
Movement,20/5/2024,16:14:14,170.03468,34204.69083,18272.987294,1923.729449,0.0,0.0,0.0,Flying,Ascending,2286,0,0,-0.0,0.0,46.479572,,,
Movement,20/5/2024,16:14:14,170.538863,34678.028,18789.127129,2912.41376,0.0,0.0,0.0,Flying,Descending,2098,0,0,-0.0,0.0,48.648693,,,
Movement,20/5/2024,16:14:15,171.028275,35217.070671,19403.812008,3490.679411,0.0,0.0,0.0,Flying,Descending,2073,0,0,-0.0,0.0,54.144485,,,
Movement,20/5/2024,16:14:15,171.523571,35826.187498,20189.520391,3345.637895,0.0,0.0,0.0,Flying,Gliding,2041,0,0,-0.0,0.0,52.748814,,,
Dash,20/5/2024,16:14:15,171.577859,35856.667866,20230.458926,3324.986805,0.0,0.0,0.0,,Gliding,2035,0,0,-0.0,0.0,52.348415,,,

Movement,20/5/2024,16:14:16,172.032862,36430.250544,20980.229031,3105.32721,0.0,0.0,0.0,Flying,Ascending,2524,0,0,-0.0,0.0,50.910656,,,
Movement,20/5/2024,16:14:16,172.545333,37204.679267,21946.446224,3217.046345,0.0,0.0,0.0,Flying,Gliding,2356,0,0,-0.0,0.0,50.926853,,,
Dash,20/5/2024,16:14:17,173.007057,37781.78624,22658.585045,3282.286123,0.0,0.0,0.0,,Gliding,2078,0,0,-0.0,0.0,50.94128,,,
Movement,20/5/2024,16:14:17,173.033877,37850.530676,22743.317478,3274.587514,0.0,0.0,0.0,Flying,Descending,2074,0,0,-0.0,0.0,50.94128,,,
Movement,20/5/2024,16:14:17,173.520593,38503.216503,23537.819679,3203.264231,0.0,0.0,0.0,Flying,Ascending,2483,0,0,-0.0,0.0,47.743328,,,
Dash,20/5/2024,16:14:18,173.979516,39128.356892,24254.369415,3585.290766,0.0,0.0,0.0,,Gliding,2358,0,0,-0.0,0.0,45.358799,,,
Movement,20/5/2024,16:14:18,174.025446,39208.284321,24341.73867,3691.227002,0.0,0.0,0.0,Flying,Ascending,2340,0,0,-0.0,0.0,45.358799,,,
Movement,20/5/2024,16:14:18,174.534721,39744.696937,24910.051616,4605.049468,0.0,0.0,0.0,Flying,Gliding,2471,0,0,-0.0,0.0,48.176727,,,
Dash,20/5/2024,16:14:18,174.809578,40057.44233,25247.594059,5001.834104,0.0,0.0,0.0,,Gliding,2400,0,0,-0.0,0.0,48.176727,,,
Movement,20/5/2024,16:14:19,175.037441,40381.171123,25612.455425,5333.540408,0.0,0.0,0.0,Flying,Descending,2093,0,0,-0.0,0.0,58.614098,,,
Movement,20/5/2024,16:14:19,175.548462,40925.03037,26474.276786,5561.921069,0.0,0.0,0.0,Flying,Descending,2085,0,0,-0.0,0.0,68.252151,,,
Movement,20/5/2024,16:14:20,176.037429,41336.625775,27362.893242,5409.574312,0.0,0.0,0.0,Flying,Gliding,1982,0,0,-0.0,-0.0,53.833271,,,
Movement,20/5/2024,16:14:20,176.534418,41887.76327,28144.50706,5367.250181,0.0,0.0,0.0,Flying,Gliding,1879,0,0,-0.0,0.0,61.02763,,,
Movement,20/5/2024,16:14:21,177.036099,42313.383988,28949.289769,5371.089704,0.0,0.0,0.0,Flying,Descending,1825,0,0,-0.0,0.0,114.06057,,,
Movement,20/5/2024,16:14:21,177.544178,42179.724628,29842.356799,5293.401818,0.0,0.0,0.0,Flying,Ascending,1782,0,0,-0.0,0.0,102.809059,,,
Dash,20/5/2024,16:14:21,177.567051,42179.724628,29842.356799,5293.401818,0.0,0.0,0.0,,Gliding,1782,0,0,-0.0,0.0,102.809059,,,
Movement,20/5/2024,16:14:22,178.026142,41945.298268,30670.251915,5348.614527,0.0,0.0,0.0,Flying,Ascending,2339,0,0,-0.0,0.0,100.563049,,,
Movement,20/5/2024,16:14:22,178.524828,41709.452805,31731.26311,5574.503737,0.0,0.0,0.0,Flying,Descending,2088,0,0,-0.0,0.0,104.122063,,,
Movement,20/5/2024,16:14:23,179.03785,41476.784981,32747.64292,5445.034411,0.0,0.0,0.0,Flying,Gliding,2007,0,0,-0.0,0.0,96.967041,,,
Movement,20/5/2024,16:14:23,179.542589,41320.097466,33715.671399,5316.974078,0.0,0.0,0.0,Flying,Gliding,1902,0,0,-0.0,0.0,96.967041,,,
Movement,20/5/2024,16:14:24,180.044533,41252.214341,34632.84473,5251.44239,0.0,0.0,0.0,Flying,Ascending,1805,0,0,-0.0,0.0,57.272217,,,
Movement,20/5/2024,16:14:24,180.520563,41606.607342,35366.772638,5298.182456,0.0,0.0,0.0,Flying,Ascending,1715,0,0,-0.0,0.0,3.042857,,,
Movement,20/5/2024,16:14:25,181.041584,42418.287175,35620.699606,5422.277812,0.0,0.0,0.0,Flying,Gliding,1625,0,0,-0.0,0.0,-4.133575,,,
Movement,20/5/2024,16:14:25,181.524197,43165.676595,35599.677947,5539.245544,0.0,0.0,0.0,Flying,Gliding,1552,0,0,-0.0,0.0,-4.133575,,,

Movement,20/5/2024,16:14:26,182.040339,43931.514964,35547.491894,5660.078953,0.0,0.0,0.0,Flying,Gliding,1423,0,0,-0.0,0.0,-4.133575,,,
Movement,20/5/2024,16:14:26,182.542581,44574.934487,35501.147314,5761.697569,0.0,0.0,0.0,Flying,Gliding,1193,0,0,-0.0,0.0,-4.133575,,,
Movement,20/5/2024,16:14:27,183.029293,45101.293303,35463.109257,5844.8335,0.0,0.0,0.0,Flying,Ascending,1014,0,0,-0.0,0.0,-4.119751,,,
Movement,20/5/2024,16:14:27,183.541681,45560.668513,35429.576876,5972.71348,0.0,0.0,0.0,Flying,Ascending,864,0,0,-0.0,0.0,-4.28657,,,
Movement,20/5/2024,16:14:28,184.030083,45906.952302,35402.083913,6148.58184,0.0,0.0,0.0,Flying,Gliding,751,0,0,-0.0,0.0,-7.840485,,,
Dash,20/5/2024,16:14:28,184.162844,45982.296718,35394.171308,6177.449782,0.0,0.0,0.0,,Gliding,724,0,0,-0.0,0.0,-7.840485,,,
Movement,20/5/2024,16:14:28,184.530064,46242.980324,35361.50121,6244.614073,0.0,0.0,0.0,Flying,Descending,684,0,0,-0.0,0.0,-7.379547,,,
Movement,20/5/2024,16:14:29,185.027732,46836.513447,35285.217376,6218.854923,0.0,0.0,0.0,Flying,Gliding,1265,0,0,-0.0,0.0,-6.832367,,,
Movement,20/5/2024,16:14:29,185.534535,47410.179523,35215.277182,6116.241206,0.0,0.0,0.0,Flying,Gliding,1066,0,0,-0.0,0.0,-6.832367,,,
Movement,20/5/2024,16:14:30,186.027144,47881.359556,35158.739338,6024.874009,0.0,0.0,0.0,Flying,Gliding,911,0,0,-0.0,0.0,-6.832367,,,
Movement,20/5/2024,16:14:30,186.522019,48300.87828,35114.650503,5938.905008,0.0,0.0,0.0,Flying,Descending,883,0,0,-0.0,0.0,5.535959,,,
Dash,20/5/2024,16:14:30,186.607549,48355.659772,35112.686047,5922.999555,0.0,0.0,0.0,,Gliding,892,0,0,-0.0,0.0,6.174248,,,
Movement,20/5/2024,16:14:31,187.021383,48708.837341,35126.917244,5736.410113,0.0,0.0,0.0,Flying,Gliding,918,0,0,-0.0,0.0,2.965392,,,
Movement,20/5/2024,16:14:31,187.540472,49362.44218,35167.921234,5399.811055,0.0,0.0,0.0,Flying,Gliding,1335,0,0,-0.0,0.0,2.951886,,,
Movement,20/5/2024,16:14:32,188.03379,49926.853198,35200.204677,5188.764198,0.0,0.0,0.0,Flying,Ascending,1126,0,0,-0.0,0.0,4.924939,,,
Dash,20/5/2024,16:14:32,188.167912,50043.950924,35208.553286,5159.234558,0.0,0.0,0.0,,Gliding,1079,0,0,-0.0,0.0,4.924939,,,
Movement,20/5/2024,16:14:32,188.550006,50446.592425,35241.121027,5085.266898,0.0,0.0,0.0,Flying,Gliding,952,0,0,-0.0,0.0,4.924939,,,
Movement,20/5/2024,16:14:33,189.028597,51120.509448,35295.970927,4988.506096,0.0,0.0,0.0,Flying,Ascending,1423,0,0,-0.0,0.0,2.546239,,,
Movement,20/5/2024,16:14:33,189.52821,51766.310694,35301.370344,4971.463159,0.0,0.0,0.0,Flying,Ascending,1194,0,0,-0.0,0.0,-33.490875,,,
Movement,20/5/2024,16:14:34,190.023412,52228.931598,35035.395246,5024.838458,0.0,0.0,0.0,Flying,Gliding,1011,0,0,-0.0,0.0,-57.938904,,,
Dash,20/5/2024,16:14:34,190.078365,52247.423703,35014.047788,5028.319541,0.0,0.0,0.0,,Gliding,995,0,0,-0.0,0.0,-57.645325,,,
Movement,20/5/2024,16:14:34,190.521148,52522.317056,34640.465973,5032.692538,0.0,0.0,0.0,Flying,Descending,1021,0,0,-0.0,0.0,-54.412628,,,
Movement,20/5/2024,16:14:35,191.03479,52992.133405,33984.50687,4965.982905,0.0,0.0,0.0,Flying,Ascending,1546,0,0,-0.0,0.0,-53.014832,,,
Movement,20/5/2024,16:14:35,191.542901,53442.810102,33384.248958,5105.030251,0.0,0.0,0.0,Flying,Descending,1431,0,0,-0.0,0.0,-43.021332,,,

Dash,20/5/2024,16:14:36,192.022766,53925.384224,32950.483938,5145.363784,0.0,0.0,0.0,,Gliding,1448,0,0,-0.0,0.0,-15.464478,,,
Movement,20/5/2024,16:14:36,192.022766,53956.038688,32932.741842,5143.248099,0.0,0.0,0.0,Flying,Gliding,1449,0,0,-0.0,0.0,-15.464478,,,
Movement,20/5/2024,16:14:36,192.529922,54625.626731,32642.056315,5098.529257,0.0,0.0,0.0,Flying,Gliding,1867,0,0,-0.0,0.0,-39.723969,,,
Movement,20/5/2024,16:14:37,193.036379,55412.320516,32166.363254,5143.877169,0.0,0.0,0.0,Flying,Ascending,1771,0,0,-0.0,0.0,-40.088318,,,
Dash,20/5/2024,16:14:37,193.405773,55872.111888,31801.615662,5259.488499,0.0,0.0,0.0,,Gliding,1711,0,0,-0.0,0.0,-39.942749,,,
Movement,20/5/2024,16:14:37,193.528398,56061.182243,31645.485563,5305.490661,0.0,0.0,0.0,Flying,Descending,1706,0,0,-0.0,0.0,-39.81311,,,
Movement,20/5/2024,16:14:38,194.027816,56772.294206,31053.549951,5246.002523,0.0,0.0,0.0,Flying,Descending,2089,0,0,-0.0,0.0,-39.761841,,,
Dash,20/5/2024,16:14:38,194.448407,57385.950656,30543.413554,5092.099358,0.0,0.0,0.0,,Gliding,2008,0,0,-0.0,0.0,-39.410156,,,
Movement,20/5/2024,16:14:38,194.524446,57539.028369,30416.680155,5073.460885,0.0,0.0,0.0,Flying,Ascending,1986,0,0,-0.0,0.0,-39.399933,,,
Movement,20/5/2024,16:14:39,195.048098,58393.336496,29712.897671,5132.303442,0.0,0.0,0.0,Flying,Descending,2461,0,0,-0.0,0.0,-37.943359,,,
Movement,20/5/2024,16:14:39,195.521643,59228.047844,29189.732611,5123.753148,0.0,0.0,0.0,Flying,Descending,2067,0,0,-0.0,0.0,14.174459,,,
Dash,20/5/2024,16:14:39,195.734519,59599.170446,29114.754874,5070.541018,0.0,0.0,0.0,,Gliding,2049,0,0,-0.0,0.0,15.515049,,,
Movement,20/5/2024,16:14:40,196.033133,60234.431163,29137.434507,4962.681698,0.0,0.0,0.0,Flying,Gliding,1978,0,0,-0.0,0.0,4.41833,,,
Dash,20/5/2024,16:14:40,196.343293,60873.104747,29198.671145,4887.967269,0.0,0.0,0.0,,Gliding,2462,0,0,-0.0,0.0,-6.250977,,,
Movement,20/5/2024,16:14:40,196.537652,61397.123219,29207.95574,4848.846714,0.0,0.0,0.0,Flying,Ascending,2406,0,0,-0.0,0.0,-30.767548,,,
Movement,20/5/2024,16:14:41,197.021497,62445.806532,28762.174074,4920.034846,0.0,0.0,0.0,Flying,Ascending,2481,0,0,-0.0,0.0,-86.000885,,,
Movement,20/5/2024,16:14:41,197.540615,62809.69137,27674.749769,5274.575517,0.0,0.0,0.0,Flying,Ascending,2328,0,0,-0.0,0.0,-134.814667,,,
Dash,20/5/2024,16:14:41,197.660374,62763.520231,27482.567746,5355.883044,0.0,0.0,0.0,,Gliding,2302,0,0,-0.0,0.0,-134.115723,,,
Movement,20/5/2024,16:14:42,198.033443,62412.119629,26746.908307,5681.840764,0.0,0.0,0.0,Flying,Descending,2088,0,0,-0.0,0.0,-104.797256,,,
Movement,20/5/2024,16:14:42,198.543154,62037.268736,25774.848815,5894.339059,0.0,0.0,0.0,Flying,Gliding,2023,0,0,-0.0,0.0,-105.787231,,,
Dash,20/5/2024,16:14:42,198.839273,61877.04367,25264.825735,5958.562445,0.0,0.0,0.0,,Gliding,1979,0,0,-0.0,0.0,-113.668533,,,
Movement,20/5/2024,16:14:43,199.037413,61728.725525,24846.975487,5995.361577,0.0,0.0,0.0,Flying,Descending,1970,0,0,-0.0,0.0,-113.196854,,,
Movement,20/5/2024,16:14:43,199.537762,61341.538333,23897.078035,5958.637193,0.0,0.0,0.0,Flying,Descending,2084,0,0,-0.0,0.0,-113.213486,,,
Movement,20/5/2024,16:14:44,200.023809,60969.995365,22988.450654,5853.359652,0.0,0.0,0.0,Flying,Gliding,1981,0,0,-0.0,0.0,-97.03244,,,
Movement,20/5/2024,16:14:44,200.538335,60767.860158,22028.649583,5740.471688,0.0,0.0,0.0,Flying,Gliding,1875,0,0,-0.0,0.0,-93.927246,,,
Movement,20/5/2024,16:14:45,201.03342,60693.872047,21132.151294,5642.287124,0.0,0.0,0.0,Flying,Gliding,1781,0,0,-0.0,0.0,-93.927246,,,
Movement,20/5/2024,16:14:45,201.5218,60635.35413,20286.752771,5552.185287,0.0,0.0,0.0,Flying,Gliding,1695,0,0,-0.0,0.0,-91.830963,,,
Dash,20/5/2024,16:14:46,201.936924,60627.637639,19645.799359,5524.56597,0.0,0.0,0.0,,Gliding,1631,0,0,-0.0,0.0,-71.692169,,,

Movement,20/5/2024,16:14:46,202.035567,60650.815787,19445.175074,5548.008248,0.0,0.0,0.0,Flying,Ascending,1611,0,0,-0.0,0.0,-69.850098,,,
Dash,20/5/2024,16:14:46,202.496682,60829.302454,18757.727295,5758.000335,0.0,0.0,0.0,,Gliding,2135,0,0,-0.0,0.0,-69.850098,,,
Movement,20/5/2024,16:14:46,202.545371,60873.631315,18623.792064,5810.841009,0.0,0.0,0.0,Flying,Ascending,2118,0,0,-0.0,0.0,-69.850098,,,
Movement,20/5/2024,16:14:47,203.034216,61186.523339,17735.597254,6181.095167,0.0,0.0,0.0,Flying,Gliding,2008,0,0,-0.0,0.0,-70.249237,,,
Movement,20/5/2024,16:14:47,203.541097,61528.512204,16777.356083,6482.295092,0.0,0.0,0.0,Flying,Descending,2077,0,0,-0.0,0.0,-71.99469,,,
Dash,20/5/2024,16:14:47,203.786698,61674.812474,16348.415223,6526.602642,0.0,0.0,0.0,,Gliding,2069,0,0,-0.0,0.0,-73.444336,,,
Movement,20/5/2024,16:14:48,204.043782,61849.567822,15801.011714,6458.64596,0.0,0.0,0.0,Flying,Descending,2061,0,0,-0.0,0.0,-75.435791,,,
Movement,20/5/2024,16:14:48,204.522556,62081.126812,14963.263846,5949.30816,0.0,0.0,0.0,Flying,Descending,2093,0,0,-0.0,0.0,-78.821198,,,
Movement,20/5/2024,16:14:49,205.039626,62215.493198,14341.292494,5093.953142,0.0,0.0,0.0,Flying,Descending,2086,0,0,-0.0,0.0,-81.506042,,,
Movement,20/5/2024,16:14:49,205.523555,62257.909576,13813.697054,4242.557841,0.0,0.0,0.0,Flying,Gliding,2032,0,0,-0.0,0.0,-126.015625,,,
Movement,20/5/2024,16:14:50,206.031151,61996.790571,13311.875447,3417.970239,0.0,0.0,0.0,Flying,Gliding,1922,0,0,-0.0,0.0,-149.472122,,,
Dash,20/5/2024,16:14:50,206.279662,61801.317269,13151.64057,3081.874644,0.0,0.0,0.0,,Gliding,1877,0,0,-0.0,0.0,-157.641541,,,
Movement,20/5/2024,16:14:50,206.521533,61528.041077,12996.457123,2696.27199,0.0,0.0,0.0,Flying,Ascending,1825,0,0,-0.0,0.0,-165.802063,,,
Movement,20/5/2024,16:14:51,207.027169,60688.049094,12705.123508,2076.647119,0.0,0.0,0.0,Flying,Ascending,2300,0,0,-0.0,0.0,-162.537918,,,
Movement,20/5/2024,16:14:51,207.530817,59679.647575,12414.990425,1685.869608,0.0,0.0,0.0,Flying,Ascending,2173,0,0,-0.0,0.0,173.387268,,,
Movement,20/5/2024,16:14:52,208.023105,58669.059342,12424.437202,1526.025399,0.0,0.0,0.0,Flying,Ascending,2057,0,0,-0.0,0.0,160.811691,,,
Dash,20/5/2024,16:14:52,208.225448,58317.357908,12508.087629,1528.99667,0.0,0.0,0.0,,Gliding,2018,0,0,-0.0,0.0,175.199203,,,
Movement,20/5/2024,16:14:52,208.533515,57666.344919,12637.064835,1477.464676,0.0,0.0,0.0,Flying,Descending,1992,0,0,-0.0,0.0,-176.641251,,,
Movement,20/5/2024,16:14:53,209.030116,56553.660181,12571.290951,1084.472932,0.0,0.0,0.0,Flying,Ascending,2396,0,0,-0.0,0.0,-129.793625,,,
Movement,20/5/2024,16:14:53,209.527124,55722.889824,11898.919483,852.059969,0.0,0.0,0.0,Flying,Gliding,2261,0,0,-0.0,0.0,-83.28067,,,
Dash,20/5/2024,16:14:53,209.656793,55634.925252,11687.097814,815.963542,0.0,0.0,0.0,,Gliding,2233,0,0,-0.0,0.0,-88.074524,,,
Movement,20/5/2024,16:14:54,210.033957,55465.445985,10828.805203,736.418695,0.0,0.0,0.0,Flying,Ascending,2134,0,0,-0.0,0.0,-101.656342,,,
Movement,20/5/2024,16:14:54,210.520889,55232.988467,9671.719294,814.206451,0.0,0.0,0.0,Flying,Ascending,2384,0,0,-0.0,0.0,-114.36441,,,
Movement,20/5/2024,16:14:55,211.036481,54880.292158,8593.653807,1105.595264,0.0,0.0,0.0,Flying,Descending,2092,0,0,-0.0,0.0,-96.464417,,,
Movement,20/5/2024,16:14:55,211.525858,54682.665961,7626.86473,1253.93483,0.0,0.0,0.0,Flying,Gliding,1997,0,0,-0.0,0.0,-96.464417,,,

Movement,20/5/2024,16:14:56,212.027298,54559.829692,6658.265941,1312.486358,0.0,0.0,0.0,Flying,Gliding,1893,0,0,-0.0,0.0,-96.904358,,,
Dash,20/5/2024,16:14:56,212.057033,54559.829692,6658.265941,1312.486358,0.0,0.0,0.0,,Gliding,1893,0,0,-0.0,0.0,-96.904358,,,
Movement,20/5/2024,16:14:56,212.529808,54428.860113,5705.883239,1335.853155,0.0,0.0,0.0,Flying,Descending,2098,0,0,-0.0,0.0,-106.782684,,,
Movement,20/5/2024,16:14:57,213.047401,54153.626819,4667.736797,1285.709051,0.0,0.0,0.0,Flying,Ascending,2021,0,0,-0.0,0.0,-119.586456,,,
Movement,20/5/2024,16:14:57,213.524014,53740.084336,3849.125858,1383.969075,0.0,0.0,0.0,Flying,Ascending,1919,0,0,-0.0,0.0,-129.640045,,,
Movement,20/5/2024,16:14:58,214.027979,53236.216236,3171.561875,1790.513023,0.0,0.0,0.0,Flying,Ascending,1820,0,0,-0.0,0.0,-129.490189,,,
Movement,20/5/2024,16:14:58,214.54828,52740.175921,2502.200998,2239.81661,0.0,0.0,0.0,Flying,Descending,1763,0,0,-0.0,0.0,-100.580872,,,
Movement,20/5/2024,16:14:59,215.034221,52546.134234,1728.274952,2376.255516,0.0,0.0,0.0,Flying,Gliding,1742,0,0,-0.0,0.0,-82.383545,,,
Dash,20/5/2024,16:14:59,215.058672,52546.134234,1728.274952,2376.255516,0.0,0.0,0.0,,Gliding,1742,0,0,-0.0,0.0,-82.383545,,,
Movement,20/5/2024,16:14:59,215.546809,52489.553516,830.147849,2416.382777,0.0,0.0,0.0,Flying,Gliding,2236,0,0,-0.0,0.0,-140.849335,,,
Movement,20/5/2024,16:15:0,216.047387,51809.461551,36.97735,2588.468118,0.0,0.0,0.0,Flying,Gliding,2108,0,0,-0.0,0.0,165.118927,,,
Movement,20/5/2024,16:15:0,216.539305,50803.261905,-48.204542,2650.154517,0.0,0.0,0.0,Flying,Descending,2068,0,0,-0.0,0.0,151.44249,,,
Dash,20/5/2024,16:15:1,217.002562,50066.880844,140.272425,2231.852917,0.0,0.0,0.0,,Gliding,2031,0,0,-0.0,0.0,166.927032,,,
Movement,20/5/2024,16:15:1,217.03229,49981.024694,164.493093,2150.190838,0.0,0.0,0.0,Flying,Gliding,2018,0,0,-0.0,0.0,166.451477,,,
Movement,20/5/2024,16:15:1,217.548524,49099.452269,397.432484,1613.185969,0.0,0.0,0.0,Flying,Ascending,2480,0,0,-0.0,0.0,165.289444,,,
Dash,20/5/2024,16:15:1,217.716343,48783.556116,479.891363,1539.360811,0.0,0.0,0.0,,Gliding,2441,0,0,-0.0,0.0,165.289444,,,
Movement,20/5/2024,16:15:2,218.029026,47994.070099,687.456142,1455.736945,0.0,0.0,0.0,Flying,Ascending,2346,0,0,-0.0,0.0,164.48851,,,
Movement,20/5/2024,16:15:2,218.539803,46807.118133,1009.272865,1581.819742,0.0,0.0,0.0,Flying,Gliding,2417,0,0,-0.0,0.0,164.498337,,,
Dash,20/5/2024,16:15:2,218.732971,46460.492445,1104.703607,1628.441878,0.0,0.0,0.0,,Gliding,2093,0,0,-0.0,0.0,164.725769,,,
Movement,20/5/2024,16:15:3,219.048764,45680.119599,1314.141437,1566.321697,0.0,0.0,0.0,Flying,Gliding,2048,0,0,-0.0,0.0,173.831406,,,
Dash,20/5/2024,16:15:3,219.36103,45148.319553,1426.670245,1448.758707,0.0,0.0,0.0,,Gliding,2463,0,0,-0.0,0.0,176.213455,,,
Movement,20/5/2024,16:15:3,219.536668,44651.699626,1504.740123,1356.46804,0.0,0.0,0.0,Flying,Gliding,2403,0,0,-0.0,0.0,176.213455,,,
Dash,20/5/2024,16:15:3,219.854332,43994.113597,1576.090036,1266.343198,0.0,0.0,0.0,,Gliding,2327,0,0,-0.0,0.0,176.213455,,,
Movement,20/5/2024,16:15:4,220.022467,43516.476419,1615.340289,1214.12069,0.0,0.0,0.0,Flying,Gliding,2482,0,0,-0.0,0.0,176.213455,,,
Movement,20/5/2024,16:15:4,220.522624,42316.494618,1700.234335,1097.709825,0.0,0.0,0.0,Flying,Gliding,2343,0,0,-0.0,0.0,176.215103,,,
Movement,20/5/2024,16:15:5,221.034388,41087.978176,1779.502052,1007.86195,0.0,0.0,0.0,Flying,Gliding,2408,0,0,-0.0,0.0,176.677536,,,
Movement,20/5/2024,16:15:5,221.530153,39933.876699,1848.413349,995.746014,0.0,0.0,0.0,Flying,Gliding,2276,0,0,-0.0,0.0,176.677536,,,

Movement,20/5/2024,16:15:6,222.021289,38830.708386,1912.706216,1005.273431,0.0,0.0,0.0,Flying,Gliding,2185,0,0,-0.0,0.0,176.677536,,,
Movement,20/5/2024,16:15:6,222.532341,37750.224249,1975.450234,1017.577192,0.0,0.0,0.0,Flying,Gliding,2074,0,0,-0.0,0.0,176.677536,,,
Movement,20/5/2024,16:15:7,223.051364,36701.859817,1961.923214,1029.844891,0.0,0.0,0.0,Flying,Gliding,1960,0,0,-0.0,0.0,-141.246262,,,
Movement,20/5/2024,16:15:7,223.531947,35927.134736,1487.268545,1031.597648,0.0,0.0,0.0,Flying,Gliding,1856,0,0,-0.0,0.0,-86.623566,,,
Movement,20/5/2024,16:15:8,224.024234,35775.063001,660.645837,1000.77566,0.0,0.0,0.0,Flying,Gliding,1762,0,0,-0.0,0.0,-67.142517,,,
Movement,20/5/2024,16:15:8,224.533247,35960.725578,-192.625425,997.564914,0.0,0.0,0.0,Flying,Gliding,1673,0,0,-0.0,0.0,-83.967224,,,
Movement,20/5/2024,16:15:9,225.045422,36069.470547,-1020.776399,1065.509203,0.0,0.0,0.0,Flying,Descending,1633,0,0,-0.0,0.0,-86.687866,,,
Movement,20/5/2024,16:15:9,225.525614,36031.816316,-1780.587137,977.887845,0.0,0.0,0.0,Flying,Ascending,1562,0,0,-0.0,0.0,-121.762314,,,
Movement,20/5/2024,16:15:10,226.034774,35713.715397,-2480.330738,997.674164,0.0,0.0,0.0,Flying,Ascending,1456,0,0,-0.0,0.0,-121.762314,,,
Movement,20/5/2024,16:15:10,226.533415,35373.839303,-3045.980893,1054.502736,0.0,0.0,0.0,Flying,Ascending,1221,0,0,-0.0,0.0,-121.762314,,,
Movement,20/5/2024,16:15:11,227.030578,35079.083142,-3513.2303,1105.69653,0.0,0.0,0.0,Flying,Gliding,1034,0,0,-0.0,0.0,-133.605499,,,
Movement,20/5/2024,16:15:11,227.535763,34745.898427,-3855.815841,1154.544254,0.0,0.0,0.0,Flying,Gliding,881,0,0,-0.0,0.0,-148.834335,,,
Movement,20/5/2024,16:15:12,228.037325,34399.509248,-4083.452538,1191.740106,0.0,0.0,0.0,Braking,Descending,811,0,0,-0.0,0.0,-147.433334,,,
Movement,20/5/2024,16:15:12,228.543636,34143.14059,-4244.833032,1188.550153,0.0,0.0,0.0,Flying,Descending,440,0,0,-0.0,0.0,-147.270721,,,
Movement,20/5/2024,16:15:13,229.021287,33960.581464,-4361.694554,1171.595827,0.0,0.0,0.0,Flying,Descending,493,0,0,-0.0,0.0,-142.094727,,,
Movement,20/5/2024,16:15:13,229.543903,33782.413639,-4488.097444,1006.776824,0.0,0.0,0.0,Flying,Descending,644,0,0,-0.0,0.0,-141.875732,,,
Movement,20/5/2024,16:15:14,230.021762,33712.330242,-4541.554573,821.503498,0.0,0.0,0.0,Walking,Descending,0,0,0,0.0,0.0,-141.875732,,,
Movement,20/5/2024,16:15:14,230.529963,33712.330242,-4541.554573,821.503498,0.0,0.0,0.0,Walking,Descending,0,0,0,0.0,0.0,-141.875732,,,
Movement,20/5/2024,16:15:15,231.038195,33712.330242,-4541.554573,821.503498,0.0,0.0,0.0,Walking,Descending,0,0,0,0.0,0.0,-141.875732,,,
Movement,20/5/2024,16:15:15,231.537891,33712.330242,-4541.554573,821.503498,0.0,0.0,0.0,Walking,Descending,0,0,0,0.0,0.0,-141.875732,,,

Movement,20/5/2024,16:15:16,232.033819,33712.330242,-4541.554573,821.503498,0.0,0.0,0.0,Walking,Descending,0,0,0,0.0,0.0,-141.875732,,,
Movement,20/5/2024,16:15:16,232.538167,33712.330242,-4541.554573,821.503498,0.0,0.0,0.0,Walking,Descending,0,0,0,0.0,0.0,-141.875732,,,
Movement,20/5/2024,16:15:17,233.038072,33712.330242,-4541.554573,821.503498,0.0,0.0,0.0,Walking,Descending,0,0,0,0.0,0.0,-141.875732,,,
Movement,20/5/2024,16:15:17,233.539188,33705.201292,-4550.664092,822.682683,0.0,0.0,0.0,Walking,Descending,79,0,0,0.0,0.0,-130.490601,,,
Movement,20/5/2024,16:15:18,234.023395,33630.093748,-4610.629143,828.011513,0.0,0.0,0.0,Walking,Descending,239,0,0,0.0,0.0,-145.933334,,,
Movement,20/5/2024,16:15:18,234.536288,33520.520976,-4663.35797,817.809914,0.0,0.0,0.0,Walking,Descending,240,0,0,0.0,0.0,-161.542191,,,
Movement,20/5/2024,16:15:19,235.031953,33407.418448,-4701.575253,812.009231,0.0,0.0,0.0,Walking,Descending,239,0,0,0.0,0.0,-161.552689,,,
Movement,20/5/2024,16:15:19,235.52205,33274.740073,-4746.125024,957.867755,0.0,0.0,0.0,Flying,Ascending,599,0,0,0.0,0.0,-161.074219,,,
Dash,20/5/2024,16:15:19,235.642352,33223.270611,-4763.841013,966.992263,0.0,0.0,0.0,,Gliding,600,0,0,0.0,0.0,-161.076523,,,
Dash,20/5/2024,16:15:19,235.847927,33108.482983,-4803.254423,985.721788,0.0,0.0,0.0,,Gliding,599,0,0,0.0,0.0,-161.11879,,,
Movement,20/5/2024,16:15:20,236.037553,33001.758364,-4839.456002,1045.25605,0.0,0.0,0.0,Flying,Gliding,599,0,0,0.0,0.0,-162.05864,,,
Dash,20/5/2024,16:15:20,236.168447,32913.837362,-4868.591033,1109.023081,0.0,0.0,0.0,,Gliding,1192,0,0,0.0,0.0,-162.606216,,,
Dash,20/5/2024,16:15:20,236.443152,32631.65526,-4957.955574,1247.914785,0.0,0.0,0.0,,Gliding,1206,0,0,0.0,0.0,-164.031052,,,
Movement,20/5/2024,16:15:20,236.543828,32486.87247,-5001.569154,1269.495624,0.0,0.0,0.0,Flying,Descending,1218,0,0,0.0,0.0,-164.232819,,,
Movement,20/5/2024,16:15:21,237.046115,31774.210816,-5207.230323,1127.119532,0.0,0.0,0.0,Flying,Descending,1839,0,0,0.0,0.0,-164.532425,,,
Dash,20/5/2024,16:15:21,237.10727,31719.524645,-5222.574759,1110.459224,0.0,0.0,0.0,,Gliding,1832,0,0,0.0,0.0,-164.796143,,,
Movement,20/5/2024,16:15:21,237.545281,30920.433887,-5439.209558,980.197679,0.0,0.0,0.0,Flying,Gliding,1746,0,0,0.0,0.0,-165.322144,,,
Dash,20/5/2024,16:15:21,237.577653,30920.433887,-5439.209558,980.197679,0.0,0.0,0.0,,Gliding,1746,0,0,0.0,0.0,-165.322144,,,
Movement,20/5/2024,16:15:22,238.034112,29880.736904,-5712.842046,941.368401,0.0,0.0,0.0,Flying,Gliding,2225,0,0,0.0,0.0,-165.322144,,,
Dash,20/5/2024,16:15:22,238.063525,29880.736904,-5712.842046,941.368401,0.0,0.0,0.0,,Gliding,2225,0,0,0.0,0.0,-165.322144,,,
Movement,20/5/2024,16:15:22,238.526607,28795.699272,-5997.20264,915.609267,0.0,0.0,0.0,Flying,Gliding,2460,0,0,0.0,0.0,-165.322144,,,
Dash,20/5/2024,16:15:22,238.724694,28386.082287,-6104.501738,906.509503,0.0,0.0,0.0,,Gliding,2411,0,0,0.0,0.0,-165.322144,,,
Movement,20/5/2024,16:15:23,239.029852,27620.126596,-6305.130111,889.659861,0.0,0.0,0.0,Flying,Gliding,2320,0,0,0.0,0.0,-165.322144,,,
Dash,20/5/2024,16:15:23,239.332218,26971.878948,-6474.926919,875.400218,0.0,0.0,0.0,,Gliding,2455,0,0,0.0,0.0,-165.323196,,,
Movement,20/5/2024,16:15:23,239.539833,26402.512944,-6623.457917,863.524672,0.0,0.0,0.0,Flying,Gliding,2387,0,0,0.0,0.0,-165.789078,,,
Dash,20/5/2024,16:15:23,239.699783,26118.084043,-6695.840822,860.113078,0.0,0.0,0.0,,Gliding,2353,0,0,0.0,0.0,-166.685791,,,
Movement,20/5/2024,16:15:24,240.033485,25269.713286,-6896.435906,902.418512,0.0,0.0,0.0,Flying,Ascending,2469,0,0,0.0,0.0,-168.345901,,,
Dash,20/5/2024,16:15:24,240.092392,25199.069,-6912.177705,910.541249,0.0,0.0,0.0,,Gliding,2460,0,0,0.0,0.0,-168.345901,,,
Dash,20/5/2024,16:15:24,240.388643,24506.569236,-7061.097468,1011.986411,0.0,0.0,0.0,,Gliding,2378,0,0,0.0,0.0,-168.345901,,,
Movement,20/5/2024,16:15:24,240.526502,24127.338863,-7140.375383,1076.042725,0.0,0.0,0.0,Flying,Ascending,2333,0,0,0.0,0.0,-168.345901,,,
Movement,20/5/2024,16:15:25,241.045325,22908.875462,-7392.538931,1291.195045,0.0,0.0,0.0,Flying,Ascending,2396,0,0,0.0,0.0,-168.345901,,,
Movement,20/5/2024,16:15:25,241.522504,21815.207321,-7618.156547,1475.884555,0.0,0.0,0.0,Flying,Descending,2098,0,0,0.0,0.0,-168.342865,,,
Dash,20/5/2024,16:15:25,241.550227,21815.207321,-7618.156547,1475.884555,0.0,0.0,0.0,,Gliding,2098,0,0,0.0,0.0,-168.342865,,,

Movement,20/5/2024,16:15:26,242.032359,20778.457238,-7832.291622,1417.162583,0.0,0.0,0.0,Flying,Descending,2072,0,0,0.0,0.0,-168.280258,,,
Movement,20/5/2024,16:15:26,242.538538,19772.190403,-8040.975932,1121.422427,0.0,0.0,0.0,Flying,Gliding,2072,0,0,0.0,0.0,-168.135193,,,
Movement,20/5/2024,16:15:27,243.044005,18784.532124,-8250.459666,911.406192,0.0,0.0,0.0,Flying,Gliding,1960,0,0,0.0,0.0,-167.788574,,,
Movement,20/5/2024,16:15:27,243.539941,17878.454061,-8445.98243,824.701311,0.0,0.0,0.0,Flying,Gliding,1862,0,0,0.0,0.0,-167.788574,,,
Movement,20/5/2024,16:15:28,244.029529,17011.792034,-8633.490695,753.339861,0.0,0.0,0.0,Flying,Gliding,1770,0,0,0.0,0.0,-167.788574,,,
Movement,20/5/2024,16:15:28,244.536289,16197.257141,-8897.224661,683.657687,0.0,0.0,0.0,Flying,Gliding,1682,0,0,0.0,0.0,-129.32869,,,
Movement,20/5/2024,16:15:29,245.038685,15729.518014,-9561.678453,583.385376,0.0,0.0,0.0,Flying,Gliding,1619,0,0,0.0,0.0,-93.066711,,,
Dash,20/5/2024,16:15:29,245.460055,15634.277826,-10165.29252,487.137985,0.0,0.0,0.0,,Gliding,1559,0,0,0.0,0.0,-94.77063,,,
Movement,20/5/2024,16:15:29,245.531015,15618.828149,-10318.981557,468.343314,0.0,0.0,0.0,Flying,Ascending,1544,0,0,0.0,0.0,-96.798706,,,
Dash,20/5/2024,16:15:30,245.953687,15545.586955,-10918.025958,586.067533,0.0,0.0,0.0,,Gliding,2084,0,0,0.0,0.0,-97.79718,,,
Movement,20/5/2024,16:15:30,246.02702,15523.994343,-11095.599887,681.69783,0.0,0.0,0.0,Flying,Gliding,2061,0,0,0.0,0.0,-94.42099,,,
Dash,20/5/2024,16:15:30,246.415414,15445.46548,-11757.676035,994.499647,0.0,0.0,0.0,,Gliding,2020,0,0,0.0,0.0,-97.020325,,,
Movement,20/5/2024,16:15:30,246.540101,15411.193546,-12051.095011,1050.158551,0.0,0.0,0.0,Flying,Gliding,2009,0,0,0.0,0.0,-96.488464,,,
Dash,20/5/2024,16:15:31,247.045228,15328.199681,-13156.545988,1213.279055,0.0,0.0,0.0,,Gliding,2405,0,0,0.0,0.0,-90.712708,,,
Movement,20/5/2024,16:15:31,247.045228,15325.723812,-13220.314961,1229.329903,0.0,0.0,0.0,Flying,Gliding,2398,0,0,0.0,0.0,-90.712708,,,
Movement,20/5/2024,16:15:31,247.543427,15408.020762,-14378.651455,1515.08173,0.0,0.0,0.0,Flying,Gliding,2475,0,0,0.0,0.0,-77.222473,,,
Dash,20/5/2024,16:15:31,247.752754,15485.748831,-14805.795442,1588.756604,0.0,0.0,0.0,,Gliding,2424,0,0,0.0,0.0,-77.430573,,,
Movement,20/5/2024,16:15:32,248.027085,15636.09229,-15498.22903,1724.991035,0.0,0.0,0.0,Flying,Ascending,2342,0,0,0.0,0.0,-67.930908,,,
Movement,20/5/2024,16:15:32,248.53762,16146.596604,-16565.435732,2098.890301,0.0,0.0,0.0,Flying,Gliding,2398,0,0,0.0,0.0,-10.328766,,,
Movement,20/5/2024,16:15:33,249.039584,17126.527184,-17039.126968,2518.527207,0.0,0.0,0.0,Flying,Ascending,2481,0,0,0.0,0.0,7.766942,,,
Movement,20/5/2024,16:15:33,249.538323,18182.808571,-17123.387412,3062.668059,0.0,0.0,0.0,Flying,Gliding,2341,0,0,0.0,0.0,-15.483887,,,
Movement,20/5/2024,16:15:34,250.033277,19007.601566,-17286.025698,3699.298502,0.0,0.0,0.0,Flying,Gliding,2065,0,0,0.0,0.0,-17.260254,,,
Movement,20/5/2024,16:15:34,250.544709,19919.286612,-17549.128613,4116.288401,0.0,0.0,0.0,Flying,Descending,2000,0,0,0.0,0.0,-16.959351,,,
Movement,20/5/2024,16:15:35,251.027914,20835.893954,-17784.275578,4145.879124,0.0,0.0,0.0,Flying,Gliding,1945,0,0,0.0,0.0,-8.948517,,,
Dash,20/5/2024,16:15:35,251.106561,20933.376399,-17804.067461,4130.16176,0.0,0.0,0.0,,Gliding,1934,0,0,0.0,0.0,-8.948517,,,
Movement,20/5/2024,16:15:35,251.538228,21770.930771,-17969.054858,4034.030484,0.0,0.0,0.0,Flying,Descending,1851,0,0,0.0,0.0,-13.35614,,,

Movement,20/5/2024,16:15:36,252.024751,22757.02721,-18197.687658,3839.658935,0.0,0.0,0.0,Flying,Gliding,2059,0,0,0.0,0.0,-19.76532,,,
Movement,20/5/2024,16:15:36,252.528821,23596.532791,-18492.624518,3398.783045,0.0,0.0,0.0,Flying,Ascending,1951,0,0,0.0,0.0,-34.696106,,,
Movement,20/5/2024,16:15:37,253.048521,24430.767162,-18981.238782,3376.741041,0.0,0.0,0.0,Flying,Ascending,1844,0,0,0.0,0.0,-34.271851,,,
Movement,20/5/2024,16:15:37,253.520466,25096.949438,-19417.957151,3662.890902,0.0,0.0,0.0,Flying,Ascending,1757,0,0,0.0,0.0,-19.775818,,,
Movement,20/5/2024,16:15:38,254.028355,25776.80693,-19668.791101,4121.625771,0.0,0.0,0.0,Flying,Ascending,1668,0,0,0.0,0.0,10.205121,,,
Dash,20/5/2024,16:15:38,254.440179,26164.526525,-19668.800404,4621.255613,0.0,0.0,0.0,,Gliding,1605,0,0,0.0,0.0,10.632456,,,
Movement,20/5/2024,16:15:38,254.542472,26277.237856,-19650.903317,4787.234859,0.0,0.0,0.0,Flying,Gliding,1585,0,0,0.0,0.0,12.082664,,,
Movement,20/5/2024,16:15:39,255.032775,26981.465391,-19491.54946,5257.406938,0.0,0.0,0.0,Flying,Gliding,2080,0,0,0.0,0.0,21.280001,,,
Movement,20/5/2024,16:15:39,255.520872,27783.251089,-19036.654944,5564.556359,0.0,0.0,0.0,Flying,Gliding,1974,0,0,0.0,0.0,49.238743,,,
Movement,20/5/2024,16:15:40,256.025321,28420.451907,-18365.49333,5844.485151,0.0,0.0,0.0,Flying,Gliding,1872,0,0,0.0,0.0,55.584675,,,
Movement,20/5/2024,16:15:40,256.542907,28900.705073,-17706.371448,6294.700609,0.0,0.0,0.0,Flying,Ascending,1773,0,0,0.0,0.0,55.974262,,,
Movement,20/5/2024,16:15:41,257.023125,29158.855326,-17308.974994,6975.124265,0.0,0.0,0.0,Flying,Ascending,1689,0,0,0.0,0.0,61.935402,,,
Movement,20/5/2024,16:15:41,257.539818,29297.140572,-16909.551938,7702.443466,0.0,0.0,0.0,Flying,Ascending,1606,0,0,0.0,0.0,109.192398,,,
Dash,20/5/2024,16:15:41,257.769698,29272.183162,-16748.860427,7984.85001,0.0,0.0,0.0,,Gliding,1575,0,0,0.0,0.0,129.150864,,,
Movement,20/5/2024,16:15:42,258.037413,29178.587792,-16539.950479,8381.548528,0.0,0.0,0.0,Flying,Ascending,1531,0,0,0.0,0.0,118.980698,,,
Movement,20/5/2024,16:15:42,258.528291,29014.727099,-16110.008974,9181.615996,0.0,0.0,0.0,Flying,Ascending,2033,0,0,0.0,0.0,88.019508,,,
Dash,20/5/2024,16:15:42,258.59958,29007.163405,-16061.359362,9266.922912,0.0,0.0,0.0,,Gliding,2023,0,0,0.0,0.0,84.159111,,,
Movement,20/5/2024,16:15:43,259.035673,29083.276776,-15622.634234,10052.984935,0.0,0.0,0.0,Flying,Ascending,1925,0,0,0.0,0.0,36.85714,,,
Movement,20/5/2024,16:15:43,259.530219,29624.211183,-15280.212431,11042.447103,0.0,0.0,0.0,Flying,Descending,2098,0,0,0.0,0.0,-19.018127,,,
Movement,20/5/2024,16:15:44,260.029062,30390.652908,-15545.919608,11690.331632,0.0,0.0,0.0,Flying,Descending,2075,0,0,0.0,0.0,-38.591095,,,
Movement,20/5/2024,16:15:44,260.520543,31169.566744,-16119.199666,11934.055525,0.0,0.0,0.0,Flying,Descending,2054,0,0,0.0,0.0,-38.532715,,,
Movement,20/5/2024,16:15:45,261.029803,31983.219696,-16767.007999,11931.958658,0.0,0.0,0.0,Flying,Descending,2036,0,0,0.0,0.0,-38.868744,,,
Movement,20/5/2024,16:15:45,261.541768,32756.00211,-17386.311599,11643.916439,0.0,0.0,0.0,Flying,Descending,2020,0,0,0.0,0.0,-38.868744,,,
Dash,20/5/2024,16:15:46,261.92472,33267.339945,-17795.340749,11339.296207,0.0,0.0,0.0,,Gliding,1994,0,0,0.0,0.0,-35.889587,,,

Movement,20/5/2024,16:15:46,262.023242,33460.288194,-17937.537572,11230.544126,0.0,0.0,0.0,Flying,Ascending,1965,0,0,0.0,0.0,-31.483337,,,
Movement,20/5/2024,16:15:46,262.54701,34386.886396,-18510.467315,11111.130335,0.0,0.0,0.0,Flying,Gliding,2443,0,0,0.0,0.0,-30.392731,,,
Movement,20/5/2024,16:15:47,263.055696,35268.56842,-19101.497502,10925.93356,0.0,0.0,0.0,Flying,Gliding,2064,0,0,0.0,0.0,-52.549774,,,
Movement,20/5/2024,16:15:47,263.526393,35806.814047,-19821.413225,10646.385452,0.0,0.0,0.0,Flying,Gliding,1961,0,0,0.0,0.0,-66.399017,,,
Movement,20/5/2024,16:15:48,264.040114,36214.87846,-20684.808428,10519.400039,0.0,0.0,0.0,Flying,Gliding,1860,0,0,0.0,0.0,-67.714661,,,
Dash,20/5/2024,16:15:48,264.505383,36527.29499,-21422.791488,10490.49953,0.0,0.0,0.0,,Gliding,1785,0,0,0.0,0.0,-67.796303,,,
Movement,20/5/2024,16:15:48,264.528597,36559.050518,-21499.60662,10499.545689,0.0,0.0,0.0,Flying,Ascending,1777,0,0,0.0,0.0,-67.796303,,,
Movement,20/5/2024,16:15:49,265.027428,36886.687382,-22344.755621,10701.178821,0.0,0.0,0.0,Flying,Ascending,2279,0,0,0.0,0.0,-76.318115,,,
Movement,20/5/2024,16:15:49,265.536948,37160.406846,-23244.315985,11300.274083,0.0,0.0,0.0,Flying,Ascending,2151,0,0,0.0,0.0,-76.194763,,,
Movement,20/5/2024,16:15:50,266.026621,37378.983453,-23915.141692,12041.176606,0.0,0.0,0.0,Flying,Gliding,2038,0,0,0.0,0.0,-57.706024,,,
Dash,20/5/2024,16:15:50,266.403042,37627.896396,-24397.000698,12479.710136,0.0,0.0,0.0,,Gliding,1963,0,0,0.0,0.0,-61.645599,,,
Movement,20/5/2024,16:15:50,266.535784,37749.068398,-24610.399396,12656.963044,0.0,0.0,0.0,Flying,Gliding,1931,0,0,0.0,0.0,-61.645599,,,
Movement,20/5/2024,16:15:51,267.039354,38168.880744,-25364.764503,13284.13039,0.0,0.0,0.0,Flying,Gliding,2413,0,0,0.0,0.0,-62.068756,,,
Movement,20/5/2024,16:15:51,267.528419,38594.162826,-26163.598622,13837.252455,0.0,0.0,0.0,Flying,Descending,2076,0,0,0.0,0.0,-64.369934,,,
Movement,20/5/2024,16:15:52,268.039775,39036.594717,-27084.729908,14058.499743,0.0,0.0,0.0,Flying,Descending,2053,0,0,0.0,0.0,-67.1026,,,
Movement,20/5/2024,16:15:52,268.529202,39427.513497,-27990.330385,13975.195275,0.0,0.0,0.0,Flying,Gliding,2003,0,0,0.0,0.0,-69.066193,,,
Movement,20/5/2024,16:15:53,269.040669,39744.486434,-28925.822118,13890.340968,0.0,0.0,0.0,Flying,Ascending,1896,0,0,0.0,0.0,-91.386871,,,
Movement,20/5/2024,16:15:53,269.520834,39842.799011,-29803.702299,13965.310692,0.0,0.0,0.0,Flying,Ascending,1803,0,0,0.0,0.0,-63.593658,,,
Movement,20/5/2024,16:15:54,270.038847,40225.710075,-30591.74695,14111.112158,0.0,0.0,0.0,Flying,Gliding,1707,0,0,0.0,0.0,-4.746155,,,
Movement,20/5/2024,16:15:54,270.537434,41001.599506,-30776.806642,14225.211199,0.0,0.0,0.0,Flying,Descending,1662,0,0,0.0,0.0,51.816216,,,
Movement,20/5/2024,16:15:55,271.02631,41580.599082,-30251.453919,14253.970638,0.0,0.0,0.0,Flying,Descending,1654,0,0,0.0,0.0,107.274139,,,
Movement,20/5/2024,16:15:55,271.548771,41450.870206,-29438.810248,14183.940422,0.0,0.0,0.0,Flying,Descending,1648,0,0,0.0,0.0,166.542755,,,

Movement,20/5/2024,16:15:56,272.037684,40761.887222,-29105.830562,14027.998895,0.0,0.0,0.0,Flying,Gliding,1628,0,0,0.0,0.0,-178.878021,,,
Movement,20/5/2024,16:15:56,272.526363,40009.015275,-28980.575995,13903.741402,0.0,0.0,0.0,Flying,Ascending,1551,0,0,0.0,0.0,126.014954,,,
Dash,20/5/2024,16:15:57,272.927463,39546.629415,-28661.930478,13958.704883,0.0,0.0,0.0,,Gliding,1482,0,0,0.0,0.0,125.537407,,,
Movement,20/5/2024,16:15:57,273.044874,39411.74423,-28510.647529,14002.517081,0.0,0.0,0.0,Flying,Ascending,1417,0,0,0.0,0.0,108.257957,,,
Movement,20/5/2024,16:15:57,273.540184,39147.952174,-27845.030243,14189.348651,0.0,0.0,0.0,Flying,Descending,1847,0,0,0.0,0.0,103.396637,,,
Movement,20/5/2024,16:15:58,274.028817,38869.888991,-26992.99076,14201.16524,0.0,0.0,0.0,Flying,Descending,1839,0,0,0.0,0.0,125.461334,,,
Dash,20/5/2024,16:15:58,274.062936,38869.888991,-26992.99076,14201.16524,0.0,0.0,0.0,,Gliding,1839,0,0,0.0,0.0,125.461334,,,
Movement,20/5/2024,16:15:58,274.541365,38485.128622,-26169.605705,13952.560305,0.0,0.0,0.0,Flying,Gliding,2340,0,0,0.0,0.0,107.061531,,,
Movement,20/5/2024,16:15:59,275.027961,38133.077603,-25121.965884,13907.117945,0.0,0.0,0.0,Flying,Ascending,2214,0,0,0.0,0.0,107.220215,,,
Dash,20/5/2024,16:15:59,275.275359,37992.52111,-24674.165957,13951.467822,0.0,0.0,0.0,,Gliding,2162,0,0,0.0,0.0,107.220215,,,
Movement,20/5/2024,16:15:59,275.546044,37804.527992,-24072.7008,14019.580881,0.0,0.0,0.0,Flying,Gliding,2092,0,0,0.0,0.0,107.593666,,,
Movement,20/5/2024,16:16:0,276.025415,37465.451536,-22997.594859,14002.267808,0.0,0.0,0.0,Flying,Gliding,2414,0,0,0.0,0.0,107.593666,,,
Movement,20/5/2024,16:16:0,276.528927,37112.954078,-21885.441793,13928.609762,0.0,0.0,0.0,Flying,Gliding,2280,0,0,0.0,0.0,107.681557,,,
Movement,20/5/2024,16:16:1,277.037047,36769.798777,-20817.929014,13858.122668,0.0,0.0,0.0,Flying,Gliding,2155,0,0,0.0,0.0,108.923767,,,
Movement,20/5/2024,16:16:1,277.537337,36432.621945,-19826.967747,13826.621269,0.0,0.0,0.0,Flying,Ascending,2040,0,0,0.0,0.0,111.880852,,,
Movement,20/5/2024,16:16:2,278.028589,36130.995418,-18892.666672,13844.330843,0.0,0.0,0.0,Flying,Gliding,1934,0,0,0.0,0.0,74.887115,,,
Movement,20/5/2024,16:16:2,278.521468,36270.829796,-17988.425496,13845.539281,0.0,0.0,0.0,Flying,Descending,1885,0,0,0.0,0.0,18.672613,,,
Hit,20/5/2024,16:16:2,278.761582,36575.971062,-17682.936781,13806.845228,0.0,0.0,0.0,Collision,Gliding,0,0,0,0.0,0.0,-8.708221,,,
Movement,20/5/2024,16:16:3,279.023919,36629.843593,-17884.571615,13804.599991,0.0,0.0,0.0,Collision,Gliding,766,0,0,0.0,0.0,-8.708221,,,
Movement,20/5/2024,16:16:3,279.538912,36730.128983,-17993.331258,13721.415663,0.0,0.0,0.0,Walking,Gliding,854,0,0,0.0,0.0,66.526787,,,
Dash,20/5/2024,16:16:3,279.842373,36767.62562,-17958.443606,13893.693551,0.0,0.0,0.0,,Gliding,755,0,0,0.0,0.0,5.871266,,,
Movement,20/5/2024,16:16:4,280.031045,36787.621704,-17960.197588,14042.030216,0.0,0.0,0.0,Flying,Ascending,667,0,0,0.0,0.0,9.127798,,,
Dash,20/5/2024,16:16:4,280.103471,36793.512677,-17960.494987,14073.64105,0.0,0.0,0.0,,Gliding,646,0,0,0.0,0.0,10.700909,,,
Dash,20/5/2024,16:16:4,280.381414,36922.044883,-17943.960233,14236.820971,0.0,0.0,0.0,,Gliding,1126,0,0,0.0,0.0,13.855208,,,
Movement,20/5/2024,16:16:4,280.547426,37054.925297,-17918.804834,14400.933823,0.0,0.0,0.0,Flying,Descending,1089,0,0,0.0,0.0,13.145991,,,
Movement,20/5/2024,16:16:5,281.03242,37450.475487,-17843.367011,14747.492713,0.0,0.0,0.0,Flying,Descending,1141,0,0,0.0,0.0,11.144073,,,
Movement,20/5/2024,16:16:5,281.540014,38285.21975,-17634.621276,14700.548664,0.0,0.0,0.0,Flying,Descending,1756,0,0,0.0,0.0,20.548973,,,
Dash,20/5/2024,16:16:6,281.977863,38908.008477,-17416.977922,14463.637327,0.0,0.0,0.0,,Gliding,1689,0,0,0.0,0.0,20.845669,,,

Movement,20/5/2024,16:16:6,282.033661,39039.67737,-17367.976342,14456.30746,0.0,0.0,0.0,Flying,Ascending,1675,0,0,0.0,0.0,20.845669,,,
Movement,20/5/2024,16:16:6,282.522895,39853.284262,-17068.39614,14499.851276,0.0,0.0,0.0,Flying,Descending,2092,0,0,0.0,0.0,19.23345,,,
Movement,20/5/2024,16:16:7,283.052965,40884.530684,-16704.494011,14333.213696,0.0,0.0,0.0,Flying,Descending,2056,0,0,0.0,0.0,19.23345,,,
Movement,20/5/2024,16:16:7,283.527877,41758.216875,-16401.348162,14155.62347,0.0,0.0,0.0,Flying,Gliding,1967,0,0,0.0,0.0,18.743776,,,
Movement,20/5/2024,16:16:8,284.040451,42686.654113,-16084.880005,14055.187066,0.0,0.0,0.0,Flying,Gliding,1863,0,0,0.0,0.0,18.743776,,,
Movement,20/5/2024,16:16:8,284.5224,43504.772787,-15807.152506,13983.010769,0.0,0.0,0.0,Flying,Gliding,1773,0,0,0.0,0.0,18.743776,,,
Movement,20/5/2024,16:16:9,285.021954,44322.776637,-15529.572558,13912.382594,0.0,0.0,0.0,Flying,Gliding,1685,0,0,0.0,0.0,18.743776,,,
Dash,20/5/2024,16:16:9,285.498804,45021.847142,-15292.354775,13852.073501,0.0,0.0,0.0,,Gliding,1612,0,0,0.0,0.0,18.743776,,,
Movement,20/5/2024,16:16:9,285.524096,45102.061691,-15265.135321,13845.15336,0.0,0.0,0.0,Flying,Gliding,1604,0,0,0.0,0.0,18.743776,,,
Movement,20/5/2024,16:16:10,286.040928,45920.215772,-14987.508536,13774.570878,0.0,0.0,0.0,Flying,Gliding,2118,0,0,0.0,0.0,18.743776,,,
Movement,20/5/2024,16:16:10,286.527354,46890.482656,-14792.533807,13694.016232,0.0,0.0,0.0,Flying,Gliding,2008,0,0,0.0,0.0,-23.635284,,,
Movement,20/5/2024,16:16:11,287.022185,47713.96048,-15233.272565,13633.142288,0.0,0.0,0.0,Flying,Gliding,1904,0,0,0.0,0.0,-79.986877,,,
Movement,20/5/2024,16:16:11,287.537728,47860.127113,-16146.187376,13604.725534,0.0,0.0,0.0,Flying,Gliding,1805,0,0,0.0,0.0,-109.140671,,,
Dash,20/5/2024,16:16:11,287.633587,47834.960348,-16273.15243,13603.435566,0.0,0.0,0.0,,Gliding,1792,0,0,0.0,0.0,-109.140671,,,
Movement,20/5/2024,16:16:12,288.026631,47562.718416,-16950.811476,13600.78864,0.0,0.0,0.0,Flying,Gliding,1717,0,0,0.0,0.000121,-130.651566,,,
Movement,20/5/2024,16:16:12,288.533633,46996.525756,-17925.676573,13615.684591,0.0,0.0,0.0,Flying,Gliding,2190,0,0,-0.0,0.000121,-98.077301,,,
Movement,20/5/2024,16:16:13,289.024337,46787.43174,-18937.502468,13641.208669,0.0,0.0,0.0,Flying,Gliding,2075,0,0,0.0,0.000121,-72.994965,,,
Dash,20/5/2024,16:16:13,289.378395,46917.652502,-19590.326696,13660.002525,0.0,0.0,0.0,,Gliding,2002,0,0,0.0,0.000121,-63.167999,,,
Movement,20/5/2024,16:16:13,289.539106,47051.981171,-19930.561054,13670.483518,0.0,0.0,0.0,Flying,Gliding,1963,0,0,0.0,0.000121,-66.960815,,,
Dash,20/5/2024,16:16:14,290.035496,47385.031934,-20895.873162,13713.550732,0.0,0.0,0.0,,Gliding,2448,0,0,0.0,0.000121,-75.277466,,,
Movement,20/5/2024,16:16:14,290.035496,47400.668222,-20949.351646,13716.61438,0.0,0.0,0.0,Flying,Gliding,2441,0,0,0.0,0.000121,-75.277466,,,
Dash,20/5/2024,16:16:14,290.267952,47536.703171,-21434.833156,13745.476793,0.0,0.0,0.0,,Gliding,2383,0,0,0.0,0.000121,-75.277466,,,
Dash,20/5/2024,16:16:14,290.470412,47660.246271,-21894.124785,13773.696552,0.0,0.0,0.0,,Gliding,2329,0,0,0.0,0.000121,-75.277466,,,
Movement,20/5/2024,16:16:14,290.536216,47712.637616,-22091.354225,13785.932129,0.0,0.0,0.0,Flying,Gliding,2306,0,0,0.0,0.000121,-75.277466,,,
Movement,20/5/2024,16:16:15,291.032532,48019.897409,-23263.789948,13859.051884,0.0,0.0,0.0,Flying,Gliding,2380,0,0,0.0,0.000121,-82.68335,,,
Movement,20/5/2024,16:16:15,291.53468,48194.548802,-24234.09304,13919.746509,0.0,0.0,0.0,Braking,Gliding,1790,0,0,0.0,0.000121,-139.827225,,,

Movement,20/5/2024,16:16:16,292.02805,48265.44132,-24924.179792,13963.415364,0.0,0.0,0.0,Flying,Gliding,1138,0,0,0.0,0.000121,163.983093,,,
Hit,20/5/2024,16:16:16,292.544599,48249.955936,-25410.706813,13994.450552,0.0,0.0,0.0,Collision,Descending,0,0,0,0.0,0.000121,105.528954,,,
Movement,20/5/2024,16:16:16,292.544599,48249.955936,-25410.706813,13994.450552,0.0,0.0,0.0,Collision,Descending,0,0,0,0.0,0.000121,105.528954,,,
Movement,20/5/2024,16:16:17,293.028417,48159.814249,-25047.953226,13991.874394,0.0,0.0,0.0,Collision,Descending,696,0,0,0.0,0.000121,105.528954,,,
Movement,20/5/2024,16:16:17,293.535065,48084.439021,-24744.623711,13989.720168,0.0,0.0,0.0,Collision,Descending,547,0,0,0.0,0.000121,105.528954,,,
Movement,20/5/2024,16:16:18,294.040647,48026.861677,-24512.917509,13988.074528,0.0,0.0,0.0,Collision,Descending,411,0,0,0.0,0.000121,105.528954,,,
Movement,20/5/2024,16:16:18,294.52322,47992.745292,-24375.624306,13987.099404,0.0,0.0,0.0,Braking,Descending,195,0,0,-0.0,0.000121,67.420341,,,
Movement,20/5/2024,16:16:19,295.042935,47979.146521,-24320.899312,13986.71072,0.0,0.0,0.0,Flying,Hovering,40,0,0,0.0,0.000121,8.10802,,,
Movement,20/5/2024,16:16:19,295.525988,47978.378315,-24317.807853,13986.68876,0.0,0.0,0.0,Flying,Hovering,0,0,0,0.0,0.000121,-47.029877,,,
Movement,20/5/2024,16:16:20,296.038365,47978.378315,-24317.807853,13986.68876,0.0,0.0,0.0,Flying,Hovering,0,0,0,0.0,0.000121,-38.038116,,,
Movement,20/5/2024,16:16:20,296.525985,48156.537312,-24483.159967,14024.006446,0.0,0.0,0.0,Flying,Descending,607,0,0,0.0,0.000121,-55.673004,,,
Dash,20/5/2024,16:16:20,296.756676,48235.932713,-24584.537681,14023.876645,0.0,0.0,0.0,,Gliding,641,0,0,-0.0,0.000121,-71.92218,,,
Movement,20/5/2024,16:16:21,297.046613,48327.078774,-24768.012245,13980.234858,0.0,0.0,0.0,Flying,Descending,695,0,0,0.0,0.000121,-66.798706,,,
Dash,20/5/2024,16:16:21,297.436054,48478.274415,-25097.805469,13822.177692,0.0,0.0,0.0,,Gliding,1299,0,0,-0.0,0.000121,-61.109772,,,
Movement,20/5/2024,16:16:21,297.527523,48542.255976,-25225.418374,13785.663578,0.0,0.0,0.0,Flying,Ascending,1287,0,0,0.0,0.000121,-62.013062,,,
Movement,20/5/2024,16:16:22,298.031447,48847.688252,-25817.957563,13852.376065,0.0,0.0,0.0,Flying,Gliding,1828,0,0,0.0,0.000121,-62.893616,,,
Movement,20/5/2024,16:16:22,298.527318,49246.756682,-26597.992898,13931.631464,0.0,0.0,0.0,Flying,Gliding,1742,0,0,0.0,0.000121,-63.035675,,,
Movement,20/5/2024,16:16:23,299.036642,49624.583596,-27377.724962,13898.849809,0.0,0.0,0.0,Flying,Gliding,1655,0,0,0.0,0.000121,-82.71051,,,
Movement,20/5/2024,16:16:23,299.540936,49616.20488,-28171.471929,13891.203815,0.0,0.0,0.0,Flying,Gliding,1575,0,0,0.0,0.000121,-140.194382,,,
Dash,20/5/2024,16:16:24,300.03585,49064.762001,-28599.446326,13919.368112,0.0,0.0,0.0,,Gliding,1507,0,0,0.0,0.000121,176.795792,,,
Movement,20/5/2024,16:16:24,300.03585,49026.577083,-28608.77814,13921.111377,0.0,0.0,0.0,Flying,Gliding,1503,0,0,0.0,0.000121,176.795792,,,
Movement,20/5/2024,16:16:24,300.538862,48245.962887,-28643.762586,13955.827226,0.0,0.0,0.0,Flying,Gliding,2028,0,0,0.0,0.000121,176.795792,,,
Dash,20/5/2024,16:16:24,300.805765,47768.399256,-28595.431954,13983.825648,0.0,0.0,0.0,,Gliding,1976,0,0,0.0,0.000121,153.774277,,,
Movement,20/5/2024,16:16:25,301.043321,47295.274066,-28408.398929,14088.075798,0.0,0.0,0.0,Flying,Ascending,1920,0,0,0.0,0.000121,125.631973,,,
Movement,20/5/2024,16:16:25,301.541532,46715.281559,-27796.983759,14742.026687,0.0,0.0,0.0,Flying,Ascending,2397,0,0,-0.0,0.000121,130.139465,,,

